date,VOO,KMLM
1993-01-29,100.0000000000,100.0000000000
1993-02-01,100.7111682878,101.3202707305
1993-02-02,100.9245472500,101.6481387822
1993-02-03,101.9914262409,102.0016928547
1993-02-04,102.4181525255,101.5697266612
1993-02-05,102.3469945649,102.4780496361
1993-02-08,102.3469945649,103.2244733810
1993-02-09,101.6357946373,103.5018375879
1993-02-10,101.7781817480,103.4493028058
1993-02-11,102.2758998840,103.4311791077
1993-02-12,101.4935578158,104.5417109844
1993-02-16,98.9331130991,104.1682641486
1993-02-17,98.8619946883,104.4314366484
1993-02-18,98.7908050879,104.7733351550
1993-02-19,99.1465078812,104.6889958839
1993-02-22,99.5021553047,105.2686931518
1993-02-23,99.4309577944,105.1721717643
1993-02-24,100.7111682878,105.6672416316
1993-02-25,100.9245472500,105.8104674625
1993-02-26,101.0669027208,105.9989376469
1993-03-01,100.7823737081,106.4033174675
1993-03-02,102.2758998840,106.0405127835
1993-03-03,102.7026657183,106.3937965655
1993-03-04,102.1337421620,105.7774018181
1993-03-05,101.8492289692,106.6514147297
1993-03-08,104.1251525830,107.1842330728
1993-03-09,103.7695051595,106.6823313788
1993-03-10,103.9828841217,106.8317909297
1993-03-11,103.6983867487,106.6959336982
1993-03-12,102.6315235777,105.6850502412
1993-03-15,103.1293840929,106.4625453732
1993-03-16,103.1293840929,106.1341561829
1993-03-17,102.4892946661,106.4797021587
1993-03-18,103.1293840929,106.0014938318
1993-03-19,102.9733443988,106.5707807543
1993-03-22,102.4016839979,106.7576099533
1993-03-23,102.6161070742,106.3950662395
1993-03-24,102.6161070742,106.2128122368
1993-03-25,103.2591785543,106.2325159871
1993-03-26,102.6875023334,105.5228556658
1993-03-29,103.1162377467,105.3423693252
1993-03-30,103.4020560822,105.4540686747
1993-03-31,103.3306450031,105.4239013628
1993-04-01,102.9733443988,104.7847186265
1993-04-02,100.8295803231,104.9838866844
1993-04-05,101.3297663652,104.7837759669
1993-04-06,101.0439480297,105.8717380312
1993-04-07,101.4012328140,105.8828714564
1993-04-08,101.2583711060,106.3166577265
1993-04-12,102.6875023334,106.2442236669
1993-04-13,102.9018621301,106.0524737167
1993-04-14,102.7589055026,106.2502100464
1993-04-15,102.7589055026,106.8399641873
1993-04-16,102.7589055026,107.7616350256
1993-04-19,102.3302333690,107.7737440824
1993-04-20,101.8300156870,107.8739170481
1993-04-21,101.7585887880,108.6238095718
1993-04-22,100.4722718089,109.4547872567
1993-04-23,100.0434968458,107.9886494244
1993-04-26,99.2573659089,106.8179553005
1993-04-27,100.3293942809,107.0408382726
1993-04-28,100.1149474747,106.3038410236
1993-04-29,100.5437145278,105.8158456131
1993-04-30,100.6866711553,105.6492408019
1993-05-03,101.3297663652,105.4880928132
1993-05-04,101.6871381591,105.9539228951
1993-05-05,101.9729169448,105.8788530768
1993-05-06,101.6156400704,105.9177350291
1993-05-07,101.4012328140,106.0423738497
1993-05-10,101.6156400704,105.7128448691
1993-05-11,102.0443754837,106.0940420384
1993-05-12,101.9014584060,106.3341547554
1993-05-13,100.6866711553,106.8115181361
1993-05-14,100.6151809766,107.3337097611
1993-05-17,100.9725053107,107.0166053266
1993-05-18,100.9010072221,106.3023240091
1993-05-19,102.9733443988,106.1106598463
1993-05-20,103.2591785543,105.8573575116
1993-05-21,102.3302333690,106.1059602783
1993-05-24,102.7589055026,105.2453780110
1993-05-25,102.9733443988,105.6913903937
1993-05-26,104.2595980983,106.0546990788
1993-05-27,103.9023686837,105.9720585193
1993-05-28,103.4020560822,105.7396934299
1993-06-01,104.4025230860,106.0182988488
1993-06-02,104.2595980983,106.0785608138
1993-06-03,103.9023686837,106.2197454851
1993-06-04,103.5450047998,107.3129002950
1993-06-07,103.1877121055,107.3724439907
1993-06-08,102.2588539297,107.8414205472
1993-06-09,102.6161070742,108.1967671362
1993-06-10,102.6875023334,108.6975355541
1993-06-11,103.1162377467,109.0555242156
1993-06-14,102.9733443988,109.4914941568
1993-06-15,102.7589055026,109.7929832737
1993-06-16,102.9733443988,109.5931027592
1993-06-17,103.3306450031,110.1465966759
1993-06-18,102.4797631696,109.8932452339
1993-06-21,102.6956258578,109.7461876309
1993-06-22,102.7675669040,109.8495779261
1993-06-23,101.8320643655,110.4589711760
1993-06-24,103.1993555601,111.3162733767
1993-06-25,103.1274224239,111.7245081199
1993-06-28,104.2788509302,112.2459316667
1993-06-29,103.7750579483,111.4378940030
1993-06-30,103.7750579483,112.4973227255
1993-07-01,103.4871751144,112.0428873396
1993-07-02,102.9115201859,112.2815396658
1993-07-06,101.8320643655,112.2889666930
1993-07-07,102.1198839198,113.0774202678
1993-07-08,103.2713440660,113.0503843978
1993-07-09,103.5591557103,114.0146533077
1993-07-12,103.4871751144,114.3327571257
1993-07-13,103.4152657081,113.9528447636
1993-07-14,103.7750579483,114.8012531323
1993-07-15,103.3433246619,114.7978086065
1993-07-16,103.0554655578,115.0292674157
1993-07-19,102.9835798814,113.9695216004
1993-07-20,103.2713440660,114.1140446657
1993-07-21,103.1993555601,113.5763790319
1993-07-22,102.4797631696,114.3216560713
1993-07-23,102.9835798814,114.3105253520
1993-07-26,103.5591557103,114.9236161807
1993-07-27,103.4871751144,114.5228235978
1993-07-28,103.2713440660,114.5753570770
1993-07-29,103.8470543642,115.9523504395
1993-07-30,103.2713440660,116.2888478453
1993-08-02,103.5591557103,115.6285726245
1993-08-03,103.6311363063,116.1049888358
1993-08-04,103.6311363063,115.7691374415
1993-08-05,103.4152657081,116.0151982543
1993-08-06,103.5591557103,116.3993602013
1993-08-09,104.1348818284,116.6203295925
1993-08-10,104.0629803321,118.0018104596
1993-08-11,104.0629803321,118.1083109502
1993-08-12,103.7750579483,117.6127754656
1993-08-13,103.9190112302,117.9858436742
1993-08-16,104.4947768981,117.7189117605
1993-08-17,104.8546007782,118.2884139533
1993-08-18,105.4302873465,117.9072198908
1993-08-19,105.4302873465,117.0174395292
1993-08-20,105.5023154022,116.7122162536
1993-08-23,105.2864210741,117.1806970270
1993-08-24,106.4378891303,117.1367970108
1993-08-25,106.5098697262,118.0497421846
1993-08-26,106.5818186823,117.5325482790
1993-08-27,106.5098697262,117.8718065169
1993-08-30,106.9416742022,118.3964388746
1993-08-31,107.2295016665,119.3923591389
1993-09-01,107.0856037543,119.2724188840
1993-09-02,106.7257086846,118.8038758747
1993-09-03,106.7976497307,118.9534580936
1993-09-07,106.0780573402,118.8655393018
1993-09-08,105.7181780904,118.6576220279
1993-09-09,105.9341198782,117.8268264409
1993-09-10,106.8696698764,117.3546496923
1993-09-13,106.9416742022,116.7759354723
1993-09-14,106.5098697262,116.4193387520
1993-09-15,106.7976497307,115.0730796401
1993-09-16,106.3659006244,116.2135056318
1993-09-17,106.1596801720,116.2076977422
1993-09-20,105.2906845402,115.7404848390
1993-09-21,104.9286537825,115.3738664225
1993-09-22,105.7975940446,115.4804745483
1993-09-23,106.3768954627,115.7499663550
1993-09-24,106.0871775190,115.9252914189
1993-09-27,107.2458594546,116.8651838692
1993-09-28,107.0285967043,117.6480268857
1993-09-29,106.6665817665,116.8113624760
1993-09-30,106.4492952862,115.8508632023
1993-10-01,106.9561336010,115.7990331600
1993-10-04,107.1010598075,116.4431252226
1993-10-05,106.9561336010,116.7135004595
1993-10-06,106.8837733273,116.6314597104
1993-10-07,106.5941265732,116.6595527904
1993-10-08,106.7389420403,117.3691907628
1993-10-11,106.9561336010,117.0271589650
1993-10-12,107.1010598075,117.3074460581
1993-10-13,107.1010598075,117.0300996902
1993-10-14,108.4769174840,116.6537933066
1993-10-15,109.0562663617,117.3405587052
1993-10-18,108.7665721480,116.7952855499
1993-10-19,107.9699763397,116.9302408107
1993-10-20,108.1148709064,117.0472432467
1993-10-21,107.9699763397,116.1040596055
1993-10-22,107.4631301150,116.0198996263
1993-10-25,107.7527847790,115.9716021021
1993-10-26,107.6803770454,116.5160360238
1993-10-27,107.7527847790,115.9362553738
1993-10-28,108.5493093976,116.7211733237
1993-10-29,108.5493093976,117.1756120168
1993-11-01,108.8390115213,115.8852591532
1993-11-02,108.7665721480,115.8616422532
1993-11-03,107.3907302914,116.0275305990
1993-11-04,106.2319929861,116.0879849845
1993-11-05,106.7389420403,115.9148344717
1993-11-08,106.8837733273,116.5211979018
1993-11-09,106.9561336010,117.9185136663
1993-11-10,107.7527847790,118.6004258613
1993-11-11,107.4631301150,118.2133417297
1993-11-12,107.9699763397,119.0916464182
1993-11-15,107.8976002460,119.2668134368
1993-11-16,108.4044781106,119.3710945784
1993-11-17,107.8252083324,119.6166392636
1993-11-18,107.5355378485,119.8943972308
1993-11-19,107.3183462877,119.4770744314
1993-11-22,106.6665817665,119.0100239832
1993-11-23,107.2458594546,119.4188296737
1993-11-24,107.6803770454,119.5044411243
1993-11-26,107.7527847790,120.4378949069
1993-11-29,107.3183462877,121.5022321540
1993-11-30,107.3907302914,121.1992540839
1993-12-01,107.5355378485,121.7773768115
1993-12-02,107.8252083324,122.0132890510
1993-12-03,108.2596626436,122.3186640581
1993-12-06,108.6217487710,122.6131877564
1993-12-07,108.5493093976,122.6958545733
1993-12-08,108.5493093976,122.7070563479
1993-12-09,108.1872628200,123.3834372576
1993-12-10,107.9699763397,121.8437109435
1993-12-13,108.6217487710,122.3963841670
1993-12-14,107.8252083324,122.5956123563
1993-12-15,107.6803770454,122.5780353527
1993-12-16,108.0424236231,122.9861016278
1993-12-17,108.6362318996,123.1021950778
1993-12-20,108.7819886514,123.5677759151
1993-12-21,108.4175295374,124.0629322713
1993-12-22,109.1465585049,124.0525933821
1993-12-23,109.0736919939,124.2542550883
1993-12-27,109.6569800296,124.7400316509
1993-12-28,109.8756507520,124.7451498335
1993-12-29,109.7298228107,124.6784602248
1993-12-30,109.2923864463,124.8443588932
1993-12-31,108.7090825907,124.6952167358
1994-01-03,108.4175295374,124.2398798803
1994-01-04,108.8549579918,123.6585606687
1994-01-05,109.0736919939,122.1086053053
1994-01-06,109.0736919939,122.3855158210
1994-01-07,109.7298228107,123.5875259666
1994-01-10,111.0422030935,124.2271894532
1994-01-11,110.8235165511,123.3331147090
1994-01-12,110.4590020673,124.5268894612
1994-01-13,110.1672829049,124.2541456492
1994-01-14,110.6048300087,122.6048151633
1994-01-17,110.6048300087,122.2865970957
1994-01-18,110.7506263103,122.7671629735
1994-01-19,110.4590020673,122.5713547564
1994-01-20,110.7506263103,123.0333976638
1994-01-21,110.5319002181,122.7606261914
1994-01-24,110.0944401239,122.4975790656
1994-01-25,110.0944401239,121.9541509414
1994-01-26,110.3860960066,121.0893316167
1994-01-27,111.4068362266,120.5094054488
1994-01-28,111.6983892799,120.9938896877
1994-01-31,112.5004666874,121.4164727802
1994-02-01,111.9171470119,120.2953567785
1994-02-02,112.6462234392,119.6024864414
1994-02-03,112.1358889240,118.3117132594
1994-02-04,109.5840502390,117.8880509089
1994-02-07,110.0944401239,118.3561687894
1994-02-08,110.1672829049,118.1218679706
1994-02-09,110.6048300087,118.9953540311
1994-02-10,109.6569800296,118.8022079305
1994-02-11,110.0215103332,118.5354924898
1994-02-14,110.1672829049,119.5615241437
1994-02-15,110.7506263103,119.5651498655
1994-02-16,110.6777202495,120.1476515606
1994-02-17,110.0215103332,118.7638153473
1994-02-18,109.3653004169,117.7454524487
1994-02-22,110.4590020673,117.3900476325
1994-02-23,110.1672829049,116.7862635379
1994-02-24,108.7090825907,115.3379495485
1994-02-25,109.2194645656,115.4025364631
1994-02-28,109.2194645656,115.5276958210
1994-03-01,108.7819886514,113.8669727437
1994-03-02,108.9278719625,113.2551913760
1994-03-03,108.6362318996,113.1663029657
1994-03-04,108.9278719625,113.9767772531
1994-03-07,109.5110967185,114.7898818876
1994-03-08,109.0736919939,114.3661967873
1994-03-09,109.5840502390,114.1296796262
1994-03-10,108.7090825907,114.0106142829
1994-03-11,109.2923864463,113.7361920037
1994-03-14,109.4382381175,113.9199366634
1994-03-15,109.3653004169,113.7844284946
1994-03-16,110.2401731458,113.5526584052
1994-03-17,110.2401731458,113.7945227493
1994-03-18,110.2161585206,113.5411092717
1994-03-21,109.9228494571,112.8603283485
1994-03-22,110.2161585206,112.2847163064
1994-03-23,110.1427936824,112.9736118591
1994-03-24,108.8229622214,113.2756969783
1994-03-25,107.7962658049,112.9346138532
1994-03-28,107.9429242916,114.6265654611
1994-03-29,105.8163801892,113.6925370229
1994-03-30,104.3497241324,113.8169119670
1994-03-31,104.6430411058,113.4016137911
1994-04-04,103.0297502922,112.3465741583
1994-04-05,105.1563418544,110.3937794400
1994-04-06,105.1563418544,110.6677998412
1994-04-07,105.6696821527,110.8220140805
1994-04-08,104.8629774212,110.8691054694
1994-04-11,105.3030398909,109.8895807274
1994-04-12,105.1563418544,109.9665903841
1994-04-13,104.6064180114,110.5976389482
1994-04-14,104.6430411058,110.3249491543
1994-04-15,104.6430411058,110.1204588679
1994-04-18,103.9463480368,111.4335539204
1994-04-19,104.0930460733,111.3527651067
1994-04-20,103.9830660507,111.3079156161
1994-04-21,105.3763256295,110.3380372502
1994-04-22,105.2663297869,109.4474675640
1994-04-25,106.3662723923,109.7610860822
1994-04-26,106.2563714692,109.6201545641
1994-04-28,105.4863689317,111.5498806802
1994-04-29,105.8163801892,111.2504392372
1994-05-02,106.4763077846,111.1808952921
1994-05-03,106.3662723923,112.5458002429
1994-05-04,106.1829829012,113.2411938932
1994-05-05,106.0363560543,112.5340643013
1994-05-06,105.0097070975,113.2684168721
1994-05-09,104.0930460733,113.7839755048
1994-05-10,104.8997033450,112.3705982480
1994-05-11,103.9463480368,112.5935079785
1994-05-12,104.4596487853,112.0445597937
1994-05-13,104.4596487853,111.6346423742
1994-05-16,104.4964063490,111.1852163331
1994-05-17,106.0363560543,111.4445799109
1994-05-18,106.8063348620,111.4393550953
1994-05-19,107.3196277005,110.5436483854
1994-05-20,106.9162911547,110.7574499157
1994-05-23,106.7329383840,111.5228559344
1994-05-24,107.1729296640,112.1292819012
1994-05-25,107.4662703673,113.1486413773
1994-05-26,107.5396114756,113.2046025456
1994-05-27,107.6496547779,113.3554143510
1994-05-31,107.5029646514,113.6157226930
1994-06-01,107.9795948457,114.1210116878
1994-06-02,107.8695910933,113.0526396252
1994-06-03,108.4928718644,111.6497627103
1994-06-06,108.4562645899,111.4045208868
1994-06-07,108.3095507335,112.8189428262
1994-06-08,107.4295602634,112.2434352122
1994-06-09,108.0163286795,112.7164696347
1994-06-10,108.1995786208,112.6201608117
1994-06-13,108.3462054677,114.3731635087
1994-06-14,109.1895649335,114.1981644572
1994-06-15,108.7496052932,115.1490968284
1994-06-16,108.9695495185,115.4503615551
1994-06-17,108.3613451228,116.7844601978
1994-06-20,107.4385934327,117.6309785371
1994-06-21,106.5159762119,119.0555407317
1994-06-22,106.9219309530,116.8947447561
1994-06-23,106.2944499955,116.3467216926
1994-06-24,104.0800025565,118.1018704786
1994-06-27,105.8884636145,116.5375104427
1994-06-28,105.3718011349,116.7615661772
1994-06-29,105.7039480803,116.1858964090
1994-06-30,105.0396225496,117.6159387771
1994-07-01,105.2609984769,117.7104447611
1994-07-05,105.8146637288,117.9753860255
1994-07-06,105.6670323175,118.1220005603
1994-07-07,106.1099423712,116.9893717045
1994-07-08,106.0730186985,117.3206941035
1994-07-11,105.7039480803,118.7982023788
1994-07-12,105.8515874015,118.1550031670
1994-07-13,106.0361503955,117.2667686830
1994-07-14,107.1802621929,115.8287582056
1994-07-15,107.2171700457,116.1130835217
1994-07-18,107.4017013998,115.3281741906
1994-07-19,107.1802621929,114.9031102778
1994-07-20,106.7004838362,116.0560196441
1994-07-21,106.9219309530,115.4308989316
1994-07-22,107.1064543972,116.0998577249
1994-07-25,107.2540462587,115.9965722588
1994-07-26,107.1433385202,116.0435197333
1994-07-27,107.1433385202,117.4460530976
1994-07-28,107.3647935470,116.8989633733
1994-07-29,108.4351845582,116.9115723223
1994-08-01,108.9518391280,117.4054119015
1994-08-02,109.0994151695,115.7123799332
1994-08-03,109.1363863020,116.0855049659
1994-08-04,108.5089448942,116.4906725076
1994-08-05,108.1398109964,116.6572653927
1994-08-08,108.3982134258,116.2320844242
1994-08-09,108.5827447799,116.8338882922
1994-08-10,108.9887944405,116.2863500880
1994-08-11,108.5827447799,118.2607193440
1994-08-12,109.4316095747,117.3699934165
1994-08-15,109.3948124613,117.3539065687
1994-08-16,110.1698615505,115.7669078701
1994-08-17,110.0959983851,115.8522128511
1994-08-18,109.7269198570,117.7842532236
1994-08-19,109.6530962414,117.0604660369
1994-08-22,109.5424043228,117.0361387848
1994-08-23,110.1698615505,116.7866245266
1994-08-24,111.3509207505,115.8990070908
1994-08-25,111.0556500180,116.0193231668
1994-08-26,112.6426323193,114.1940231088
1994-08-29,112.5687612440,114.6724718610
1994-08-30,112.8640873462,115.0633017767
1994-08-31,112.5687612440,114.9447488530
1994-09-01,112.1997855453,115.2474566326
1994-09-02,111.7199834587,116.3257779330
1994-09-06,111.7568913115,117.4561947559
1994-09-07,111.6461361133,117.2663288220
1994-09-08,112.1997855453,116.6559245631
1994-09-09,111.0187026154,118.5437761886
1994-09-12,110.6865319401,118.4553242319
1994-09-13,111.0187026154,117.8516671147
1994-09-14,111.1294024440,118.7166006891
1994-09-15,112.5318929410,118.2087450865
1994-09-16,111.7310415766,120.1526316415
1994-09-19,111.8424849410,119.7814269045
1994-09-20,109.7258599229,120.3577962010
1994-09-21,109.7258599229,120.4272118658
1994-09-22,109.4659862417,120.0390726289
1994-09-23,109.0946691962,120.2066608888
1994-09-26,109.6516487195,120.0250353592
1994-09-27,109.5773821464,120.5077483282
1994-09-28,110.4314121422,119.2907046362
1994-09-29,109.8744721687,120.0123980482
1994-09-30,109.7258599229,119.7771406395
1994-10-03,109.4659862417,120.6515906060
1994-10-04,107.8321611834,120.5573784639
1994-10-05,107.8692430552,121.6991891811
1994-10-06,107.5350553412,121.6616333261
1994-10-07,108.0177762014,121.0385431501
1994-10-10,109.1688962195,120.8676520739
1994-10-11,110.8027133679,119.6380951420
1994-10-12,110.9512702439,119.5606441210
1994-10-13,111.3226031094,119.2659001414
1994-10-14,111.8053239696,119.8536889883
1994-10-17,111.5825005205,120.4098660674
1994-10-18,111.3226031094,120.6314497006
1994-10-19,111.8424849410,122.0733104905
1994-10-20,111.0997480205,122.3798720902
1994-10-21,110.6541881316,121.7913335052
1994-10-24,109.7258599229,122.5496919258
1994-10-25,109.8373270172,123.4614583241
1994-10-26,110.2457892142,123.8580663643
1994-10-27,110.9141250925,123.1054550003
1994-10-28,113.2534232706,122.2144588825
1994-10-31,112.8449373437,122.7544978016
1994-11-01,111.5825005205,123.5251043830
1994-11-02,110.9512702439,123.8675571004
1994-11-03,111.5453711889,123.2367404430
1994-11-04,110.0971690585,123.6091050141
1994-11-07,110.4314121422,124.0930752300
1994-11-08,111.2854342281,123.7676731662
1994-11-09,111.4711204357,121.7307949358
1994-11-10,110.6913491030,121.9315692031
1994-11-11,110.2829185458,122.5888287349
1994-11-14,111.3226031094,121.7936010595
1994-11-15,110.9512702439,120.3723660344
1994-11-16,111.3226031094,121.3763360864
1994-11-17,110.5799452884,122.3151336446
1994-11-18,110.4314121422,121.4415218093
1994-11-21,109.3174530955,121.8804075210
1994-11-22,106.9409623062,121.7199252869
1994-11-23,107.5350553412,120.7506865185
1994-11-25,108.0549529927,120.0631338999
1994-11-28,108.5376263932,120.9667688320
1994-11-29,108.5005207915,121.7903095680
1994-11-30,108.3519797353,121.7348363658
1994-12-01,107.2751104704,121.7857982112
1994-12-02,108.2777131622,120.0337823704
1994-12-05,108.3891090669,119.9764599278
1994-12-06,108.4633360902,120.1933082149
1994-12-07,107.6835963974,120.2041749574
1994-12-08,106.6439197437,119.8020309217
1994-12-09,107.0523740308,119.3072896724
1994-12-12,107.7578708804,120.1855454542
1994-12-13,108.1663963571,120.8720396603
1994-12-14,108.7233758805,120.8300965196
1994-12-15,109.0575003148,120.8833281242
1994-12-16,109.5902595541,121.0192666332
1994-12-19,109.7399554638,121.6199067586
1994-12-20,109.4030467251,121.5014698885
1994-12-21,110.5632711020,120.6967256205
1994-12-22,110.2264414628,121.3278842250
1994-12-23,110.3388023821,121.4764105369
1994-12-27,110.9377046701,120.8166613655
1994-12-28,110.3762797517,122.4385908836
1994-12-29,110.4510683819,122.9160395507
1994-12-30,109.1410610857,123.0115570447
1995-01-03,109.6650086345,123.3009849093
1995-01-04,110.1890590127,123.3241180524
1995-01-05,110.1890590127,124.2355337846
1995-01-06,110.3013724722,123.6269665394
1995-01-09,110.4135751924,125.4481788661
1995-01-10,110.5259282016,125.5303185313
1995-01-11,110.6007247418,125.1579280034
1995-01-12,110.6381071919,125.9674777709
1995-01-13,111.9482094075,124.0482896791
1995-01-16,112.6219003257,123.6745324651
1995-01-17,112.6592748659,124.0286927622
1995-01-18,112.5470642358,124.4228394246
1995-01-19,111.9107320379,125.9376710468
1995-01-20,111.4990030292,126.6292207987
1995-01-23,111.8359196779,127.2047383343
1995-01-24,111.9855918577,126.8980538661
1995-01-25,112.2850311367,126.0396099710
1995-01-26,112.3973208664,125.2184437229
1995-01-27,112.8464560551,124.2600118662
1995-01-30,112.3599067764,125.3433159535
1995-01-31,112.8090103253,123.9697233212
1995-02-01,112.7716041453,123.4872531828
1995-02-02,113.4453108834,123.3920855531
1995-02-03,115.0546862690,121.2054945185
1995-02-06,115.5413541971,120.2144378806
1995-02-07,115.6909551873,120.2157154720
1995-02-08,115.6909551873,120.4397722086
1995-02-09,115.6909551873,120.5865675385
1995-02-10,115.8406827367,121.8161003176
1995-02-13,115.8781996561,122.7038194757
1995-02-14,116.0278797459,122.9156619256
1995-02-15,116.6641644840,122.7977316624
1995-02-16,116.5143815649,124.1430889038
1995-02-17,116.0653571155,124.1176398006
1995-02-21,116.0278797459,124.9320295428
1995-02-22,116.8886648438,124.5605784676
1995-02-23,117.0758064833,124.5141398047
1995-02-24,117.3752694922,124.7735561979
1995-02-27,116.4396166646,125.2047324655
1995-02-28,117.4127626817,125.2196763159
1995-03-01,116.6641644840,125.1774695994
1995-03-02,116.8138445738,126.2875387651
1995-03-03,116.8513773131,127.6249370171
1995-03-06,116.9261580333,128.5259048219
1995-03-07,116.0278797459,130.6409512403
1995-03-08,116.3273032051,129.1537636167
1995-03-09,116.2899365748,129.5431666148
1995-03-10,118.0115463204,128.3610347008
1995-03-13,117.8992803206,129.3824680079
1995-03-14,118.7601128782,128.6921186789
1995-03-15,118.5355808787,129.2546147642
1995-03-16,119.2467491664,128.3732836633
1995-03-17,119.3653431307,128.7187930591
1995-03-20,119.3653431307,127.8510491446
1995-03-21,119.0642744008,127.7057514869
1995-03-22,119.1771257373,128.0417915935
1995-03-23,119.2524759743,128.6178919024
1995-03-24,120.9458313585,128.8028845889
1995-03-27,121.4350621121,129.3456724141
1995-03-28,121.4350621121,130.3344766306
1995-03-29,121.3973395339,130.4634072283
1995-03-30,121.1715894012,128.8037839539
1995-03-31,120.6824219272,130.7029750547
1995-04-03,120.9834590173,132.0943372113
1995-04-04,121.7737505909,131.7026624497
1995-04-05,121.7737505909,131.9730756696
1995-04-06,122.2252429464,132.3738933073
1995-04-07,122.1123995198,132.7696513904
1995-04-10,122.3381259227,130.7759209326
1995-04-11,121.9242374961,130.5227101980
1995-04-12,122.3381259227,130.3443506041
1995-04-13,123.0155187001,131.6604614457
1995-04-17,122.3004903540,133.4306858701
1995-04-18,121.8866256572,134.8447876099
1995-04-19,121.7737505909,133.0157732366
1995-04-20,121.9618572449,132.6116991841
1995-04-21,122.5639551550,133.8319338480
1995-04-24,123.9939485676,132.9790954000
1995-04-25,123.6552838187,133.2619741556
1995-04-26,123.7681509751,133.5308659513
1995-04-27,124.0691880652,133.4016368014
1995-04-28,124.2573659089,132.8242765397
1995-05-01,123.9186932500,132.2709738408
1995-05-02,124.1821264112,132.7325694709
1995-05-03,125.9132122836,133.5664704428
1995-05-04,125.8378304068,134.2867970686
1995-05-05,125.6872564920,135.1968920150
1995-05-08,126.5904073121,136.0690514771
1995-05-09,126.4776034353,135.5006000801
1995-05-10,126.6280428808,135.4484724877
1995-05-11,126.9667867292,133.2874309756
1995-05-12,127.0420341368,131.9724668394
1995-05-15,127.6441241369,132.4535285004
1995-05-16,127.7193478147,133.0321039171
1995-05-17,127.2301487008,133.0600251216
1995-05-18,125.3862510417,133.1479934216
1995-05-19,125.4615617290,133.0802138314
1995-05-22,126.8538800231,132.7412379104
1995-05-23,128.0204323645,133.0458783125
1995-05-24,127.9452165967,133.9931368569
1995-05-25,128.0580283835,136.7002292234
1995-05-26,126.5904073121,137.5092740878
1995-05-30,126.5529062126,138.9091661812
1995-05-31,129.1870479856,137.6657034669
1995-06-01,128.8482645874,138.1182133457
1995-06-02,128.9611712936,139.2359549748
1995-06-05,129.7515103269,139.3528441635
1995-06-06,129.5257601942,138.8545930455
1995-06-07,128.8482645874,138.6189628223
1995-06-08,128.5472195873,137.5659807850
1995-06-09,127.7946743218,136.1948784937
1995-06-12,128.5096947580,136.3158983073
1995-06-13,129.9020684217,137.7477421113
1995-06-14,129.7891300757,138.2687131695
1995-06-15,130.3535370474,137.3640329536
1995-06-16,130.7405316250,137.7241798306
1995-06-19,132.2168457375,138.1595840356
1995-06-20,131.8761402201,138.6434485205
1995-06-21,131.8004103052,139.1873030764
1995-06-22,133.5415497312,140.3120625386
1995-06-23,133.2767085979,139.8844235997
1995-06-26,131.6868391628,138.1389885370
1995-06-27,131.4219031100,138.0528389106
1995-06-28,132.1033062349,138.2275923255
1995-06-29,131.8761402201,138.7282656356
1995-06-30,131.8004103052,138.6539746188
1995-07-03,132.2924174533,138.9538036085
1995-07-05,132.7845828005,139.7472610162
1995-07-06,134.4879917382,140.1097831829
1995-07-07,135.0934988391,140.0331188807
1995-07-10,135.1692287540,139.7951094592
1995-07-11,134.5257222264,139.2027388015
1995-07-12,136.1912741167,139.1953402366
1995-07-13,135.8884335567,139.2908055166
1995-07-14,135.7748307744,138.5658914678
1995-07-17,136.5318293449,138.7647078574
1995-07-18,135.3584507118,138.0971460162
1995-07-19,133.8822789784,137.3962434296
1995-07-20,134.3743098564,137.6463179118
1995-07-21,134.2228816664,137.5255264973
1995-07-24,135.2070541617,138.3937708052
1995-07-25,136.2290046049,138.0546152917
1995-07-26,136.1156074814,137.8512681030
1995-07-27,137.2510816073,137.9829867922
1995-07-28,136.3804960744,137.2265525757
1995-07-31,136.0397984670,136.4814891029
1995-08-01,135.8127036418,137.3542785414
1995-08-02,135.5098630818,136.5027062598
1995-08-03,135.4719902144,136.4911980157
1995-08-04,135.6234025845,136.0866200623
1995-08-07,135.9261798648,135.0946621553
1995-08-08,135.9261798648,135.4966069556
1995-08-09,135.8884335567,134.9498581762
1995-08-10,135.5855929967,134.5099958307
1995-08-11,134.8285786063,133.1267524126
1995-08-14,136.0397984670,132.4714352245
1995-08-15,135.7748307744,130.3259459922
1995-08-16,136.1533854294,130.1450220956
1995-08-17,135.9261798648,130.4420226055
1995-08-18,136.0776871543,130.3417193551
1995-08-21,135.6991166794,131.2586722854
1995-08-22,135.9641001919,131.1426188227
1995-08-23,135.4719902144,131.1052896631
1995-08-24,135.6234025845,131.8833618559
1995-08-25,136.3804960744,132.6408999843
1995-08-28,135.8884335567,133.3072047790
1995-08-29,136.2290046049,132.8482941151
1995-08-30,136.5318293449,132.8020099900
1995-08-31,136.6454479471,133.1168172053
1995-09-01,137.2510816073,134.2463828685
1995-09-05,138.5380313829,135.2816731515
1995-09-06,138.8030307153,136.0383702423
1995-09-07,138.8786340709,135.6093074925
1995-09-08,139.4086485556,135.7791589974
1995-09-11,139.7871241110,135.9072145832
1995-09-12,140.4305831789,136.7534613291
1995-09-13,141.0741055264,137.6206822009
1995-09-14,142.3611027617,138.1209010180
1995-09-15,142.3218219222,138.2577267655
1995-09-18,141.7890705929,138.7212202422
1995-09-19,142.4740569276,139.5540886581
1995-09-20,143.1589641628,138.2415392979
1995-09-21,141.9792892051,135.1000450162
1995-09-22,142.0173677313,134.4799619102
1995-09-25,141.7890705929,135.0465500361
1995-09-26,141.7510237065,135.2305121710
1995-09-27,141.6368830472,134.1342959723
1995-09-28,142.7024015258,134.4946412829
1995-09-29,142.4359309417,135.4641466338
1995-10-02,141.7129135404,135.8118944203
1995-10-03,141.8652118254,136.5364408658
1995-10-04,141.7129135404,136.3721168379
1995-10-05,142.1314925707,134.7495816966
1995-10-06,142.2457281494,135.2181742140
1995-10-09,141.0661006513,135.3830642787
1995-10-10,140.9898803192,135.5275329251
1995-10-11,141.4465853354,135.8340146503
1995-10-12,142.3218219222,135.9052077986
1995-10-13,142.7785269385,136.9881125133
1995-10-16,142.0935089639,137.6626865753
1995-10-17,143.0448235036,137.1056534258
1995-10-18,143.4634499936,136.8913318594
1995-10-19,144.1484679682,137.9017713464
1995-10-20,143.2731681017,137.3537383612
1995-10-23,142.9687613706,136.4147825573
1995-10-24,143.1209489162,136.7629426446
1995-10-25,141.9412739585,137.6486709529
1995-10-26,140.6474267016,138.0109822589
1995-10-27,141.7129135404,137.2267153313
1995-10-30,142.6262602932,138.1030514188
1995-10-31,142.0173677313,139.3716796166
1995-11-01,143.1589641628,140.2175592604
1995-11-02,144.0723267356,140.2011934030
1995-11-03,144.2625928075,140.2753044266
1995-11-06,143.7678250849,140.3870952760
1995-11-07,143.2351053954,139.3592749139
1995-11-08,144.5289210124,139.6011191139
1995-11-09,145.0616881617,138.4505433462
1995-11-10,144.9856418486,138.3678330343
1995-11-13,144.8334068432,138.5270102170
1995-11-14,143.8819973840,138.5758080343
1995-11-15,145.3280796463,138.6907407483
1995-11-16,146.1271908204,139.4818971284
1995-11-17,146.5839274765,140.2322573740
1995-11-20,145.8227840892,139.8810259763
1995-11-21,147.0024115873,139.8110502879
1995-11-22,146.5457856706,140.2861157480
1995-11-24,146.9263810941,141.2395830578
1995-11-27,146.9644279805,141.8490977730
1995-11-28,148.5245718025,141.1364642558
1995-11-29,148.6767435282,141.8606921052
1995-11-30,148.3342740907,142.0408098405
1995-12-01,148.5245718025,142.4459991297
1995-12-04,150.3512336683,143.2712578192
1995-12-05,151.3405634546,143.5536811798
1995-12-06,151.6830803519,143.4177105005
1995-12-07,150.8839533578,143.1702640602
1995-12-08,151.3786578008,143.4259953018
1995-12-11,152.0255497894,143.3208132919
1995-12-12,151.5688764130,143.6486815440
1995-12-13,152.5202700522,144.0981941743
1995-12-14,151.4167521469,144.6316615354
1995-12-15,151.4721851157,145.0281810822
1995-12-18,148.5622073712,144.5378426526
1995-12-19,150.1320646186,145.0398676159
1995-12-20,148.6770441065,145.3340662039
1995-12-21,149.4427910879,144.5975249511
1995-12-22,149.9788804186,145.2134436584
1995-12-26,150.7062799352,145.3972044533
1995-12-27,150.6297906646,146.8574291661
1995-12-28,150.4765906446,146.8296090826
1995-12-29,150.6681381293,147.5440670862
1996-01-02,152.2762321021,148.7336020750
1996-01-03,152.6974055978,149.6689024923
1996-01-04,151.2424009057,148.8000886401
1996-01-05,150.9360325055,149.2103685516
1996-01-08,151.5104376610,148.4444516166
1996-01-09,148.9067492171,149.0713000038
1996-01-10,146.9540342988,147.7166650918
1996-01-11,147.8346971151,145.7138791488
1996-01-12,147.6049129051,145.1557041045
1996-01-15,147.2987185239,144.8547164832
1996-01-16,149.0982334222,143.6571441338
1996-01-17,148.6387599215,145.4841769776
1996-01-18,149.1365017873,146.8707431556
1996-01-19,150.1320646186,146.7233138405
1996-01-22,150.1703013440,145.3188326204
1996-01-23,150.5149064695,145.8019888578
1996-01-24,151.7402060512,146.7712129943
1996-01-25,151.2041483604,145.0484606907
1996-01-26,152.5059055728,146.5018963703
1996-01-29,153.1185949135,147.6737612521
1996-01-30,154.4204628653,149.5569363600
1996-01-31,156.0285093784,150.4867283420
1996-02-01,156.6028670741,149.3802498215
1996-02-02,155.9519726480,149.2389414800
1996-02-05,157.2155405948,144.6223470845
1996-02-06,158.7087661925,146.3324824215
1996-02-07,159.6277448337,147.2682571752
1996-02-08,161.3508653808,147.6783077858
1996-02-09,161.3125179160,148.2722680164
1996-02-12,162.5377067583,148.4181481467
1996-02-13,162.1931490925,151.5466245860
1996-02-14,160.7763811257,150.9139696121
1996-02-15,159.7809132139,150.2389601989
1996-02-16,159.1299871479,148.9547483527
1996-02-20,157.5601615403,146.6699035455
1996-02-21,159.5129555581,147.5508453960
1996-02-22,162.0399648925,147.9757292153
1996-02-23,161.5805388515,147.4689016589
1996-02-26,159.2831713480,147.6674657973
1996-02-27,158.7854453020,148.1031812825
1996-02-28,158.0578401265,148.9628565681
1996-02-29,156.5263303438,148.8954604158
1996-03-01,159.0151345926,150.4397035987
1996-03-04,159.9340183144,150.0806129294
1996-03-05,161.4273546514,149.5043429498
1996-03-06,160.0107290638,149.8188472032
1996-03-07,160.8147127705,149.3706385220
1996-03-08,155.6074149822,146.8683663626
1996-03-11,157.4069931601,148.3261728920
1996-03-12,156.1817726780,147.6771367271
1996-03-13,157.2538405998,148.3619850371
1996-03-14,157.9430666708,149.2061095462
1996-03-15,157.8369625264,148.2805468045
1996-03-18,160.8751448313,149.9934654227
1996-03-19,160.5290051744,149.9876929105
1996-03-20,160.3367616136,150.9774603316
1996-03-21,159.9521795724,151.8934395344
1996-03-22,160.3752039978,152.6887676292
1996-03-25,160.0675858246,153.9074025980
1996-03-26,160.8367182670,153.7571492127
1996-03-27,159.3753065108,154.4367057608
1996-03-28,159.9905586770,152.7336853690
1996-03-29,159.2214578744,153.9076252845
1996-04-01,161.0674674917,156.2291008254
1996-04-02,161.3750856648,157.0087065688
1996-04-03,161.3750856648,156.8120818678
1996-04-04,161.2597585122,157.5618275707
1996-04-08,158.4907045366,158.7902146466
1996-04-09,157.8753258111,159.5578532433
1996-04-10,155.0678452711,161.8061420801
1996-04-11,154.8755226108,162.7326490849
1996-04-12,156.8369068403,162.6054349375
1996-04-15,158.1445648797,163.5933051133
1996-04-16,158.6060949688,160.7259958925
1996-04-17,158.2214812879,160.2506849961
1996-04-18,158.4521672329,159.7413911512
1996-04-19,158.8368600134,160.9066897866
1996-04-22,160.0675858246,162.8206723049
1996-04-23,160.5675582980,164.7431845596
1996-04-24,159.9905586770,164.9426195006
1996-04-25,160.7213436547,166.2931855226
1996-04-26,161.0674674917,164.7210053006
1996-04-29,161.0674674917,164.3751629773
1996-04-30,160.9521403391,162.0814551055
1996-05-01,161.2982008964,163.3394959713
1996-05-02,158.5291627407,161.3625027824
1996-05-03,158.2983027766,160.9298790523
1996-05-06,158.1445648797,160.5487486288
1996-05-07,157.4908070496,161.7890639665
1996-05-08,159.4521754593,162.9243317882
1996-05-09,159.3368008469,162.8754892733
1996-05-10,160.9136663150,164.0174156431
1996-05-13,163.3366122736,165.1433836458
1996-05-14,164.3365097606,165.0511914170
1996-05-15,164.1442661997,165.2243392238
1996-05-16,164.4903425770,165.1626534479
1996-05-17,165.3749920109,164.7801508264
1996-05-20,166.4902166505,166.1001290177
1996-05-21,166.2594516059,165.4704387212
1996-05-22,167.8362696143,165.3461932600
1996-05-23,167.1440377602,165.2417492626
1996-05-24,167.7978272301,165.6248943880
1996-05-28,166.1056662492,165.0864651859
1996-05-29,164.9903466902,163.3775382891
1996-05-30,165.8364588205,162.2646528702
1996-05-31,164.6057330093,161.9054637859
1996-06-03,165.0672314586,162.1481904140
1996-06-04,166.2210092217,162.0247387872
1996-06-05,167.6824684377,160.6723112982
1996-06-06,166.4518059061,161.6213503327
1996-06-07,166.4518059061,162.7103793282
1996-06-10,165.9132961291,163.5245777524
1996-06-11,165.7595582321,163.6313852137
1996-06-12,165.4518134997,163.2183934771
1996-06-13,165.4518134997,162.7310219297
1996-06-14,164.7595658257,163.1458974822
1996-06-17,164.6442228532,164.1340767333
1996-06-18,163.2980907898,163.8120668811
1996-06-19,164.0287808480,162.9228408306
1996-06-20,163.9133904158,164.0041187911
1996-06-21,165.3233083611,165.6566867504
1996-06-24,165.6325243453,165.3873979873
1996-06-25,165.4392841300,165.6130469027
1996-06-26,164.3180637441,165.7668148669
1996-06-27,165.4779638129,165.3081051421
1996-06-28,166.0578584776,166.5259406642
1996-07-01,167.4883897672,167.6314834403
1996-07-02,166.8698470594,166.5760787097
1996-07-03,166.5218248331,167.3894660618
1996-07-05,162.2689264672,167.7059156656
1996-07-08,161.6115616973,167.9922351387
1996-07-09,162.2689264672,168.5923560297
1996-07-10,162.9263070569,169.5852620081
1996-07-11,159.6398470658,171.3751612195
1996-07-12,159.7557753750,172.1887932061
1996-07-15,155.0388157341,172.2648695236
1996-07-16,155.4255334632,168.8709139447
1996-07-17,157.2813988851,166.9897788941
1996-07-18,159.4464170116,165.6387459520
1996-07-19,158.2866751419,163.8988725408
1996-07-22,157.1266959736,162.4429709735
1996-07-23,155.1162067397,163.3670812417
1996-07-24,155.4255334632,162.8166308748
1996-07-25,156.8174008898,162.2253225383
1996-07-26,157.6679742351,161.3647701362
1996-07-29,155.9281478617,161.1675382085
1996-07-30,157.4360068772,160.8420297122
1996-07-31,158.5959227659,160.4917662292
1996-08-01,161.2249863474,163.3268564555
1996-08-02,164.7046865538,163.8972347625
1996-08-05,163.7380899799,163.4281191020
1996-08-06,164.2407360182,162.7167439341
1996-08-07,164.6659910510,163.5382663603
1996-08-08,164.3953281904,164.2098749431
1996-08-09,163.8541132086,164.4450074791
1996-08-12,165.0526138606,165.5755151003
1996-08-13,163.7380899799,166.6772143788
1996-08-14,164.3180637441,166.7992105255
1996-08-15,164.0087686604,166.3322717212
1996-08-16,165.4006202671,168.3775355732
1996-08-19,165.4779638129,168.9324708390
1996-08-20,165.3619880439,168.2632929670
1996-08-21,164.7819351801,167.3281129127
1996-08-22,166.3285371581,168.3871242232
1996-08-23,165.4392841300,167.4550339196
1996-08-26,164.6273588279,166.8321761514
1996-08-27,165.2459648153,166.5336945054
1996-08-28,164.9753335945,167.3006947073
1996-08-29,163.3515146299,168.4292300192
1996-08-30,161.6503046598,168.3204481441
1996-09-03,162.6941498601,170.0750551463
1996-09-04,162.8487736721,169.4663451893
1996-09-05,160.8770115808,171.2953695845
1996-09-06,163.1581003957,172.7649709843
1996-09-09,165.0912935435,172.9115147646
1996-09-10,165.0140132773,174.2820276680
1996-09-11,165.9418510688,175.6150945566
1996-09-12,167.1016878580,176.4164502209
1996-09-13,169.6535660927,176.0109356210
1996-09-16,170.2720771607,174.3399173499
1996-09-17,169.8854859908,174.6499004251
1996-09-18,169.4602784178,174.4617445275
1996-09-19,170.1174849885,174.2303962597
1996-09-20,170.7209513209,174.7380568361
1996-09-23,170.6821134389,174.2488309372
1996-09-24,170.6431648175,174.5390821006
1996-09-25,170.7598208427,176.8831649356
1996-09-26,170.6821134389,176.7516371635
1996-09-27,170.8375282465,176.6928408006
1996-09-30,170.6821134389,176.5798665657
1996-10-01,171.6147288436,177.1272037306
1996-10-02,172.7806562985,178.3853214644
1996-10-03,172.6252414909,178.9688259505
1996-10-04,174.9568749221,179.8161345163
1996-10-07,175.1512067112,180.6902599738
1996-10-08,174.4516818780,180.8535566572
1996-10-09,173.0915333734,181.0170154948
1996-10-10,172.7417551369,178.6431153125
1996-10-11,174.8791833382,179.7383422497
1996-10-14,175.1123688292,180.5936102059
1996-10-15,174.8791833382,182.2600264220
1996-10-16,175.7342020785,181.1465303690
1996-10-17,176.2005572406,181.7349527000
1996-10-18,177.1332517448,182.8441595817
1996-10-21,176.8999555144,183.2926476735
1996-10-22,175.6563997552,184.5629620554
1996-10-23,176.2393793026,182.7041978825
1996-10-24,174.7237368908,181.8400488222
1996-10-25,174.8791833382,183.3949786542
1996-10-28,173.7133191629,183.6066667669
1996-10-29,175.1123688292,183.7216570065
1996-10-30,174.5294367416,184.7890067355
1996-10-31,176.2005572406,184.4025053771
1996-11-01,175.5787081714,183.4558011439
1996-11-04,176.7445565268,182.6113448098
1996-11-05,177.7549900746,185.6693104918
1996-11-06,181.1746853578,185.3012792885
1996-11-07,181.6023766569,182.8923297276
1996-11-08,182.6126678255,183.5189520209
1996-11-11,182.4184151360,182.6980133701
1996-11-12,181.8743209303,182.7378212454
1996-11-13,182.6904385090,183.5138698169
1996-11-14,183.8952196658,186.4783120615
1996-11-15,184.1282469577,185.9245482551
1996-11-18,184.1672113989,185.3211062079
1996-11-19,185.4885062017,185.2819903445
1996-11-20,185.7993832766,185.1009902814
1996-11-21,185.5273282638,186.6111205318
1996-11-22,186.9653423714,187.5240002626
1996-11-25,189.3358453243,188.1783360064
1996-11-26,188.7140753547,189.0450585895
1996-11-27,188.3643445779,189.8854231836
1996-11-29,189.0637744916,192.9275059634
1996-12-02,189.1415451750,195.6987671309
1996-12-03,185.9159602022,194.8201951584
1996-12-04,186.4212165259,193.8021917451
1996-12-05,185.9159602022,192.1653059493
1996-12-06,184.8278350705,191.1884991456
1996-12-09,187.5482586391,193.5145769418
1996-12-10,186.6542754576,192.5608709105
1996-12-11,184.9444910956,188.2816539435
1996-12-12,181.8743209303,188.1210889285
1996-12-13,182.3407393720,190.9667647831
1996-12-16,180.0089952015,192.4336987549
1996-12-17,181.4468352900,191.6881438083
1996-12-18,182.8847544781,191.9033342732
1996-12-19,186.6542754576,194.5305879018
1996-12-20,187.0639162380,195.0622605417
1996-12-23,186.5953937481,194.7372117497
1996-12-24,187.9621549756,195.9175029420
1996-12-26,189.4071298441,194.3332937382
1996-12-27,189.6414543687,194.1851940584
1996-12-30,188.0011668766,193.3925067333
1996-12-31,184.5646233880,193.9402623124
1997-01-02,185.0331933377,191.9203107647
1997-01-03,187.6887236306,194.3929797448
1997-01-06,186.0486576173,196.8150582909
1997-01-07,188.3136892223,195.1669895618
1997-01-08,186.6734491899,196.9652719895
1997-01-09,188.2355546809,197.5118152198
1997-01-10,190.2662934011,194.6627662955
1997-01-13,189.9929569755,194.0468823642
1997-01-14,192.3750875632,195.6754004776
1997-01-15,191.9065650733,197.0760251717
1997-01-16,192.6875624491,195.7879493833
1997-01-17,193.8591376123,196.4826634488
1997-01-20,194.0935254166,195.9753670680
1997-01-21,195.6557100071,195.9474637026
1997-01-22,197.0614831357,197.1272484884
1997-01-23,194.3277708416,195.7226855898
1997-01-24,191.8283988921,194.0015812869
1997-01-27,191.2815994816,194.7840268350
1997-01-28,191.8283988921,195.1042619096
1997-01-29,193.7029634490,194.2923163075
1997-01-30,196.2023670384,195.6258287695
1997-01-31,195.9680266939,195.6942687024
1997-02-03,196.5538538253,195.9098893071
1997-02-04,197.7644725294,197.9543673422
1997-02-05,194.0544660558,198.6415648850
1997-02-06,195.3431560217,197.0506314896
1997-02-07,197.9987812340,196.1440084288
1997-02-10,196.1242799567,196.1631539595
1997-02-11,198.3894381211,197.1503564766
1997-02-12,201.2010476578,196.6230510786
1997-02-13,203.3881029205,196.8671361748
1997-02-14,202.9195487908,197.6770548482
1997-02-18,204.6378600849,196.4604001061
1997-02-19,203.2709881180,197.3946052303
1997-02-20,200.8105964296,194.1082358140
1997-02-21,200.8887784308,193.6208238784
1997-02-24,203.2709881180,192.3071054640
1997-02-25,203.4272413808,192.6453681266
1997-02-26,201.4354354620,193.1059377150
1997-02-27,198.4283076429,191.8819492495
1997-02-28,197.8426861703,190.5682850535
1997-03-03,199.1704354968,190.5886635781
1997-03-04,198.0769315953,191.8027204442
1997-03-05,201.4354354620,191.0261374050
1997-03-06,200.2638919386,191.1137939238
1997-03-07,202.0603219542,191.9382471536
1997-03-10,204.1691002963,190.4928663729
1997-03-11,203.0756754944,190.5919770176
1997-03-12,201.2792929386,190.0605246590
1997-03-13,198.1549712173,190.2600806645
1997-03-14,199.1704354968,190.8018147875
1997-03-17,199.7171241680,189.6313311235
1997-03-18,197.5692073655,189.1799750656
1997-03-19,196.9053564321,188.9741820329
1997-03-20,195.8899712521,189.1015294715
1997-03-21,196.7968951209,189.8131913659
1997-03-24,199.5410801962,190.2719152216
1997-03-25,197.5810090192,190.5452575412
1997-03-26,198.4434789377,189.6524332290
1997-03-27,193.1903192268,188.0135260167
1997-03-31,189.1133382734,188.4933123914
1997-04-01,190.3286080313,187.8890533591
1997-04-02,186.9178826378,188.5270307619
1997-04-03,187.9371278761,187.4586787431
1997-04-04,190.2893113719,187.6691295524
1997-04-07,191.0340969710,189.3085229270
1997-04-08,192.4062686082,190.0260847119
1997-04-09,190.8382148306,191.0677432086
1997-04-10,190.1325044122,190.1694167750
1997-04-11,184.0952782627,189.2284797424
1997-04-14,186.5650827983,188.7621627967
1997-04-15,189.7404395531,190.1715947336
1997-04-16,191.9358319090,189.9501690454
1997-04-17,191.1518762098,189.6012334638
1997-04-18,192.0926705086,188.7965787915
1997-04-21,190.8382148306,187.7395335766
1997-04-22,195.0329275632,189.1134549272
1997-04-23,195.2288097036,190.1749186960
1997-04-24,194.2487662051,189.8243802122
1997-04-25,192.0141404694,189.8572111438
1997-04-28,193.8959980054,191.0106677056
1997-04-29,200.0115010754,190.0822811944
1997-04-30,200.9523111941,190.7528943022
1997-05-01,200.7171956740,189.8536818327
1997-05-02,204.3238664875,191.5942502623
1997-05-05,209.1849771592,192.3837801889
1997-05-06,209.0281385596,192.3278054910
1997-05-07,204.4805468880,191.3689312678
1997-05-08,205.8919993647,190.1137982553
1997-05-09,207.3031987228,188.8666606117
1997-05-12,210.7530309368,188.6679307111
1997-05-13,209.8906559378,188.8790623079
1997-05-14,210.2826258775,188.5256594658
1997-05-15,211.6938410555,188.3822445216
1997-05-16,208.7929439399,186.5243151727
1997-05-19,209.4202192387,187.3551593659
1997-05-20,211.9292096942,186.2672419992
1997-05-21,211.4587255353,185.9044826142
1997-05-22,210.7530309368,186.2613357948
1997-05-23,212.7131179336,186.8770831276
1997-05-27,213.5756036720,187.4979898330
1997-05-28,213.5364968515,187.2394727046
1997-05-29,212.2819304342,188.3757235742
1997-05-30,213.6539913320,189.3437521986
1997-06-02,212.7131179336,190.5248290074
1997-06-03,212.0075182546,190.4366194803
1997-06-04,211.7723869145,190.8380674952
1997-06-05,212.5562793341,190.1518291482
1997-06-06,216.7117745068,190.6663313728
1997-06-09,217.8095656042,188.6929788382
1997-06-10,218.4759319035,189.5678959253
1997-06-11,218.9856019824,189.8437409130
1997-06-12,223.2193582558,193.2569934533
1997-06-13,225.1012157918,194.0283858516
1997-06-16,225.1795876319,194.4585062121
1997-06-17,224.8660686318,194.3001787860
1997-06-18,224.0818914539,194.3759026334
1997-06-19,226.3948890297,193.9835043911
1997-06-20,225.6235417997,194.1797652972
1997-06-23,220.1532221679,194.4080277228
1997-06-24,225.7416374367,194.2369743921
1997-06-25,224.1673506142,192.9716420954
1997-06-26,223.0654937995,193.2532779354
1997-06-27,223.9312542595,195.0487109375
1997-06-30,222.4358771540,193.2684282369
1997-07-01,225.0332059936,193.6633961937
1997-07-02,228.7325973067,194.6852858981
1997-07-03,231.8807912740,197.3699858399
1997-07-07,229.5195904288,198.6311970325
1997-07-08,231.9203252321,197.3530266862
1997-07-09,229.3622614120,197.0836051330
1997-07-10,230.3855407277,197.2433119730
1997-07-11,231.1726445892,198.1292203748
1997-07-14,231.8807912740,198.4214534684
1997-07-15,233.0616052654,196.4655520625
1997-07-16,236.1313166532,198.0661486708
1997-07-17,234.9507716003,198.0599074344
1997-07-18,229.9526288579,198.0835319511
1997-07-21,229.9918780576,199.1907656216
1997-07-22,236.0919408943,200.0679554744
1997-07-23,235.8952677583,200.2849766392
1997-07-24,236.9971878526,201.0301133720
1997-07-25,236.8397955561,201.3018907725
1997-07-28,236.6823716198,199.9253969013
1997-07-29,237.4694913013,199.5718971475
1997-07-30,240.3029164955,198.1735472235
1997-07-31,240.0667726812,198.3993561886
1997-08-01,239.1223872626,196.5156963215
1997-08-04,239.7521304674,194.6496792018
1997-08-05,239.9094120245,195.6261313306
1997-08-06,241.8771874982,195.7877216858
1997-08-07,240.0667726812,196.6244591551
1997-08-08,235.1868521351,192.6699789984
1997-08-11,236.9184205148,193.7764429872
1997-08-12,233.1404991625,193.3586486576
1997-08-13,232.4318462406,192.0767217036
1997-08-14,233.2977490798,194.4505663645
1997-08-15,226.1350628082,194.0828205849
1997-08-18,231.1726445892,194.6472197281
1997-08-19,233.8487565866,194.9338086901
1997-08-20,237.3907081435,195.1054567201
1997-08-21,233.2189975618,193.1643036374
1997-08-22,233.1404991625,192.5431822630
1997-08-25,232.2744697640,193.1121782498
1997-08-26,228.8506138442,192.9111407073
1997-08-27,230.2279902322,192.0853433408
1997-08-28,226.7253669745,193.5445804959
1997-08-29,227.6305822930,194.5192117463
1997-09-02,235.0293649192,197.0483145273
1997-09-03,233.7700525284,196.6850242825
1997-09-04,235.2655403734,196.0712707058
1997-09-05,234.5965005091,194.7695481007
1997-09-08,235.6197640049,196.3424537076
1997-09-09,235.7378912818,195.7682875245
1997-09-10,230.8578125366,195.6191411579
1997-09-11,229.6771883841,196.1685764069
1997-09-12,233.3764056782,196.8126189613
1997-09-15,232.9829486669,196.3491562518
1997-09-16,238.8074444705,198.8152372379
1997-09-17,238.8074444705,199.0184284860
1997-09-18,239.8307396062,199.8086282761
1997-09-19,240.2366943473,199.5924014469
1997-09-22,241.5795358691,200.8073566758
1997-09-23,240.4735658776,200.5812680999
1997-09-24,238.4985765244,199.3981833039
1997-09-25,236.8395266176,198.6492083851
1997-09-26,238.8146108903,200.4878315524
1997-09-29,241.1053656709,198.5169419992
1997-09-30,238.5774704215,198.4450673619
1997-10-01,241.7374660426,200.9271053120
1997-10-02,243.0804341237,201.5851235015
1997-10-03,244.3050218093,201.2606135869
1997-10-06,245.9243953788,201.4239902450
1997-10-07,248.2153083585,200.8440704910
1997-10-08,246.4774278343,199.1291164256
1997-10-09,245.6083293731,197.9567504490
1997-10-10,244.8973983840,198.4998070615
1997-10-13,245.1344597532,199.2513380650
1997-10-14,245.2135118494,200.2739268969
1997-10-15,244.6604635740,199.7254112571
1997-10-16,240.7894104046,199.7764463626
1997-10-17,238.3405988912,200.8104265832
1997-10-20,241.7374660426,201.2863200524
1997-10-21,246.4379096962,202.1691530347
1997-10-22,244.8184728470,203.3975957322
1997-10-23,239.9995222387,203.7280067399
1997-10-24,237.6295888025,206.7472303752
1997-10-27,220.4077170792,207.5586114439
1997-10-28,233.1265460008,203.3870602133
1997-10-29,232.4944930889,204.1831642034
1997-10-30,227.3596504939,204.2651095440
1997-10-31,232.7314120789,205.0937820924
1997-11-03,237.6295888025,204.7885488951
1997-11-04,237.6295888025,204.4315145186
1997-11-05,238.4195402481,205.0406095168
1997-11-06,237.5109394686,205.6775452437
1997-11-07,234.9435102611,206.1153209302
1997-11-10,233.5214742639,205.8755932544
1997-11-11,233.6004947203,206.2255401457
1997-11-12,228.7815757517,206.6442289296
1997-11-13,232.0996597454,207.0213582111
1997-11-14,235.2596395465,206.0982231737
1997-11-17,239.6044832363,206.2258397002
1997-11-18,238.1035375220,206.1250665231
1997-11-19,239.2884963301,207.8650255212
1997-11-20,242.9224564905,207.3623947343
1997-11-21,244.5814431176,207.4242187121
1997-11-24,240.1574682320,207.6131554158
1997-11-25,240.7894104046,208.7079351760
1997-11-26,241.5004363132,209.3987479176
1997-11-28,241.7374660426,209.5497452283
1997-12-01,247.9783419088,212.4980185458
1997-12-02,246.4774278343,212.3387301200
1997-12-03,247.1883588234,212.1859060180
1997-12-04,246.9514081936,212.1152244874
1997-12-05,250.1113721748,211.3807205860
1997-12-08,249.4004095459,211.5420660061
1997-12-09,247.8993689121,212.0641703404
1997-12-10,245.7664177456,212.3263296264
1997-12-11,241.5795358691,213.2400025904
1997-12-12,242.0536111478,214.5190358219
1997-12-15,244.5024543010,214.4870674750
1997-12-16,246.0033683755,215.1701475216
1997-12-17,244.7393732911,212.9323113225
1997-12-18,242.3694714947,215.0014248832
1997-12-19,240.5579018242,216.2793755495
1997-12-22,242.1045829017,216.5673573546
1997-12-23,237.7819978270,216.3227470108
1997-12-24,237.0682034339,216.7922338824
1997-12-26,238.0199134714,217.4303569033
1997-12-29,242.6993641028,218.7056617889
1997-12-30,246.5063466320,217.4942949001
1997-12-31,246.3478469417,218.4823224196
1998-01-02,247.6168727579,220.2751469225
1998-01-05,248.1720409014,224.9568628005
1998-01-06,244.2063055635,226.2113356707
1998-01-07,244.8407472820,224.2590595856
1998-01-08,242.6993641028,226.8000577566
1998-01-09,234.2920621381,227.5718209650
1998-01-12,238.5751607145,228.9717589588
1998-01-13,241.9062644950,226.6476015584
1998-01-14,243.0166166019,225.6916462126
1998-01-15,240.9941991550,224.2847750708
1998-01-16,244.4443635871,221.7696407091
1998-01-20,248.4099723658,222.2712993720
1998-01-21,246.0304837033,221.5918099706
1998-01-22,243.8494400068,222.0897966106
1998-01-23,243.4924478908,219.0823943035
1998-01-26,243.3339007408,218.5124247896
1998-01-27,245.7926629783,216.7214637583
1998-01-28,248.0135728510,215.8773816418
1998-01-29,249.3617140431,217.1471138518
1998-01-30,249.5204510320,217.9236374612
1998-02-02,253.6447335199,217.1311604957
1998-02-03,255.5480428555,219.4129173560
1998-02-04,255.2308694560,218.3261448908
1998-02-05,255.0723381259,217.0335619548
1998-02-06,257.9277371769,218.8636620001
1998-02-09,257.0552216148,219.3988847966
1998-02-10,259.5138098333,218.7745191338
1998-02-11,259.2759258287,221.2486293628
1998-02-12,260.3863570351,221.9250910491
1998-02-13,258.8793522949,223.1282105183
1998-02-17,260.1482990115,226.3640725822
1998-02-18,262.5278509537,224.6152270681
1998-02-19,261.1397486659,223.8521228785
1998-02-20,263.0828608981,225.5590774661
1998-02-23,264.1140818092,227.6109904456
1998-02-24,262.0519405652,227.6753959638
1998-02-25,265.3036283916,227.9364628631
1998-02-26,266.8107438712,226.8971097033
1998-02-27,266.8107438712,224.7777428452
1998-03-02,266.2555282680,223.6347270953
1998-03-03,267.7625013684,224.0862233595
1998-03-04,266.0176284434,224.9235582341
1998-03-05,263.5589453055,226.5676738261
1998-03-06,268.8729325749,227.6963597671
1998-03-09,267.9211750777,229.9695934053
1998-03-10,270.4591317906,230.0035288501
1998-03-11,271.7280785073,231.2624851160
1998-03-12,272.8384780739,231.9831978854
1998-03-13,271.8074628216,231.4622084872
1998-03-16,274.7420563480,235.6052323889
1998-03-17,275.5351717758,235.2869512835
1998-03-18,276.5663452272,233.7886161040
1998-03-19,277.2799814211,233.9667234468
1998-03-20,279.6677122573,234.8058152600
1998-03-23,279.0313088698,228.9409010380
1998-03-24,281.4176475539,230.5268136636
1998-03-25,280.3834999592,229.1188789981
1998-03-26,280.2245098517,228.0264653075
1998-03-27,279.0313088698,228.5480465990
1998-03-30,278.8721605632,230.7896055318
1998-03-31,279.8267023648,233.1230401016
1998-04-01,282.0936639990,235.7448184675
1998-04-02,285.1560507680,235.1771757374
1998-04-03,286.5876578115,236.2035679792
1998-04-06,284.2811463994,238.0169015919
1998-04-07,282.3721260758,238.2216034405
1998-04-08,280.7812441664,235.8882879308
1998-04-09,283.0083079846,235.7942340345
1998-04-13,282.2128195701,236.2945231051
1998-04-14,284.5992531736,236.7240586879
1998-04-15,285.3946783084,234.9640255302
1998-04-16,282.0538927423,235.1286764724
1998-04-17,285.7922959564,235.8444788132
1998-04-20,285.7128483624,235.8517142217
1998-04-21,287.0650078119,233.3148164094
1998-04-22,287.8604013069,233.5125325952
1998-04-23,285.0764133350,233.8306814115
1998-04-24,282.0538927423,234.4692188379
1998-04-27,276.7245759789,232.6519013209
1998-04-28,276.3268634115,232.8075420769
1998-04-29,278.2359470147,234.7599908393
1998-04-30,283.4060521918,235.7452838844
1998-05-01,286.5876578115,234.0728729706
1998-05-04,285.8719017495,234.1880537264
1998-05-05,283.8833705523,233.4173768916
1998-05-06,280.5425217065,233.6672757902
1998-05-07,278.3155211680,234.2717196262
1998-05-08,282.8492862372,235.2347143522
1998-05-11,281.8947444357,235.9328384682
1998-05-12,284.9171701090,236.7259303773
1998-05-13,285.6334324082,238.2548164068
1998-05-14,284.2015089664,237.8350640992
1998-05-15,282.6106586968,240.2814911438
1998-05-18,281.4969369488,243.6897588930
1998-05-19,283.4060521918,244.2014497752
1998-05-20,286.1104976501,245.1879972611
1998-05-21,284.2811463994,244.0294560900
1998-05-22,283.1673297319,244.5260729372
1998-05-26,278.6335013830,249.7007423586
1998-05-27,279.0313088698,251.2510257386
1998-05-28,280.3039258059,251.9200767334
1998-05-29,277.5199378341,251.5086991235
1998-06-01,278.7926180498,253.8713107417
1998-06-02,279.0313088698,252.9868759596
1998-06-03,274.5769281150,253.7788723751
1998-06-04,279.6677122573,253.1678775259
1998-06-05,285.0764133350,255.6608300230
1998-06-08,284.7582116413,258.1688040402
1998-06-09,285.6334324082,260.1914181052
1998-06-10,283.8038280388,263.1024911446
1998-06-11,278.4745429153,266.0633410404
1998-06-12,281.0993509407,266.1602718224
1998-06-15,273.7021186658,269.6420516866
1998-06-16,277.9177769608,266.0538130229
1998-06-17,283.7242855254,256.4582648207
1998-06-18,282.4517635088,259.2514378631
1998-06-19,281.0363244145,254.4440263554
1998-06-22,282.3927868799,255.5769069613
1998-06-23,285.7441401467,253.3754925394
1998-06-24,289.5744254050,254.7448765764
1998-06-25,289.0956199728,257.0059760028
1998-06-26,290.2925228139,257.1115063738
1998-06-29,291.3298976705,258.6837186659
1998-06-30,289.3350068690,256.0115046042
1998-07-01,292.6863284960,257.0478100050
1998-07-02,293.2447713612,259.9062826190
1998-07-06,296.1973679465,261.7490255875
1998-07-07,295.6387036026,260.7840897204
1998-07-08,297.7932173080,260.5684794382
1998-07-09,295.7983265065,263.7336430345
1998-07-10,297.3942707875,264.6325065416
1998-07-13,297.4740347798,263.0369711915
1998-07-14,300.8254196864,260.9282696359
1998-07-15,300.2666287833,260.8383867528
1998-07-16,302.3414417761,260.8535315423
1998-07-17,302.7404515762,260.4294891614
1998-07-20,302.7404515762,263.5579118834
1998-07-21,297.4740347798,266.8460121814
1998-07-22,297.4740347798,267.9008876556
1998-07-23,291.5691263676,269.6908335691
1998-07-24,291.3298976705,268.8962939970
1998-07-27,293.4044575447,270.6587748026
1998-07-28,288.4572232765,269.8695586616
1998-07-29,287.3399895082,271.9853129265
1998-07-30,291.6490801987,272.2200744518
1998-07-31,285.4248626990,274.5993547891
1998-08-03,284.2282129765,279.0841300760
1998-08-04,273.2164157523,278.0884513394
1998-08-05,276.9668420989,277.6352020450
1998-08-06,278.1637133002,278.2459705998
1998-08-07,278.6425503722,278.5383096249
1998-08-10,277.0465744513,281.0822426081
1998-08-11,272.8971699444,285.2717640012
1998-08-12,277.5252849641,285.4041120656
1998-08-13,274.1740266167,282.3276911612
1998-08-14,270.9822013343,283.5200048211
1998-08-17,276.7274552028,281.7429839473
1998-08-18,281.8340276165,283.2923245675
1998-08-19,281.1160884067,284.1707165468
1998-08-20,279.4404434131,283.5725338907
1998-08-21,277.2061657155,289.6972933429
1998-08-24,278.9616379809,289.5406657307
1998-08-25,279.6001295967,291.8201141474
1998-08-26,278.0042169555,295.5099531955
1998-08-27,264.9177174779,298.7194689960
1998-08-28,263.9604230118,296.9579560050
1998-08-31,245.1286063861,298.4622974074
1998-09-01,255.5019752741,290.2322424414
1998-09-02,253.6667864761,290.5882694169
1998-09-03,251.6719747742,284.6361997709
1998-09-04,249.5972250610,283.1950593549
1998-09-08,263.0027488678,280.7732643282
1998-09-09,256.6193039619,286.3632393416
1998-09-10,251.5123676902,283.1177081520
1998-09-11,259.6513481412,281.8175819348
1998-09-14,264.1197611573,282.1020288165
1998-09-15,265.7157528980,279.8184614003
1998-09-16,268.1096218598,281.8335857011
1998-09-17,260.4494468410,284.0535612769
1998-09-18,261.6094892890,282.7716441443
1998-09-21,261.4494076076,284.3975550613
1998-09-22,263.6114041310,282.5801713997
1998-09-23,274.1814303351,282.8669711221
1998-09-24,267.4551204939,281.0844399089
1998-09-25,267.1349254914,282.6995628555
1998-09-28,269.5370524468,283.7245180576
1998-09-29,268.8963776833,281.4958500900
1998-09-30,260.7286524536,285.6595248113
1998-10-01,253.2013963286,292.5195558421
1998-10-02,258.0861419476,292.4972685471
1998-10-05,252.8811855062,294.4945779244
1998-10-06,252.6408652352,291.7963346922
1998-10-07,248.8773558221,283.4058779678
1998-10-08,247.5161157435,282.3170841863
1998-10-09,252.4807202742,274.0168140086
1998-10-12,256.1643549558,274.5982106894
1998-10-13,255.2833757412,276.2503721606
1998-10-14,257.6858349148,277.3394193960
1998-10-15,271.5388407296,277.3337644406
1998-10-16,271.6190160395,277.4888998926
1998-10-19,272.5799807250,280.6761397228
1998-10-20,274.1814303351,280.0275807005
1998-10-21,273.2205922089,278.2505284581
1998-10-22,277.3044390038,278.0614591648
1998-10-23,273.7812498616,276.9006782000
1998-10-26,275.7829432249,273.3791276416
1998-10-27,274.1814303351,278.8078309962
1998-10-28,273.7009796322,277.8099957479
1998-10-29,280.3473040024,279.3631831729
1998-10-30,281.8687681415,277.7537708032
1998-11-02,286.6734333700,276.8758623804
1998-11-03,284.5913115782,276.5437384301
1998-11-04,287.6343031361,274.1990762293
1998-11-05,291.5579575102,272.8866249834
1998-11-06,292.4386519664,270.3922733294
1998-11-09,290.3568465728,272.8163336053
1998-11-10,289.5560743080,273.2008483231
1998-11-11,287.6343031361,272.3238463808
1998-11-12,287.3141714132,271.1682033418
1998-11-13,290.1166686811,273.1990920859
1998-11-16,292.2787443040,279.0473922082
1998-11-17,292.2787443040,279.9125338371
1998-11-18,294.0404179747,280.4043887801
1998-11-19,296.6028006305,280.7083418806
1998-11-20,298.8449250041,279.2887124635
1998-11-23,305.8918095257,282.6277931474
1998-11-24,303.9698168750,284.1258667555
1998-11-25,303.9698168750,283.8020638857
1998-11-27,306.2121310876,282.7674199149
1998-11-30,297.5637969559,288.3265164626
1998-12-01,301.4073709396,291.1627484836
1998-12-02,300.5267081233,295.1787876392
1998-12-03,295.5619770333,296.9793532554
1998-12-04,303.3292053912,296.2955065337
1998-12-07,304.7706840593,293.5875330420
1998-12-08,303.4093490613,298.6535392475
1998-12-09,303.9698168750,301.2537588100
1998-12-10,299.5255608633,305.0112532770
1998-12-11,300.1262112515,306.8678803808
1998-12-14,291.4780985985,304.5314268148
1998-12-15,299.0051174249,302.0386610256
1998-12-16,298.6048103920,296.6487029247
1998-12-17,303.3692614063,304.4487163024
1998-12-18,304.6582994102,306.2198021088
1998-12-21,308.9165132663,306.6975165566
1998-12-22,310.2822778394,304.2164012223
1998-12-23,316.7899565079,303.7907200609
1998-12-24,315.4241602949,300.9289915332
1998-12-28,314.6205404461,302.7240879999
1998-12-29,319.6019140827,301.7288642575
1998-12-30,317.0309253952,301.7328588853
1998-12-31,317.0309253952,300.9877074202
1999-01-04,316.3079238138,298.6111253784
1999-01-05,319.9234063180,297.9814907034
1999-01-06,327.6362141813,290.3775514238
1999-01-07,326.0294174413,292.4444148683
1999-01-08,328.4395492717,290.0032602432
1999-01-11,325.3063209404,287.3209346891
1999-01-12,319.4412470646,290.6391678237
1999-01-13,317.1917506124,298.4102939863
1999-01-14,311.6480107727,301.8319670244
1999-01-15,319.7626760202,299.2604090841
1999-01-19,321.8514738146,303.2263889663
1999-01-20,324.4224308622,303.4415572828
1999-01-21,315.8259227596,302.5695188853
1999-01-22,315.1029211782,303.6824872855
1999-01-25,318.3165462982,306.6292626301
1999-01-26,324.1011917456,308.4740902534
1999-01-27,320.3250738632,305.1852736904
1999-01-28,325.7080517653,303.2864976965
1999-01-29,328.1986753039,302.2980451483
1999-02-01,326.2705128878,304.0108242617
1999-02-02,324.2619853229,304.8368070333
1999-02-03,327.5560072316,304.5581599233
1999-02-04,322.6549671041,303.3561189104
1999-02-05,318.9592776502,303.6919533677
1999-02-08,319.6019140827,301.9723667808
1999-02-09,312.4515357021,303.0253137414
1999-02-10,314.4602214661,303.5784854541
1999-02-11,321.6909333558,303.9368363070
1999-02-12,317.8344503245,302.6397614567
1999-02-16,315.9062879085,303.6311616452
1999-02-17,315.5849222325,303.5616722193
1999-02-18,318.0755774109,300.2770334844
1999-02-19,319.4412470646,300.4610050398
1999-02-22,327.9577064166,302.3522479749
1999-02-23,327.7970077587,301.1169021950
1999-02-24,322.0122990318,300.8723537866
1999-02-25,318.9592776502,298.7545962447
1999-02-26,317.6737833064,301.8598829173
1999-03-01,318.5574835457,300.4287594872
1999-03-02,315.7455576107,297.8287145061
1999-03-03,317.4327194997,294.5733225719
1999-03-04,321.4498062694,292.7291304371
1999-03-05,327.9174922024,292.9284250715
1999-03-08,330.0465358508,289.9768089504
1999-03-09,329.2430742011,288.4883349162
1999-03-10,332.1355867637,283.0456852908
1999-03-11,335.8311180184,286.9281274533
1999-03-12,332.6174928984,288.6269086830
1999-03-15,337.3578027282,291.1501840318
1999-03-16,336.0721501854,290.1673644910
1999-03-17,334.6259571837,286.3332591386
1999-03-18,340.0088718062,288.6072888160
1999-03-19,334.2297000482,287.7156926872
1999-03-22,334.8739501116,281.9018919419
1999-03-23,325.2095347238,282.9855174314
1999-03-24,327.0618564856,285.4180882017
1999-03-25,333.7464017612,282.2500883084
1999-03-26,331.3302900043,277.4197145310
1999-03-29,338.0148985596,277.4913903339
1999-03-30,336.2430052263,274.6172475827
1999-03-31,330.8469284377,277.2772808308
1999-04-01,333.3436901019,278.3222265096
1999-04-05,341.2363703555,277.2570686697
1999-04-06,340.4310419563,278.5326699028
1999-04-07,343.1692471051,280.8229615105
1999-04-08,347.5182356116,282.1769133300
1999-04-09,347.5988538791,280.3231769422
1999-04-12,351.3035606823,282.3436140508
1999-04-13,349.0484956214,281.5233555861
1999-04-14,343.1692471051,283.0451980262
1999-04-15,341.8805571393,281.9049492216
1999-04-16,338.9814318538,281.4929375264
1999-04-19,333.7464017612,281.8036971983
1999-04-20,337.9344384912,281.3705481204
1999-04-21,347.5988538791,281.1683729924
1999-04-22,350.9009439425,281.8537982630
1999-04-23,350.0149023563,282.4008201391
1999-04-26,352.0283340937,282.8118764470
1999-04-27,353.7197357189,283.0331027996
1999-04-28,348.8874172856,283.2155398022
1999-04-29,346.2295772856,283.2144990282
1999-04-30,343.4109437083,283.8763471857
1999-05-03,349.6929355237,282.7798317332
1999-05-04,344.6994121954,279.7267999312
1999-05-05,347.4377755433,278.3087162914
1999-05-06,345.3035746039,278.8698272504
1999-05-07,347.9209789108,281.4139767066
1999-05-10,346.1894896307,279.6055373873
1999-05-11,349.6929355237,281.0522665140
1999-05-12,352.4310141133,281.8613951613
1999-05-13,353.9611792035,281.1471097348
1999-05-14,344.7799355434,281.0621200427
1999-05-17,345.8269605458,281.5894042945
1999-05-18,345.1827104823,282.1290212918
1999-05-19,347.6793772270,282.0211761633
1999-05-20,345.5854221417,283.2994198699
1999-05-21,343.6523871930,284.5415695153
1999-05-24,337.9344384912,286.6618290237
1999-05-25,332.4578067149,285.4130907830
1999-05-26,336.1625767978,286.6002906699
1999-05-27,331.3302900043,286.9919899851
1999-05-28,335.5584143893,285.2027851909
1999-06-01,334.3907467441,283.0729740133
1999-06-02,334.7129666953,282.4217867486
1999-06-03,336.5652251775,282.7512459768
1999-06-04,343.3303570807,282.7978164276
1999-06-07,344.2162404677,282.5907547230
1999-06-08,340.8336586962,282.4725804266
1999-06-09,340.5114703848,282.5867982786
1999-06-10,337.3706484961,283.7690083635
1999-06-11,334.5519516392,280.9625591142
1999-06-14,334.8739501116,282.0896534779
1999-06-15,337.1288886133,283.6004586028
1999-06-16,343.5719271246,284.7943467026
1999-06-17,346.7933989206,281.5554217468
1999-06-18,347.1942121906,278.2597608297
1999-06-21,348.0019135765,279.4991799092
1999-06-22,345.5784297409,281.3241798113
1999-06-23,343.8820923035,282.3087752322
1999-06-24,341.2970238950,283.0214812078
1999-06-25,340.4489184560,281.3923677938
1999-06-28,344.6091437821,281.4001237396
1999-06-29,347.8404239230,281.9089603855
1999-06-30,354.1414312717,279.8735126806
1999-07-01,356.8069597485,283.6942631543
1999-07-02,360.3612508361,286.0628180578
1999-07-06,360.2806009288,291.0998014520
1999-07-07,360.7652913680,293.1125338267
1999-07-08,361.0479299013,292.7965104542
1999-07-09,363.1885220849,294.6821642777
1999-07-12,361.5730876733,292.7295656880
1999-07-13,360.2806009288,292.6083141682
1999-07-14,362.3001391519,291.0612063264
1999-07-15,364.6023475483,292.1753346608
1999-07-16,366.5813235191,293.4071654609
1999-07-19,364.1581244420,288.3455033467
1999-07-20,356.6857475889,284.1874748617
1999-07-21,356.2818968959,279.9672031830
1999-07-22,351.5966087173,279.6374386878
1999-07-23,350.9100562113,280.0382533188
1999-07-26,348.3251143621,280.6030770899
1999-07-27,351.2332886368,281.4779967827
1999-07-28,352.3641275287,281.1906988718
1999-07-29,347.4364466708,282.1691818377
1999-07-30,343.1550724647,281.9368808884
1999-08-02,343.9629004099,278.6530652519
1999-08-03,342.3473077992,279.3639577653
1999-08-04,337.6619563408,278.0485032577
1999-08-05,340.7315886292,279.5572951840
1999-08-06,337.0157129686,283.3122976062
1999-08-09,336.2886931298,284.0945687732
1999-08-10,332.5728807489,282.5512600319
1999-08-11,336.6118939155,284.5255199490
1999-08-12,336.4100002088,286.6820771634
1999-08-13,344.2051981697,286.6466775195
1999-08-16,345.7400775935,285.4693092134
1999-08-17,348.0019135765,285.5392569406
1999-08-18,345.4978114735,284.8010738005
1999-08-19,342.6704453052,283.5008814388
1999-08-20,346.1438333670,283.9794272029
1999-08-23,352.7679465819,286.7167247642
1999-08-24,354.0604333264,286.9154430394
1999-08-25,357.6954059611,282.3420846091
1999-08-26,353.4141266745,283.8762530801
1999-08-27,349.1330055870,285.5575582267
1999-08-30,342.6704453052,287.7280858648
1999-08-31,341.3780218403,286.4489996174
1999-09-01,345.5784297409,286.9091297456
1999-09-02,341.4991074406,284.8338658471
1999-09-03,351.4754281975,283.5489460542
1999-09-07,350.1830680123,285.4750722048
1999-09-08,348.4866989351,286.5472426665
1999-09-09,348.3251143621,292.3079157343
1999-09-10,351.2332886368,293.4417717714
1999-09-13,348.8501455748,296.1305269735
1999-09-14,346.5478738989,295.2885499565
1999-09-15,341.0548210547,297.9053423285
1999-09-16,342.3875536532,295.2852157717
1999-09-17,346.7138880469,295.6630400717
1999-09-20,346.2277105361,294.4770492264
1999-09-21,338.9370411830,294.2140070112
1999-09-22,338.5725187893,295.6569556780
1999-09-23,331.4841861004,297.0266378665
1999-09-24,331.1602892386,294.8536033512
1999-09-27,333.3474552407,293.3120166724
1999-09-28,332.6994083986,291.1058935625
1999-09-29,328.7301610404,292.2074790925
1999-09-30,333.7525398867,291.8741028060
1999-10-01,333.0234634595,295.3856958083
1999-10-04,338.9370411830,291.3011722226
1999-10-05,338.6129544823,289.9324699751
1999-10-06,343.7974874184,289.0332168167
1999-10-07,341.8532836124,288.4408317275
1999-10-08,347.0378798282,285.9524974207
1999-10-11,346.4707676517,287.5872077633
1999-10-12,341.1242388250,291.7982126954
1999-10-13,332.2944503119,293.0145809115
1999-10-14,332.2132941675,291.8939501701
1999-10-15,323.7076556347,292.4112716544
1999-10-18,326.0566909682,291.5350862963
1999-10-19,329.2161170724,292.8283635493
1999-10-20,332.4564145627,294.4606171242
1999-10-21,334.4005234492,295.3290105579
1999-10-22,337.2357995731,298.1691567308
1999-10-25,335.5347161623,298.5401966077
1999-10-26,331.3222218496,298.0605290927
1999-10-27,337.3169240777,296.7049183486
1999-10-28,348.8200561037,290.7116116045
1999-10-29,355.1387501131,288.3379589631
1999-11-01,351.4123700315,290.6279141358
1999-11-02,348.9009591296,288.5671780789
1999-11-03,351.2501843020,289.5137938188
1999-11-04,353.9234328954,288.4711125875
1999-11-05,357.4067242216,287.0219183750
1999-11-08,357.7308109223,285.9155569102
1999-11-09,354.3689532344,289.1030762510
1999-11-10,357.0019559738,293.2435813495
1999-11-11,359.0269995260,291.1972579826
1999-11-12,362.2672020968,292.0791738612
1999-11-15,363.1178070819,291.4234631132
1999-11-16,366.1557046283,290.8946081296
1999-11-17,367.1278381712,293.6395397704
1999-11-18,369.7201520990,293.6783848421
1999-11-19,369.3960653982,294.4441432308
1999-11-22,369.3152572919,296.7054319708
1999-11-23,366.0747066830,296.3045205282
1999-11-24,368.0188155696,299.1258414703
1999-11-26,366.6417872197,302.2701173294
1999-11-29,365.3455986159,300.1668643783
1999-11-30,361.0522645570,295.9732729928
1999-12-01,363.9685069864,296.0003187845
1999-12-02,366.1557046283,299.1523093995
1999-12-03,372.8791352457,299.1124192443
1999-12-06,370.1250469060,297.0725130983
1999-12-07,367.1278381712,295.1759591593
1999-12-08,364.7786129988,297.3158978643
1999-12-09,366.5606627151,296.7933010540
1999-12-10,367.7758533735,293.1418640096
1999-12-13,368.4239634952,295.3653644868
1999-12-14,364.8595476644,297.5353609644
1999-12-15,366.8038463899,300.0293143483
1999-12-16,368.4239634952,302.1597797553
1999-12-17,370.7898944938,302.7161028534
1999-12-20,368.1101280970,302.5345912727
1999-12-21,373.7133191629,303.2406260726
1999-12-22,374.6879522517,303.5654621999
1999-12-23,380.6566149060,303.6651163320
1999-12-27,380.1287361093,305.7208783212
1999-12-28,379.8850145575,307.9891260658
1999-12-29,381.5092448397,305.7434054402
1999-12-30,381.0624905476,303.9470357917
1999-12-31,381.6716836878,304.6179141791
2000-01-03,377.9361913374,305.4678161111
2000-01-04,363.1564393050,306.8869369170
2000-01-05,363.8062263374,306.8435697650
2000-01-06,357.9593453594,305.9662910180
2000-01-07,378.7483855781,302.9481586670
2000-01-10,380.0476116047,303.4144253027
2000-01-11,375.4999882933,306.7443435679
2000-01-12,371.7643693835,308.7849995523
2000-01-13,376.7992775996,306.8328721921
2000-01-14,381.9152154007,312.4463539650
2000-01-18,378.9107611466,316.6801776532
2000-01-19,381.9964664646,315.5820235204
2000-01-20,376.1496171265,315.0820206752
2000-01-21,375.3374545257,317.1928145022
2000-01-24,364.6994818030,313.7015294703
2000-01-25,368.8410079941,313.5464182713
2000-01-26,365.9177098843,313.5803625353
2000-01-27,364.4558551706,314.6000687691
2000-01-28,353.0871291101,312.2160061832
2000-01-31,362.6693758792,313.4865045671
2000-02-01,366.2423344620,312.2164758092
2000-02-02,366.5672437981,309.1120018123
2000-02-03,372.0893103594,307.6307735092
2000-02-04,370.5463627809,310.8589164076
2000-02-07,369.9781432107,310.5612877252
2000-02-08,375.0126084692,307.0595951541
2000-02-09,367.1356848471,309.3352281346
2000-02-10,367.8665647443,312.4910997290
2000-02-11,360.3953902044,311.3734715478
2000-02-14,362.5069053912,313.0251101767
2000-02-15,366.6078060504,313.1701089814
2000-02-16,361.2074578858,314.7451343196
2000-02-17,359.3398224500,312.5334263074
2000-02-18,351.6251794769,312.1825004773
2000-02-22,350.7319240113,305.7225844489
2000-02-23,354.8734185626,308.7028393422
2000-02-24,347.7271849987,308.6265783212
2000-02-25,346.4684895845,312.8904075679
2000-02-28,353.7366946637,314.8984392722
2000-02-29,357.1471194789,315.6801471085
2000-03-01,359.7460777694,318.2475158960
2000-03-02,359.9895462027,319.5516227103
2000-03-03,366.7296826463,318.3668536344
2000-03-06,363.1564393050,320.7728375157
2000-03-07,356.1322088962,323.4978112509
2000-03-08,355.6853280448,317.6413874794
2000-03-09,366.0801170927,315.4684612006
2000-03-10,364.1309774743,315.3050979718
2000-03-13,360.1520166906,313.8777895771
2000-03-14,355.0356992116,311.9120034743
2000-03-15,363.3190047124,311.0894144176
2000-03-16,380.2911749575,309.0780887163
2000-03-17,382.8043576895,307.3065709662
2000-03-20,380.8504404580,305.6406219709
2000-03-21,388.6662359432,307.8232960474
2000-03-22,391.0272627694,308.5778927492
2000-03-23,397.7031387337,305.5890206282
2000-03-24,400.0639440810,307.9169088800
2000-03-27,395.8303460068,309.2420439385
2000-03-28,393.5511081215,309.7457268241
2000-03-29,393.9580595170,309.3677050928
2000-03-30,387.3636560954,305.8998262005
2000-03-31,391.7600726957,307.3122129933
2000-04-03,394.0395953393,303.9621414958
2000-04-04,391.1085771129,299.5104273435
2000-04-05,388.6662359432,300.9811326552
2000-04-06,392.0447678175,302.3533956825
2000-04-07,394.5280192775,301.7170495438
2000-04-10,392.9812749203,298.4201850972
2000-04-11,391.8415452383,298.5710726681
2000-04-12,381.0946366071,303.1240322293
2000-04-13,375.8029079528,302.6196074226
2000-04-14,354.3100082453,301.3470477350
2000-04-17,366.6847224586,304.4739675733
2000-04-18,376.3729309929,305.8437675191
2000-04-19,372.8720162856,308.9654089247
2000-04-20,374.6631149911,309.4970702398
2000-04-24,370.5924303623,310.0733185721
2000-04-25,385.9796037049,310.4011001349
2000-04-26,381.6240973950,309.5195688967
2000-04-27,380.3621114393,311.9567602624
2000-04-28,378.0012428122,312.7408108173
2000-05-01,383.1301845804,312.2054063238
2000-05-02,375.4772709008,314.6750877764
2000-05-03,366.6847224586,312.7000423431
2000-05-04,369.4528905193,315.1955829950
2000-05-05,373.9306531029,313.1898726626
2000-05-08,371.1217962307,317.9895021675
2000-05-09,368.1502790316,318.5663111247
2000-05-10,359.8460912480,319.0662504311
2000-05-11,368.0685850102,323.9793373266
2000-05-12,372.0580818548,321.3128555893
2000-05-15,378.4896351106,324.3191826471
2000-05-16,382.1532734244,325.7956154727
2000-05-17,378.1639031391,330.3655453119
2000-05-18,373.5233220295,334.3209931829
2000-05-19,367.6616968943,331.7584146615
2000-05-22,364.8935921133,327.5570916834
2000-05-23,359.5203909163,328.6332476529
2000-05-24,365.3821742506,334.0816772067
2000-05-25,359.1132496819,334.7386466047
2000-05-26,359.5203909163,329.2300591131
2000-05-30,371.2440525044,330.1213412558
2000-05-31,372.0580818548,327.1141381840
2000-06-01,378.5708861745,328.3543795601
2000-06-02,385.1655427147,324.8064669038
2000-06-05,383.2929081869,323.4375761445
2000-06-06,381.5832187444,320.7799146784
2000-06-07,384.2293520101,319.4620735563
2000-06-08,382.7231066256,321.6364719516
2000-06-09,381.9091405548,324.1905528066
2000-06-12,377.4311248526,326.0383163445
2000-06-13,384.5142369709,326.6624589199
2000-06-14,385.1655427147,327.3000203138
2000-06-15,385.9796037049,326.7256014787
2000-06-16,382.8083126673,321.8139447079
2000-06-19,387.7044169825,321.3583137097
2000-06-20,386.3172006098,322.5078544159
2000-06-21,386.1540656855,325.5223882045
2000-06-22,380.2784241090,328.3719737012
2000-06-23,377.0144600316,329.7599694024
2000-06-26,381.8696540565,330.0806364207
2000-06-27,379.0541528216,329.6832083890
2000-06-28,380.1151942653,328.8448319387
2000-06-29,376.5246439413,332.1279234932
2000-06-30,379.3807074285,332.7483412303
2000-07-03,384.6033979904,334.3453301563
2000-07-05,377.6670946480,332.1529979779
2000-07-06,380.6048205168,331.2732456264
2000-07-07,386.7251644796,332.9550525693
2000-07-10,386.0723400243,330.7949335729
2000-07-11,386.8883943233,333.2851601141
2000-07-12,389.4181563222,335.4358602314
2000-07-13,391.1318323823,339.9648274723
2000-07-14,394.9673065715,338.3496830789
2000-07-17,394.3146403153,337.8784434778
2000-07-18,391.0907638929,341.7723579058
2000-07-19,387.9493408476,341.1654931804
2000-07-20,393.3352928930,339.4906357212
2000-07-21,385.6644710739,336.2398137718
2000-07-24,383.4611054827,334.7109215288
2000-07-25,384.6850287321,335.2199887786
2000-07-26,380.9313118440,336.6011733985
2000-07-27,379.6257262130,339.6956390284
2000-07-28,371.0571877134,341.2658598694
2000-07-31,373.4236565890,339.8459990467
2000-08-01,375.7087478414,344.1056318247
2000-08-02,377.5853373470,347.6428581326
2000-08-03,380.1967617275,350.3165424065
2000-08-04,382.2370556741,353.2969302905
2000-08-07,386.8067319417,350.2988598724
2000-08-08,388.2758005350,352.7166544586
2000-08-09,385.0115516992,356.0463916280
2000-08-10,383.1345508759,358.3691800373
2000-08-11,384.9298576778,358.0391045627
2000-08-14,389.8261201921,358.7773791025
2000-08-15,389.4997870640,355.1959041166
2000-08-16,388.1124757718,354.2552208384
2000-08-17,392.1926523473,355.2919623922
2000-08-18,390.8869717969,359.1987042465
2000-08-21,393.0084851676,362.5920788561
2000-08-22,392.3557556317,361.4213496556
2000-08-23,393.9064866065,364.6150127198
2000-08-24,395.1305364152,362.6315110105
2000-08-25,394.9673065715,364.6233893216
2000-08-28,396.3137708530,365.4976909640
2000-08-29,396.3955597939,364.3304833578
2000-08-30,392.6008060561,368.0064043968
2000-08-31,397.8235915375,367.1848813692
2000-09-01,398.2313655684,368.1377956707
2000-09-05,395.0489373133,370.8806064777
2000-09-06,390.5606070290,377.8464514993
2000-09-07,393.9064866065,379.6920577237
2000-09-08,391.2131783657,377.4545526481
2000-09-11,390.6424276097,381.2066640537
2000-09-12,387.7860160844,381.2476655370
2000-09-13,388.8061155980,382.2248348327
2000-09-14,390.7646206037,384.4344068780
2000-09-15,382.2154773152,386.7843385921
2000-09-18,378.6977935021,387.4736165804
2000-09-19,382.1338465734,388.6420936603
2000-09-20,379.3111314590,387.7237512943
2000-09-21,373.5436347955,383.9268710742
2000-09-22,380.3337937982,378.3372048354
2000-09-25,377.6340626734,377.4805500492
2000-09-26,372.8074710480,375.3853382671
2000-09-27,374.7709118660,374.6128809421
2000-09-28,379.5975667711,371.4780798842
2000-09-29,375.9979358180,373.4021547531
2000-10-02,376.5705216837,377.3377596697
2000-10-03,373.0529327901,378.3080326979
2000-10-04,376.1616718988,377.5866952636
2000-10-05,377.4705480713,377.6543266299
2000-10-06,369.2894708366,379.1189939493
2000-10-09,366.5079507710,383.4392808491
2000-10-10,360.4541769944,385.2389107208
2000-10-11,357.4271635469,388.8381610436
2000-10-12,348.5100491240,395.2305960342
2000-10-13,360.1269579513,395.4861913788
2000-10-16,361.7629898873,393.2629455580
2000-10-17,352.7638966846,391.9967851519
2000-10-18,351.4549255926,394.2457606891
2000-10-19,364.7082460338,390.5098332434
2000-10-20,366.2627105076,392.1136631160
2000-10-23,367.8987108038,396.4613563954
2000-10-24,365.4444730609,393.4228493282
2000-10-25,356.8545460413,392.6913628194
2000-10-26,357.8362980902,391.6967578289
2000-10-27,364.6264570929,386.4564224353
2000-10-30,367.8987108038,387.4230264472
2000-10-31,374.2391097313,385.5040267670
2000-11-01,372.9712387687,385.2536286777
2000-11-02,373.5845767256,382.7718133139
2000-11-03,373.7892863765,379.9612865558
2000-11-06,376.4069438020,381.0762753704
2000-11-07,376.3252814204,382.9901001440
2000-11-08,367.9804997447,385.0785547626
2000-11-09,366.5898979109,387.4265037446
2000-11-10,357.6725303695,391.4499309422
2000-11-13,354.8910735835,393.7684835969
2000-11-14,364.2172909098,398.5336189363
2000-11-15,365.3627473997,404.7050429448
2000-11-16,359.6360344672,404.9526464282
2000-11-17,357.7135672191,407.1081396179
2000-11-20,352.6004453621,410.3134462218
2000-11-21,354.4001500993,412.8283310383
2000-11-22,345.9329223109,414.4298979666
2000-11-24,353.0095166258,415.6209561835
2000-11-27,356.1182240947,410.5141452246
2000-11-28,349.9825664579,406.6149982642
2000-11-29,349.3279701725,410.0999274092
2000-11-30,346.3011465639,408.2328080813
2000-12-01,346.1373155636,402.7308689154
2000-12-04,349.0824767906,401.8691665008
2000-12-05,360.5360924946,402.0573473530
2000-12-06,354.7683110726,403.5857457169
2000-12-07,349.9006193179,404.2803957425
2000-12-08,350.7188567646,401.8825288960
2000-12-11,362.9082565382,409.1903060976
2000-12-12,361.3540451829,406.0073269766
2000-12-13,356.4046277670,404.3795423658
2000-12-14,351.8640917757,398.1040904690
2000-12-15,343.9166746294,402.7962379388
2000-12-18,348.5120740726,405.3047938273
2000-12-19,341.4137431998,404.0467235974
2000-12-20,331.5255393482,400.8514555264
2000-12-21,333.8231283305,399.9798256214
2000-12-22,343.8346009301,397.5084672048
2000-12-26,347.5274427999,398.5078551455
2000-12-27,350.0711896004,400.2413892060
2000-12-28,351.1380527714,398.3577456747
2000-12-29,344.4909690455,401.5378861937
2001-01-02,338.2544752947,400.1649524009
2001-01-03,354.5025049247,400.3922246630
2001-01-04,350.6865841458,402.0472409718
2001-01-05,339.2391065674,403.2920516312
2001-01-08,341.8651801856,404.2289159655
2001-01-09,340.9624327733,405.0793955596
2001-01-10,346.9528003458,407.1413778393
2001-01-11,347.2810635030,406.2889198226
2001-01-12,346.6245688283,406.5928096848
2001-01-16,348.8404954290,407.1085418968
2001-01-17,350.4403946878,402.8768180966
2001-01-18,353.9279890298,404.4851826770
2001-01-19,351.9175630756,408.1685780465
2001-01-22,354.2564420260,406.3366228479
2001-01-23,357.0463466446,405.1195943892
2001-01-24,358.1132414555,404.4451626381
2001-01-25,357.2105889626,406.7174014025
2001-01-26,356.8001255468,410.0204503615
2001-01-29,358.7038303802,405.1794195999
2001-01-30,361.8551250501,403.3106343321
2001-01-31,359.8067945886,402.9309458591
2001-02-01,362.1964870938,408.1948056506
2001-02-02,353.9773787926,412.0136403385
2001-02-05,356.5769698795,408.3525251484
2001-02-06,355.5265594161,407.8251627259
2001-02-07,353.6883806549,415.2667330492
2001-02-08,349.5657434377,417.3788542764
2001-02-09,346.2045185463,417.9208293257
2001-02-12,350.1695578082,415.2354092104
2001-02-13,347.3075143945,413.8197257147
2001-02-14,346.7821351438,407.9693714043
2001-02-15,350.1434549547,404.7650332162
2001-02-16,342.4230851738,406.6252529695
2001-02-20,337.1450249227,404.6161021200
2001-02-21,329.8711246755,404.3498555036
2001-02-22,330.3700530347,403.8867620008
2001-02-23,328.1379901246,405.5280936101
2001-02-26,335.1229555138,405.4088469708
2001-02-27,332.0244993473,406.4906809460
2001-02-28,325.4860034918,405.6882588516
2001-03-01,327.1926555113,406.8863418167
2001-03-02,324.5930327846,406.6921578485
2001-03-05,327.5602786076,409.7898569431
2001-03-06,331.0791647340,409.6513532293
2001-03-07,333.4424063477,415.4395452227
2001-03-08,333.8100294440,413.4615130637
2001-03-09,323.9364431904,410.3082026652
2001-03-12,310.0715566223,411.1956562430
2001-03-13,315.1658527850,411.1203857863
2001-03-14,308.9423313613,414.1665616088
2001-03-15,309.0211461589,419.5581538801
2001-03-16,302.8229682330,423.8177356466
2001-03-19,308.9842541260,420.9430772688
2001-03-20,300.6902543652,419.3927399709
2001-03-21,295.5822265196,424.6531984309
2001-03-22,292.5804616503,429.7480791236
2001-03-23,301.4276837056,426.8211583588
2001-03-26,305.2716057273,423.8149277116
2001-03-27,311.5118962568,423.3961300899
2001-03-28,302.9019728695,422.0022672697
2001-03-29,304.0604966060,422.7953818283
2001-03-30,307.2465318009,427.1997992430
2001-04-02,300.6902543652,424.8548384898
2001-04-03,290.6584689996,423.7439137548
2001-04-04,291.8695148413,423.1565687777
2001-04-05,302.9283288415,424.2107547454
2001-04-06,298.3205582277,424.9279161556
2001-04-09,301.6380885244,426.4628474933
2001-04-10,307.1412661118,426.3478659727
2001-04-11,307.3517658501,421.9379609683
2001-04-12,312.9337582351,416.6606667242
2001-04-16,309.6425206307,417.4535957774
2001-04-17,314.0131824156,419.5482008339
2001-04-18,326.4939216737,417.1632051093
2001-04-19,330.8382274865,408.7483647096
2001-04-20,327.8104230434,407.8858281725
2001-04-23,321.8596685286,415.2134220712
2001-04-24,320.1218829238,414.3084246623
2001-04-25,324.3084325822,412.3644527207
2001-04-26,325.7566505325,412.3342911213
2001-04-27,331.1805387249,413.2218906179
2001-04-30,333.4976811174,410.1249490785
2001-05-01,334.5246148326,406.9903459531
2001-05-02,333.9189337127,403.0008474857
2001-05-03,329.6797037500,407.1213742339
2001-05-04,335.2879571875,406.7249171235
2001-05-07,332.3917744055,406.6192880368
2001-05-08,332.2338600520,409.4146267108
2001-05-09,330.8382274865,410.8713361432
2001-05-10,331.8123859780,412.2342990508
2001-05-11,329.5218210363,410.0793840244
2001-05-14,330.1800242614,408.8267244160
2001-05-15,331.7072152084,407.8629450757
2001-05-16,339.5271555104,405.7077933321
2001-05-17,340.0538636336,406.0326394813
2001-05-18,341.6073472730,408.4529521692
2001-05-21,346.6364021219,412.8694776386
2001-05-22,346.1888251944,416.4551795598
2001-05-23,340.3172018754,419.2871270195
2001-05-24,341.3176214194,415.9279947253
2001-05-25,337.2890810340,416.0140874273
2001-05-29,334.6035561895,417.6422111791
2001-05-30,329.9166860197,417.6237903318
2001-05-31,331.6281472922,418.9114689525
2001-06-01,333.6819198032,415.0937614273
2001-06-04,335.2879571875,416.4518867655
2001-06-05,339.1323538066,417.4566687916
2001-06-06,336.3149225426,416.2485582174
2001-06-07,337.5261898630,415.4841090893
2001-06-08,334.3926767733,415.4237183429
2001-06-11,332.0231704747,416.6621396423
2001-06-12,331.4437504074,416.7184848497
2001-06-13,328.6002479296,416.0073293618
2001-06-14,321.2277579959,415.8613067201
2001-06-15,321.7452272910,418.4148454908
2001-06-18,320.1873140765,416.2077520609
2001-06-19,321.5867750605,417.5350612696
2001-06-20,323.2768161733,417.7483405588
2001-06-21,326.9470988498,416.4283050423
2001-06-22,324.3857286683,417.8979903253
2001-06-25,321.4020934172,420.1526017763
2001-06-26,320.9531243375,417.5105669525
2001-06-27,320.7684110544,417.4163233417
2001-06-28,322.5375517232,423.3080829176
2001-06-29,323.7257536131,420.3826100162
2001-07-02,327.7656210549,418.5318571470
2001-07-03,327.6865214989,416.2736341051
2001-07-05,321.2965429697,419.7813489341
2001-07-06,314.3519816337,417.9057809469
2001-07-09,316.0682205194,417.2029837207
2001-07-10,312.2659681438,412.7053603623
2001-07-11,312.5828409650,410.6068998822
2001-07-12,320.0026007934,408.8915075593
2001-07-13,322.7750402300,412.9263546078
2001-07-16,318.7350462289,416.4941813740
2001-07-17,321.7188396791,412.5168786528
2001-07-18,319.5271175426,410.9872305583
2001-07-19,322.3261660698,412.1777592182
2001-07-20,320.3986364502,411.5823555338
2001-07-23,314.0878207566,413.9034243861
2001-07-24,311.0512837225,411.4471936215
2001-07-25,314.4839513329,406.3019955915
2001-07-26,317.7845226848,408.2941578230
2001-07-27,318.9992387459,408.2062295103
2001-07-30,319.1049157526,409.1375803984
2001-07-31,320.4251506214,410.4228523608
2001-08-01,322.4319063563,409.4256782571
2001-08-02,323.7519513860,406.8749601492
2001-08-03,321.9830005562,408.6524684880
2001-08-06,317.6524580662,408.7174336290
2001-08-07,318.8935617391,409.4381823770
2001-08-08,312.9787184227,408.8439838257
2001-08-09,313.9029492744,406.1499847664
2001-08-10,314.9856639965,406.5952500167
2001-08-13,315.0648901117,405.9482828724
2001-08-14,314.9328254931,402.1866851403
2001-08-15,312.2132245598,396.6394408883
2001-08-16,313.2957810828,397.9479630496
2001-08-17,308.2787810062,399.0566689367
2001-08-20,311.1306047572,399.6351258946
2001-08-21,305.8230245519,398.9285412934
2001-08-22,308.9915945648,401.2342075930
2001-08-23,307.8827453494,398.9725696901
2001-08-24,314.2727238786,400.4079269707
2001-08-27,312.3979062031,400.6310380411
2001-08-28,307.8298435664,403.6750359051
2001-08-29,305.0837601018,405.1045676576
2001-08-30,299.2218185684,406.6581492438
2001-08-31,301.4133508660,404.6849898312
2001-09-04,299.4858845260,401.0877852781
2001-09-05,300.2252122557,401.6331269832
2001-09-06,292.4884530468,404.9251801177
2001-09-07,287.0756704320,407.0750665573
2001-09-10,290.5874059585,406.6958341808
2001-09-17,275.4044043898,415.1669966373
2001-09-18,274.7443660550,417.0859607397
2001-09-19,269.1993922623,420.4304846164
2001-09-20,260.6440159288,417.0900171024
2001-09-21,257.8320899938,416.1932486728
2001-09-24,266.8964245102,416.9156350990
2001-09-25,269.6795265670,417.2687971149
2001-09-26,268.7251113247,417.9610300594
2001-09-27,271.0575673912,420.0811694052
2001-09-28,276.8090226649,419.0546515891
2001-10-01,276.3583766746,421.9909618688
2001-10-02,279.8305624232,423.4775045833
2001-10-03,284.5216090495,422.2857242887
2001-10-04,284.7601416705,420.5072986457
2001-10-05,284.2035339150,421.5803268814
2001-10-08,282.3483329294,422.5414042182
2001-10-09,280.8375946901,419.8504515148
2001-10-10,287.0925660972,416.9820130267
2001-10-11,291.5450484627,412.2317537898
2001-10-12,290.2199410613,417.9787099879
2001-10-15,289.6899740364,419.2618682321
2001-10-16,291.5187557703,417.6228289312
2001-10-17,285.3167177861,418.8511770219
2001-10-18,284.7070816883,422.3141048969
2001-10-19,284.5216090495,414.8613300932
2001-10-22,290.1405251071,413.7635481736
2001-10-23,288.6561744797,415.9943021990
2001-10-24,287.8877064736,413.0243475103
2001-10-25,293.0560081808,417.1055276911
2001-10-26,292.3933121009,416.9729663608
2001-10-29,284.7866874815,418.2762142985
2001-10-30,281.3675617151,422.5253933363
2001-10-31,280.4136210701,426.7712028121
2001-11-01,287.5961771501,431.8641922727
2001-11-02,289.5573082611,431.3075130966
2001-11-05,293.3475375043,435.2160022686
2001-11-06,297.9063296730,435.0937372344
2001-11-07,297.5085221862,435.8576134107
2001-11-08,298.4362966980,427.4806267167
2001-11-09,298.7544351121,423.3225229673
2001-11-12,296.9255900985,429.4904542447
2001-11-13,303.6044718459,421.2666439224
2001-11-14,303.8962226482,424.8865889607
2001-11-15,304.4527354841,428.8930211262
2001-11-16,303.1010822718,421.7853796968
2001-11-19,306.8380300540,420.8358310489
2001-11-20,304.2671995656,418.1077290789
2001-11-21,302.2528819132,415.9888603091
2001-11-23,306.5995923525,415.3616911210
2001-11-26,307.2622884324,420.0696545467
2001-11-27,305.9368962726,414.2730001641
2001-11-28,300.3975543683,419.2133896123
2001-11-29,304.4527354841,423.3227729134
2001-11-30,302.2795226437,418.3182684818
2001-12-03,300.4771285216,417.7574375346
2001-12-04,305.5659193552,421.4334933681
2001-12-05,311.1582263222,416.9918589388
2001-12-06,310.9992678545,419.1204983562
2001-12-07,308.9318902199,414.1273132559
2001-12-10,303.1539840548,417.7307241692
2001-12-11,302.5443479570,420.3569854296
2001-12-12,302.8887790635,423.3347670191
2001-12-13,297.0049427731,421.5531571188
2001-12-14,299.8409782527,414.9895503388
2001-12-17,302.9420921643,414.9219668771
2001-12-18,304.7442648076,418.3463729867
2001-12-19,306.8909634769,419.6320712806
2001-12-20,303.8696768372,422.1840714897
2001-12-21,305.7126648514,418.7124641513
2001-12-24,305.1276761753,417.0600758845
2001-12-26,306.8030996901,410.7708786558
2001-12-27,308.6647551995,414.6917956812
2001-12-28,308.5050373761,414.0876090070
2001-12-31,303.9839598756,421.0608605108
2002-01-02,307.2552011122,415.9716793709
2002-01-03,310.7390935950,419.2059716048
2002-01-04,312.8136534693,412.3862835184
2002-01-07,310.6062696206,412.5652144606
2002-01-08,309.8881405719,413.4532851868
2002-01-09,307.3615425552,417.0072617921
2002-01-10,308.7180050206,418.9983349441
2002-01-11,305.6859292015,421.1278302315
2002-01-14,303.7713402692,424.3910880517
2002-01-15,306.2445302657,421.6444016770
2002-01-16,300.0479659707,419.7374273708
2002-01-17,302.3085047210,424.7134087832
2002-01-18,300.9254964446,427.2431390351
2002-01-22,298.8511580491,427.4290562415
2002-01-23,301.1382426104,424.0263277950
2002-01-24,302.0691178248,422.6376456940
2002-01-25,301.9891956335,419.2469798027
2002-01-28,302.8136977650,421.4925004915
2002-01-29,293.2928006115,424.6130215493
2002-01-30,297.5212730346,426.1756202368
2002-01-31,301.0053553563,422.1464473857
2002-02-01,299.5957063495,419.5631294511
2002-02-04,292.1489893924,423.9791264659
2002-02-05,290.3404571448,426.3731158406
2002-02-06,289.0906841605,427.7910413348
2002-02-07,287.2821835527,426.5376998365
2002-02-08,292.7874493684,425.6248772305
2002-02-11,296.3777465739,418.5360772674
2002-02-12,295.4469029993,417.8462006712
2002-02-13,298.5850987827,415.6266572396
2002-02-14,298.0264977185,417.5318560666
2002-02-15,294.9150692248,419.2485039328
2002-02-19,289.2501805052,418.6380802315
2002-02-20,294.1171445440,420.5859589087
2002-02-21,288.0268584124,418.8622762725
2002-02-22,291.5906098070,418.9348856150
2002-02-25,296.4043240247,425.0460276147
2002-02-26,295.7926946181,423.1992014248
2002-02-27,296.9363159983,423.6714263787
2002-02-28,295.6064309837,419.9426212945
2002-03-01,302.4946101563,412.7077038826
2002-03-04,307.8402214281,409.3928976354
2002-03-05,306.8564127908,405.0982567691
2002-03-06,310.4997383387,401.9013541268
2002-03-07,309.8347958314,391.5527484860
2002-03-08,311.1380717553,390.5481353288
2002-03-11,311.8028877033,385.7365187336
2002-03-12,311.6167506282,386.9914006976
2002-03-13,308.6115370183,389.8502710806
2002-03-14,308.1859814072,386.0386931478
2002-03-15,311.1226315220,385.0240979811
2002-03-18,311.1759762625,383.3834829374
2002-03-19,313.2562313048,384.7971133474
2002-03-20,307.3617323942,388.1984039524
2002-03-21,307.4952524447,384.5484336125
2002-03-22,306.8285064675,387.3222455532
2002-03-25,303.0144524381,386.9943660766
2002-03-26,304.7747339566,385.5619658568
2002-03-27,305.5749050647,385.8470430157
2002-03-28,305.4414482939,389.4505738910
2002-04-01,305.5749050647,387.4122253481
2002-04-02,303.8946406570,385.3924431705
2002-04-03,301.7608826751,384.6480698055
2002-04-04,300.5074078316,385.2720788892
2002-04-05,300.5604994536,384.5808656726
2002-04-08,301.2007945392,385.8221045281
2002-04-09,299.0937089276,386.5181234445
2002-04-10,302.4811948716,387.8621863580
2002-04-11,294.9596497345,388.3230151126
2002-04-12,297.1734564671,385.7580718245
2002-04-15,294.9063682736,384.0742701232
2002-04-16,301.9208852569,385.4261911056
2002-04-17,301.2807483704,385.6232688965
2002-04-18,299.9738022271,387.0485315215
2002-04-19,301.0675908870,386.0854771652
2002-04-22,296.0531219962,385.0254543446
2002-04-23,294.7730064223,385.4423335749
2002-04-24,291.8124366017,387.0995227310
2002-04-25,291.9725024632,388.9349286691
2002-04-26,286.4248709253,389.4862771984
2002-04-29,285.0111720213,388.7289130501
2002-04-30,287.6782824892,385.3378665271
2002-05-01,291.1990353651,386.1626197122
2002-05-02,290.0787958137,385.6948898796
2002-05-03,286.9315826809,387.6006751880
2002-05-06,281.3038707526,386.9327902409
2002-05-07,280.3170563322,387.4706402776
2002-05-08,290.7456367103,384.9191074897
2002-05-09,287.3848864162,386.7866393189
2002-05-10,281.9706800094,388.0563098942
2002-05-13,287.7050814188,383.5318962023
2002-05-14,293.9729302336,382.0280288356
2002-05-15,292.8258601128,383.1377633702
2002-05-16,294.3462801377,384.2526553732
2002-05-17,295.7863666537,387.1444924845
2002-05-20,292.5859353396,388.0091834287
2002-05-21,289.9187932319,388.7152953972
2002-05-22,290.5588035591,390.8799542126
2002-05-23,293.6526719514,389.0376039019
2002-05-24,289.8920575819,389.6118581775
2002-05-28,288.3185459350,390.8510754160
2002-05-29,286.1845981141,391.9314850793
2002-05-30,285.3845535653,391.8934557899
2002-05-31,285.9714406307,392.0662220631
2002-06-03,278.3700998616,393.1354735472
2002-06-04,279.0633600099,394.6234996026
2002-06-05,281.6772522966,393.6685114700
2002-06-06,275.9429141669,396.3084784758
2002-06-07,275.6229090032,396.4409964114
2002-06-10,276.6897088947,394.2781938516
2002-06-11,271.9422801048,395.5837995408
2002-06-12,273.5957772227,395.7870175473
2002-06-13,270.8486180042,392.3679193349
2002-06-14,270.4485324501,392.4073340512
2002-06-17,277.7033538845,392.2683379617
2002-06-18,279.9702838788,393.9470115587
2002-06-19,273.4358062808,395.6962458222
2002-06-20,269.9416941353,398.3705320112
2002-06-21,265.7209418289,402.0238291197
2002-06-24,267.1128092555,397.8405769240
2002-06-25,261.1176007902,398.5187822199
2002-06-26,261.5456875871,402.6691183981
2002-06-27,266.1224828148,400.4157427472
2002-06-28,264.8645942161,403.2949096757
2002-07-01,259.6989660739,399.9928824490
2002-07-02,254.1853157053,398.9500958876
2002-07-03,255.6305595123,397.3716548866
2002-07-05,265.8013702574,393.8374998891
2002-07-08,262.4824003488,400.5770303409
2002-07-09,255.8715600394,403.0670508319
2002-07-10,246.5574291252,404.8104229874
2002-07-11,248.5648334765,406.0394443491
2002-07-12,245.8349179611,407.5258595850
2002-07-15,247.1462303999,411.3980869294
2002-07-16,242.3820957839,410.7875495798
2002-07-17,242.8639228191,410.9587806989
2002-07-18,234.9949724322,409.1805180118
2002-07-19,226.7246550785,412.7043493534
2002-07-22,220.0067930699,408.2121693882
2002-07-23,213.9846591157,399.4892770326
2002-07-24,226.7515331076,404.8968582378
2002-07-25,224.8244306256,405.7108821808
2002-07-26,229.1068489458,399.2143234927
2002-07-29,240.2676855533,393.9026859126
2002-07-30,243.3991420546,398.4318812518
2002-07-31,243.9880540687,399.0825883675
2002-08-01,237.6178978882,401.0747447862
2002-08-02,232.2918083867,405.2560235703
2002-08-05,224.2087355018,404.2047861447
2002-08-06,231.7564151322,399.6983420141
2002-08-07,235.7978803850,404.2099978316
2002-08-08,243.4258460647,398.7750849100
2002-08-09,244.3359180959,402.0455276283
2002-08-12,242.5426837024,407.7967521522
2002-08-13,238.1264605733,410.7908431759
2002-08-14,246.8251178425,414.5543150027
2002-08-15,250.2510145309,413.8430887601
2002-08-16,249.5014829585,410.2537411735
2002-08-19,255.3362617044,405.0197229823
2002-08-20,252.6330185593,407.8550875079
2002-08-21,256.2730693855,407.4667100505
2002-08-22,258.7621425728,399.5262380880
2002-08-23,253.1951000040,401.9354547325
2002-08-26,254.9615671077,404.4443235047
2002-08-27,252.0174025351,409.2026732183
2002-08-28,246.5037521665,408.3882854804
2002-08-29,246.6109004250,412.2573615396
2002-08-30,245.6473729139,413.0560020717
2002-09-03,236.2797390601,420.9218947876
2002-09-04,239.6519587898,422.4962098740
2002-09-05,237.6178978882,426.9397681067
2002-09-06,240.8833806771,428.2211447583
2002-09-09,242.6498477808,431.3047562733
2002-09-10,245.4332978756,429.5615405596
2002-09-11,243.9077205596,427.5073091145
2002-09-12,239.4113537604,427.5068537195
2002-09-13,240.0000126559,426.9954422479
2002-09-16,240.5888772103,428.0741409730
2002-09-17,235.0752584815,426.8430481854
2002-09-18,232.7200692026,430.1848826861
2002-09-19,226.6979036086,433.2534033294
2002-09-20,226.7732538457,428.0575805906
2002-09-23,224.9181319596,429.9955349845
2002-09-24,221.2887595734,432.8377701215
2002-09-25,226.7732538457,428.1806434679
2002-09-26,230.4833077789,429.0335455549
2002-09-27,222.4715985134,431.8751939099
2002-09-30,219.8907223814,434.0904252201
2002-10-01,230.4564613896,432.0441839325
2002-10-02,223.5470518963,430.4647708075
2002-10-03,221.2887595734,427.2644549077
2002-10-04,217.2291330625,426.0868361544
2002-10-07,212.7393631663,428.9644648220
2002-10-08,216.0731088720,428.7950013650
2002-10-09,209.9702300911,431.6302363074
2002-10-10,216.7720009087,425.2813965672
2002-10-11,226.2623814535,424.3337461667
2002-10-14,227.5259810402,428.3630500040
2002-10-15,238.4680599157,424.2953541849
2002-10-16,232.6879073232,424.8318962638
2002-10-17,237.3120515451,422.7886946175
2002-10-18,238.3068708405,422.9669339487
2002-10-21,242.4202534097,416.6431196861
2002-10-22,240.6726594600,415.3432498290
2002-10-23,242.5007767576,417.0808862526
2002-10-24,237.5539379872,417.7811217818
2002-10-25,242.5007767576,415.5004640228
2002-10-28,240.9145142623,419.4893516557
2002-10-29,238.1185822575,422.2113636197
2002-10-30,240.4306464585,420.3849118454
2002-10-31,237.9842870314,425.2742291071
2002-11-01,242.6889387814,425.3523571073
2002-11-04,245.0011295417,422.2104909130
2002-11-05,246.9369804346,419.0549187728
2002-11-06,250.1360195964,418.2369100235
2002-11-07,244.0063735258,421.4070248376
2002-11-08,241.0220738385,422.3949735851
2002-11-11,237.2852051558,422.0945110110
2002-11-12,239.1670468719,420.4586882378
2002-11-13,239.4090440534,416.6009813189
2002-11-14,243.9257236186,415.6888968255
2002-11-15,245.7269154274,417.5684833929
2002-11-18,243.2535830517,420.5108441922
2002-11-19,242.9309359629,421.9568540474
2002-11-20,248.3347328681,421.1279150167
2002-11-21,252.9590036493,420.8820590514
2002-11-22,251.1577327410,421.7570810678
2002-11-25,251.3189850957,418.5690488062
2002-11-26,246.5335568792,420.9944258592
2002-11-27,253.4696545627,417.4112137779
2002-11-29,252.6633769689,419.7846108610
2002-12-02,253.0664841260,421.0159617124
2002-12-03,249.6791089214,420.3865371966
2002-12-04,248.5498203807,420.7931770551
2002-12-05,245.8077077139,423.3931395560
2002-12-06,247.4207058591,425.5046693911
2002-12-09,240.6189034017,427.1118272349
2002-12-10,243.8450578914,429.4322833484
2002-12-11,244.0601612239,431.1822767705
2002-12-12,244.0331091757,438.1220753838
2002-12-13,240.1886967367,441.2801078996
2002-12-16,246.3991192739,444.9106826625
2002-12-17,244.2482599680,446.2270207005
2002-12-18,241.4253708345,448.5882002899
2002-12-19,239.7047814732,451.7160570754
2002-12-20,243.1251253728,450.8567586130
2002-12-23,243.2062024177,454.6354983985
2002-12-24,241.3959774395,458.0665071340
2002-12-26,241.5040590728,458.0859501145
2002-12-27,236.0737479964,461.6640314858
2002-12-30,238.0460163249,456.8932356790
2002-12-31,238.3701663052,458.1703285711
2003-01-02,246.0429181535,457.3076690654
2003-01-03,246.7993630271,462.7936839386
2003-01-06,251.1491267093,460.9838398500
2003-01-07,250.5277680573,456.9145339130
2003-01-08,246.9074921201,461.6192982491
2003-01-09,250.7438838641,463.7744919845
2003-01-10,251.4193149725,463.7720633783
2003-01-13,251.3382379277,465.3822654734
2003-01-14,252.1486761582,465.6849156271
2003-01-15,249.6362053222,469.3609895000
2003-01-16,248.6096354650,474.8301644801
2003-01-17,244.9352554315,479.1838822222
2003-01-21,241.1258366360,479.4302145283
2003-01-22,238.2079963956,480.9165399680
2003-01-23,239.6670826249,481.5413344678
2003-01-24,233.3720552026,489.9887344061
2003-01-27,230.1841057985,487.1255609213
2003-01-28,231.8861858637,487.7425015613
2003-01-29,233.6421485464,494.6746153843
2003-01-30,228.1036925571,494.1983547129
2003-01-31,232.5075603356,492.2032346188
2003-02-03,232.9668281774,490.1139210235
2003-02-04,230.6702833093,498.8363609907
2003-02-05,229.2383756875,496.7801327830
2003-02-06,228.1576859140,500.7790998381
2003-02-07,225.3750584546,505.9863168720
2003-02-10,226.9690568865,497.7037248189
2003-02-11,225.4020155832,501.6272183736
2003-02-12,221.8088233340,498.0577162470
2003-02-13,222.4841120632,503.6810933399
2003-02-14,227.3472635034,500.4752225032
2003-02-18,231.3458093372,497.2301905042
2003-02-19,230.1299384226,506.7806567077
2003-02-20,227.8335359337,507.2834023456
2003-02-21,230.1299384226,512.5166872346
2003-02-24,226.4016757716,524.7715917057
2003-02-25,228.2117425506,516.3818106577
2003-02-26,224.8887069248,523.1609139714
2003-02-27,227.8605721619,519.2012083978
2003-02-28,229.3734935490,523.5237272742
2003-03-03,227.1852834327,524.4179318020
2003-03-04,223.5648967561,524.6944715075
2003-03-05,225.4560247601,528.9585121160
2003-03-06,223.5648967561,530.0205299955
2003-03-07,225.1047278121,538.5447587955
2003-03-10,219.7014371440,538.1119255076
2003-03-11,217.5401525166,533.4930151520
2003-03-12,218.9989698074,531.2470950906
2003-03-13,226.5638140414,512.2100173984
2003-03-14,227.2932701465,509.4575608166
2003-03-17,234.4526500566,499.4671364582
2003-03-18,235.8304852220,490.8781597920
2003-03-19,237.6406311006,482.5374984646
2003-03-20,238.1540030387,480.3062028559
2003-03-21,243.2373834626,470.3003005801
2003-03-24,235.1538992601,483.8339963543
2003-03-25,237.4053732012,481.3222321560
2003-03-26,236.2117292618,483.0247869304
2003-03-27,236.4017105754,488.8141736341
2003-03-28,235.2082248351,492.4964879416
2003-03-31,229.8643695734,498.1757207725
2003-04-01,233.3907068779,494.4615271124
2003-04-02,239.0328782050,483.6696846533
2003-04-03,237.8936705801,483.0560843114
2003-04-04,239.3041738621,480.6538630510
2003-04-07,238.8428968915,475.0163263210
2003-04-08,239.2227962389,479.4609855592
2003-04-09,236.0761684428,486.7743442557
2003-04-10,237.3781787739,486.4323787027
2003-04-11,236.4017105754,485.7124400245
2003-04-14,241.2844154258,486.2105465265
2003-04-15,243.5358419072,490.4321532221
2003-04-16,239.3855831251,496.1237239096
2003-04-17,242.9390515773,498.4956555910
2003-04-21,243.1830895274,498.7926223271
2003-04-22,247.7673201134,501.1210219963
2003-04-23,250.0459726619,494.2141281759
2003-04-24,247.8216773282,498.5536710477
2003-04-25,244.7564271553,498.6662509210
2003-04-28,248.9879686411,494.0950978091
2003-04-29,249.8561653674,494.7057396871
2003-04-30,249.3134633139,501.2984860336
2003-05-01,249.2864429056,505.9217007938
2003-05-02,252.8399271778,502.0073019098
2003-05-05,252.3516456188,506.9027315263
2003-05-06,254.7386645590,509.9072201674
2003-05-07,253.3282561965,510.1469772073
2003-05-08,250.7783712705,515.5915017291
2003-05-09,254.2505886589,515.8614729834
2003-05-12,257.3699429281,517.4720984034
2003-05-13,256.9087925168,521.5263857266
2003-05-14,256.3662961222,526.7289361646
2003-05-15,257.9939118654,520.7281053814
2003-05-16,257.3429225198,528.4961561246
2003-05-19,251.3209625846,531.2992571584
2003-05-20,250.8056131576,537.0232270342
2003-05-21,251.3209625846,537.9469756122
2003-05-22,253.8164902958,537.6151307717
2003-05-23,254.3318871825,541.9029677724
2003-05-27,258.7805727694,540.3648702169
2003-05-28,259.5128764585,532.1881211177
2003-05-29,258.8346610457,540.7152305114
2003-05-30,262.9849198279,540.2511043524
2003-06-02,264.0700391764,541.9847449456
2003-06-03,265.1550477856,543.4313079092
2003-06-04,268.9799384542,542.7085648036
2003-06-05,270.3090324732,550.7398052843
2003-06-06,269.2510600922,547.4041596054
2003-06-09,266.5114627913,548.3376480638
2003-06-10,269.2239764043,551.1562614903
2003-06-11,272.0720350164,553.7395255070
2003-06-12,272.9132113344,546.3954414794
2003-06-13,270.0648679639,551.2105030014
2003-06-16,275.7613648660,548.7423489860
2003-06-17,275.7613648660,546.2685163635
2003-06-18,275.5171370770,538.5670235413
2003-06-19,271.3126792791,537.9357276367
2003-06-20,270.7136741617,535.3377998815
2003-06-23,267.9368367898,538.0876517724
2003-06-24,268.2090341818,535.2816503015
2003-06-25,265.5138275516,541.9814572624
2003-06-26,268.9713324225,525.5013222780
2003-06-27,265.8680037234,524.3786729261
2003-06-30,265.7862780621,530.7163126958
2003-07-01,268.2363709883,533.4736073483
2003-07-02,271.6121501980,533.0012873868
2003-07-03,268.8080076594,527.9690448508
2003-07-07,274.1440004252,523.3627615838
2003-07-08,275.3690310684,519.0614860215
2003-07-09,273.8174141786,523.6374509465
2003-07-10,270.3325408612,524.9508387386
2003-07-11,272.8916646154,523.7199931913
2003-07-14,274.2257260865,522.4294932063
2003-07-15,273.6266893292,511.0046793819
2003-07-16,272.0204304661,508.8584938283
2003-07-17,268.1547718864,507.9735077416
2003-07-18,270.9042724518,508.5084246699
2003-07-21,267.5557351291,507.1310007667
2003-07-22,269.9787127275,498.8446328638
2003-07-23,270.1691844583,507.9980615888
2003-07-24,268.1274667197,509.2355799154
2003-07-25,272.8644227283,512.3847137887
2003-07-28,271.8570424233,508.1678495548
2003-07-29,270.6048015329,506.5298537338
2003-07-30,269.9515024802,505.3908407293
2003-07-31,270.5775280060,498.1749581061
2003-08-01,268.1820770531,505.8356864630
2003-08-04,268.1820770531,504.5195244095
2003-08-05,262.4921770539,504.2539001529
2003-08-06,264.0166944359,504.3564966136
2003-08-07,266.7933736087,509.1588892556
2003-08-08,267.5557351291,507.2000795955
2003-08-11,268.5630205146,508.8179141667
2003-08-12,271.0133349195,505.5939067037
2003-08-13,269.6247580345,501.0400879653
2003-08-14,270.3599725873,499.5106110448
2003-08-15,271.2036800910,501.2193594516
2003-08-18,273.5451851467,496.7165136830
2003-08-19,274.5794909406,496.5644450315
2003-08-20,273.4633329262,498.5452691907
2003-08-21,274.3345037958,499.4529808299
2003-08-22,271.6121501980,498.4070176279
2003-08-25,272.0477039930,496.5720588668
2003-08-26,272.5378048418,497.1691190705
2003-08-27,272.6194355835,494.3844894946
2003-08-28,274.3073251884,494.6813938945
2003-08-29,276.1584129971,499.7391317347
2003-09-02,279.8609999323,489.3441251134
2003-09-03,281.3854698545,491.7098211707
2003-09-04,281.5215843704,491.1398968556
2003-09-05,279.9425990342,492.6354155815
2003-09-08,282.2566407241,493.5857227868
2003-09-09,280.4053630765,498.1112232532
2003-09-10,277.5741368498,496.5110040696
2003-09-11,278.3908872249,496.2319913608
2003-09-12,278.9080401218,495.0939053818
2003-09-15,277.9281231827,496.3022295226
2003-09-16,281.9843167728,491.5886017210
2003-09-17,281.4397954296,492.3843032317
2003-09-18,284.7611541448,491.5045326403
2003-09-19,283.3127463556,495.3923258942
2003-09-22,280.2520997768,500.3038686159
2003-09-23,281.3179188337,499.8211331979
2003-09-24,276.3168335878,505.3695541207
2003-09-25,274.0485430811,507.0063235622
2003-09-26,273.1466815838,504.7621744702
2003-09-29,275.8248343497,507.7138357901
2003-09-30,273.1466815838,511.9387982176
2003-10-01,278.9675546277,517.7101776776
2003-10-02,279.9786367919,519.3207234236
2003-10-03,282.5476005308,511.9573226913
2003-10-06,283.8321140400,517.4795401628
2003-10-07,284.9253331831,520.2702965249
2003-10-08,284.2147344122,519.8420578757
2003-10-09,284.9798169573,520.8078410942
2003-10-10,285.7723945081,528.4670742843
2003-10-13,286.6742876452,530.9405745807
2003-10-14,287.6853698094,530.1637951123
2003-10-15,286.9201290652,525.5134409558
2003-10-16,288.0678003426,522.9685221187
2003-10-17,284.9253331831,525.2407866394
2003-10-20,287.0568447377,526.0215216502
2003-10-21,286.5650986182,526.3701053631
2003-10-22,282.9575893493,531.8836850621
2003-10-23,282.4383482241,528.9299840858
2003-10-24,283.0668732958,531.3196031118
2003-10-27,283.2034624090,530.8026662679
2003-10-28,287.0568447377,528.9615383279
2003-10-29,287.4393701904,528.3711543109
2003-10-30,288.0404635361,524.0680303099
2003-10-31,287.7673802290,526.4690830172
2003-11-03,289.6529870840,520.6214681922
2003-11-04,289.0243354530,522.3149592636
2003-11-05,289.2431248248,527.2274431415
2003-11-06,290.7734797540,524.4529804791
2003-11-07,288.6144731938,530.3020630108
2003-11-10,287.4393701904,531.0840496562
2003-11-11,287.3575179698,531.7795982451
2003-11-12,290.5822486675,536.0167333684
2003-11-13,290.6640376084,540.0561571164
2003-11-14,288.2044210957,541.0243577166
2003-11-17,286.7562980648,536.1068287157
2003-11-18,283.7774404270,547.4640445467
2003-11-19,286.1822567673,538.6085889566
2003-11-20,283.6133246682,541.0815805415
2003-11-21,284.7884909513,542.9079494347
2003-11-24,288.5598628604,532.6022381128
2003-11-25,289.6529870840,534.4818576522
2003-11-26,290.6915642538,541.8790853923
2003-11-28,290.9101005071,544.8749933858
2003-12-01,294.0528207851,543.9660511579
2003-12-02,293.3149484872,550.0217579384
2003-12-03,292.8504758946,550.4538704516
2003-12-04,294.0528207851,543.4083020442
2003-12-05,292.0032563705,543.4853520891
2003-12-08,293.9708736451,547.0282714356
2003-12-09,291.7026147782,545.9916559573
2003-12-10,291.6753412513,543.0002911902
2003-12-11,294.9547139222,542.1359326723
2003-12-12,295.5286286605,546.1764108241
2003-12-15,294.0528207851,549.7197901757
2003-12-16,295.5831440745,548.2043768826
2003-12-17,296.5123107385,551.3229435703
2003-12-18,299.8465468614,555.0870947815
2003-12-19,299.0117301478,553.5251186542
2003-12-22,301.0985029934,547.4874447734
2003-12-23,301.2908098339,546.6627536238
2003-12-24,300.9886495301,553.6886347168
2003-12-26,301.2084197364,554.7937371308
2003-12-29,305.2171535930,553.9538484766
2003-12-30,305.2719854052,558.5388874273
2003-12-31,305.5466507033,557.3933668045
2004-01-02,305.4093971538,563.4810472435
2004-01-05,308.7316734239,579.1188093459
2004-01-06,309.0338337277,579.5103715616
2004-01-07,310.0771885107,575.3170963669
2004-01-08,311.3126602953,585.6346181933
2004-01-09,308.5943249549,591.2192575490
2004-01-12,310.8733413614,591.4416023453
2004-01-13,309.0611388944,587.6143021613
2004-01-14,311.6421257658,587.0216639190
2004-01-15,312.4110050896,573.7945642199
2004-01-16,313.6466667131,575.3844994344
2004-01-20,313.5641816961,587.6422026204
2004-01-21,316.0354733033,590.8303492318
2004-01-22,315.2116672478,594.7375353568
2004-01-23,314.1956492713,586.9430183881
2004-01-26,318.1495829555,578.4435826580
2004-01-27,314.8820752180,582.7951268512
2004-01-28,311.2852918489,572.4489681566
2004-01-29,311.5871990341,563.8886765639
2004-01-30,311.5871990341,569.7587338228
2004-02-02,312.9327774006,571.0837512242
2004-02-03,312.4110050896,574.6305241904
2004-02-04,309.8574815840,569.4451716277
2004-02-05,310.7636777370,571.4589913782
2004-02-06,314.2507974817,577.9333270117
2004-02-09,314.3330610199,583.3365546048
2004-02-10,315.3489524371,585.3662774014
2004-02-11,318.6987237128,595.2787713915
2004-02-12,317.5455787461,594.0748087801
2004-02-13,316.1177684813,595.5490674554
2004-02-17,318.9732940915,604.3816167981
2004-02-18,317.5730421120,596.1255777601
2004-02-19,316.3922123007,600.6170856569
2004-02-20,315.4312792550,584.2522810553
2004-02-23,314.6349682051,590.9157372943
2004-02-24,314.0858907274,600.1865486861
2004-02-25,315.4038475290,595.0451895436
2004-02-26,315.5961227296,593.1431476141
2004-02-27,315.8156714571,598.9912964057
2004-03-01,318.9457674460,602.3715897342
2004-03-02,317.0786698872,589.2581269178
2004-03-03,317.6554322095,583.4918378798
2004-03-04,318.4792066251,584.7042231938
2004-03-05,319.5497716554,595.6051146116
2004-03-08,315.6509545418,591.1854869644
2004-03-09,314.3879561118,591.4924638715
2004-03-10,309.1160339862,586.8810146175
2004-03-11,305.1073317695,588.3805358885
2004-03-12,309.1160339862,582.8658813411
2004-03-15,305.3270070563,591.4570626241
2004-03-16,306.9470292422,595.8154527748
2004-03-17,310.3790956959,602.0612053823
2004-03-18,310.4614541536,609.6959184990
2004-03-19,306.0116611729,607.3443038078
2004-03-22,302.1265124626,612.9638900181
2004-03-23,301.6029683216,611.9916522973
2004-03-24,301.8510245291,603.7614833823
2004-03-25,305.8463114611,601.0863542515
2004-03-26,305.9288597578,602.2173766976
2004-03-29,310.2272245485,600.6026461082
2004-03-30,311.2743444703,606.0757885568
2004-03-31,311.6325705394,611.3868176073
2004-04-01,313.5062491813,611.3327245205
2004-04-02,315.8757871197,596.8795564115
2004-04-05,317.6117692546,588.3513411014
2004-04-06,316.5923025375,595.1919994053
2004-04-07,315.8483553937,602.0447662648
2004-04-08,315.1319032555,598.7406827454
2004-04-12,316.3717413356,600.4755492170
2004-04-13,311.9356483980,585.8809417803
2004-04-14,312.4315393343,580.3301060815
2004-04-15,311.2467229054,579.0318924431
2004-04-16,313.6440089680,583.4822653650
2004-04-19,313.6440089680,583.8050693523
2004-04-20,308.3811991113,575.7344420162
2004-04-21,310.4477857503,562.7336465642
2004-04-22,314.8012354718,568.5423883564
2004-04-23,315.1043449702,565.6365826254
2004-04-26,314.6634440453,571.0256363503
2004-04-27,314.9390901779,575.7999420257
2004-04-28,310.8610018307,569.9460654195
2004-04-29,308.1333643825,572.3118070764
2004-04-30,305.7360783200,575.5178447777
2004-05-03,309.0148498342,581.7442159390
2004-05-04,308.7669834657,591.4615259760
2004-05-05,310.7508319691,595.9855378901
2004-05-06,308.0780579730,588.0973524673
2004-05-07,302.9806294679,580.9791769221
2004-05-10,299.8672076654,571.4061139474
2004-05-11,302.4019371165,575.3016561318
2004-05-12,304.3306690494,575.7536361531
2004-05-13,303.0633043238,573.6953123667
2004-05-14,303.2011273902,571.6082565043
2004-05-17,300.6110598898,569.5362032206
2004-05-18,302.1265124626,564.1479372168
2004-05-19,301.0792659814,577.8857272119
2004-05-20,302.0438059669,570.6692071961
2004-05-21,302.5675083070,571.1861550641
2004-05-24,303.8347781131,579.1666371438
2004-05-25,308.1883227540,579.3080835871
2004-05-26,309.2628427621,575.9557119640
2004-05-27,310.9989514563,575.1957319003
2004-05-28,310.9711400524,576.7114127781
2004-06-01,310.5578923322,589.9483898581
2004-06-02,311.7151188360,582.1506601701
2004-06-03,308.8495634021,575.5519668302
2004-06-04,311.3018078362,574.3431192457
2004-06-07,316.0412317509,575.9897020282
2004-06-08,316.4821326759,569.6894902340
2004-06-09,313.5338074666,568.5085498233
2004-06-10,315.0768183248,571.9806285918
2004-06-14,311.9632699630,569.9194077758
2004-06-15,314.1675531090,567.9080904929
2004-06-16,314.1124681782,567.5771792923
2004-06-17,313.6440089680,573.7074107001
2004-06-18,314.2357052864,574.0941809459
2004-06-21,313.0465858417,569.0086778420
2004-06-22,314.6228817930,569.8681243277
2004-06-23,317.3330224193,572.0676022186
2004-06-24,316.3376336071,575.9450299251
2004-06-25,314.8165175060,572.7603978926
2004-06-28,313.7379476007,566.0430005991
2004-06-29,315.0377747839,559.9907320306
2004-06-30,316.7245886348,561.4026948972
2004-07-01,312.3276025178,569.0909722453
2004-07-02,312.1617782086,566.8087859466
2004-07-06,309.4238894581,571.9842162304
2004-07-07,310.3365717746,573.9810478639
2004-07-08,308.1794952436,575.7040793775
2004-07-09,308.9815014614,576.4350032570
2004-07-12,309.1197358455,571.5753774676
2004-07-13,309.3409931234,569.5579000255
2004-07-14,308.4006892419,576.4295088524
2004-07-15,306.4096268589,573.1241252926
2004-07-16,306.1607163762,578.1742033972
2004-07-19,304.8610790318,578.2888110008
2004-07-20,308.7326226185,570.2801134738
2004-07-21,303.0359042376,565.8652797006
2004-07-22,303.8654687408,571.8965366612
2004-07-23,301.3212789829,568.4497217912
2004-07-26,300.7405933226,566.8717359848
2004-07-27,303.5613467680,561.7005184053
2004-07-28,304.4737126864,568.8265000057
2004-07-29,305.7735715095,567.9700366377
2004-07-30,306.5202713178,571.9854961268
2004-08-02,307.1562950274,570.4169274957
2004-08-03,304.7780561379,572.4076596025
2004-08-04,304.7504029331,564.8222480036
2004-08-05,299.7726362363,567.0353567762
2004-08-06,295.4861363790,573.9997592460
2004-08-09,295.9009344505,573.2821234994
2004-08-10,299.7172981870,570.1803500028
2004-08-11,299.1089909618,572.9035455528
2004-08-12,295.8457229604,576.5865991756
2004-08-13,296.4265035402,586.8781926518
2004-08-16,299.4959776294,581.3149141670
2004-08-17,301.1828547599,579.1260438524
2004-08-18,304.2801402530,578.1437615855
2004-08-19,303.3953326200,582.8413331062
2004-08-20,305.5245661073,575.8009241716
2004-08-23,304.7504029331,565.8704582150
2004-08-24,305.1651693648,562.0209399873
2004-08-25,307.2391913621,560.4677174856
2004-08-26,307.2391913621,559.8041335357
2004-08-27,308.2070851687,561.8340877379
2004-08-30,305.6629903302,558.6592839791
2004-08-31,307.2670027660,563.2444211444
2004-09-01,307.8477833457,567.3780714660
2004-09-02,311.3320238666,567.7764308326
2004-09-03,310.0599448075,564.7701963771
2004-09-07,312.1063452398,564.0251463337
2004-09-08,311.3320238666,567.1191314136
2004-09-09,311.0555867384,571.7833337266
2004-09-10,312.6596308139,570.1187070204
2004-09-13,313.6825779115,572.5346435469
2004-09-14,314.3187281804,576.8707722592
2004-09-15,311.9405209307,571.9030785545
2004-09-16,312.8808564520,577.9004961803
2004-09-17,314.2108680259,580.9040609028
2004-09-20,312.3225085064,583.7930740440
2004-09-21,313.6832107079,587.6786458444
2004-09-22,309.7678143274,595.2548778871
2004-09-23,308.1016296407,595.6280327850
2004-09-24,309.5177648111,598.2217777012
2004-09-27,307.5461925587,604.2285983716
2004-09-28,309.0179505368,603.6619378875
2004-09-29,310.5731427266,597.6362424782
2004-09-30,310.3509995336,601.0571352115
2004-10-01,315.5994132711,599.7543841594
2004-10-04,316.1269756696,596.3358931736
2004-10-05,316.2937491734,599.8060601651
2004-10-06,318.4596848547,600.5151213774
2004-10-07,315.0440394688,600.5993741594
2004-10-08,312.4336592024,610.0039923027
2004-10-11,313.7110853915,611.0981758603
2004-10-12,312.4891870907,610.6993226146
2004-10-13,309.7400345633,607.9240990898
2004-10-14,307.2407733532,614.1144965530
2004-10-15,308.9625808477,613.8736454227
2004-10-18,310.1288563407,609.8371205082
2004-10-19,307.5184760743,607.9784037388
2004-10-20,306.9075427438,618.9803195827
2004-10-21,308.9068631204,622.8020742504
2004-10-22,305.4356898462,626.6763912604
2004-10-25,305.0747743922,625.9488056746
2004-10-26,309.7400345633,627.4444020703
2004-10-27,313.4609093158,613.8210426921
2004-10-28,314.4051365353,606.9890968239
2004-10-29,314.3496719267,616.0591450728
2004-11-01,315.2105914938,609.9822548089
2004-11-02,315.3215523509,606.1417509766
2004-11-03,319.2926348189,617.8177934048
2004-11-04,323.6524441446,614.1971874225
2004-11-05,325.6795442853,613.9601664606
2004-11-08,325.2076046946,611.1675092453
2004-11-09,324.5688916001,608.3440620576
2004-11-10,324.8189094766,611.8340004472
2004-11-11,327.2902960032,609.4277553954
2004-11-12,329.8727383064,615.9151701050
2004-11-15,330.6833821958,612.2177298492
2004-11-16,328.3159957653,610.6214403514
2004-11-17,330.2655150615,619.2015145667
2004-11-18,330.7110986802,614.5219835624
2004-11-19,327.0348044374,626.9537383299
2004-11-22,328.5943945625,627.4163301366
2004-11-23,329.0956642686,630.4376832244
2004-11-24,329.8755858904,637.6948888333
2004-11-26,329.6249668573,643.7798028280
2004-11-29,328.1209362603,640.0760625073
2004-11-30,328.3439020887,637.8556877594
2004-12-01,332.0758507790,634.3694837289
2004-12-02,332.3544394151,621.1248389960
2004-12-03,332.1316001460,628.4330229864
2004-12-06,332.0201014120,626.4893264466
2004-12-07,328.9285427267,625.7410889389
2004-12-08,330.8503138987,620.0500107273
2004-12-09,332.0201014120,620.5733299159
2004-12-10,332.3544394151,614.2152122044
2004-12-13,335.2510651546,618.5304637025
2004-12-14,336.4206944688,616.4676086158
2004-12-15,336.6714400612,632.2283001039
2004-12-16,336.4764438358,624.5620174115
2004-12-17,334.2322945136,630.2239690851
2004-12-20,334.3161084031,633.6963838878
2004-12-21,336.8905774711,634.0778069507
2004-12-22,337.7020439958,628.3371472095
2004-12-23,337.9538969820,631.1765260058
2004-12-27,337.2544987081,631.4332949145
2004-12-28,339.1012202214,631.9606801870
2004-12-29,339.6050843929,629.4258124102
2004-12-30,338.9612772870,634.9827750957
2004-12-31,338.2338144907,635.3568665399
2005-01-03,336.6388510441,635.1632570267
2005-01-04,332.5251995365,626.8302405022
2005-01-05,330.2306163374,625.5681114041
2005-01-06,331.9094885929,622.3691611882
2005-01-07,331.4338787828,617.5842071473
2005-01-10,333.0009042661,619.1595154037
2005-01-11,330.7062894272,626.1337100682
2005-01-12,331.7977367402,638.1716566128
2005-01-13,329.1391057447,637.8102717309
2005-01-14,330.8742652442,639.0947431442
2005-01-18,334.3161084031,640.3439280609
2005-01-19,330.8182311188,636.4919999679
2005-01-20,328.8035337885,633.5830548778
2005-01-21,326.7886466193,644.2809378469
2005-01-24,326.1449660726,643.4128888658
2005-01-25,327.0685008483,639.3438401909
2005-01-26,328.0480064697,646.3676306160
2005-01-27,328.6075250888,646.8113118053
2005-01-28,328.6075250888,644.3185971279
2005-01-31,330.6504451407,644.8389140569
2005-02-01,332.7492094790,641.1792183683
2005-02-02,333.7565581442,638.8140293188
2005-02-03,332.8889625745,633.7176803179
2005-02-04,336.4428423445,635.5629301637
2005-02-07,335.9953286966,627.9820902534
2005-02-08,336.3869664181,627.9743681816
2005-02-09,333.8685314756,630.4844457950
2005-02-10,335.0717306413,638.0356021504
2005-02-11,337.9538969820,636.5731207068
2005-02-14,337.7020439958,637.7001824993
2005-02-15,338.9612772870,639.3140967050
2005-02-16,339.1852872295,640.8896063012
2005-02-17,336.4428423445,639.3266874141
2005-02-18,336.8905774711,636.9504370971
2005-02-22,331.8814873501,643.9088251260
2005-02-23,334.2602641166,640.8107746637
2005-02-24,336.4710017864,637.5450336180
2005-02-25,339.8008399740,631.6740167624
2005-02-28,337.5622276207,631.6421912275
2005-03-01,339.2412264355,630.1034539743
2005-03-02,339.0732822582,629.5120829007
2005-03-03,339.2132568325,629.3660916275
2005-03-04,343.4385969131,637.6063437732
2005-03-07,343.6066043700,639.6348713585
2005-03-08,342.3194014758,645.3774323536
2005-03-09,338.5137319993,644.9256694067
2005-03-10,339.2691960384,640.7839274057
2005-03-11,336.8905774711,639.5023768742
2005-03-14,338.9892468900,634.8493769370
2005-03-15,336.1910526379,633.0197824963
2005-03-16,333.3367926206,643.2209252487
2005-03-17,334.0083162109,641.8719309608
2005-03-18,333.0165659782,641.8215554965
2005-03-21,331.7806512361,636.7633965363
2005-03-22,328.4094598007,632.2474087539
2005-03-23,328.6903265040,623.1960343050
2005-03-24,329.0836411361,626.3791654583
2005-03-28,329.5611176957,621.6340165869
2005-03-29,327.3698701565,624.0026448507
2005-03-30,332.0052306954,627.5623359414
2005-03-31,331.3873682439,634.2404132256
2005-04-01,329.8983665625,636.2167699238
2005-04-04,330.4602265285,635.5100038261
2005-04-05,332.0334534170,635.0460205794
2005-04-06,333.1851113121,632.9349984536
2005-04-07,334.9831074988,628.9755268912
2005-04-08,331.4994681346,630.9453917055
2005-04-11,331.7524917942,633.3210727789
2005-04-12,333.4662627738,630.9504233992
2005-04-13,329.5330215334,629.2377902046
2005-04-14,325.2347833020,626.0744049938
2005-04-15,320.6836796101,628.6353707917
2005-04-18,321.6670136501,631.4796386700
2005-04-19,324.2235745785,638.8456231474
2005-04-20,319.7004404896,642.6196933303
2005-04-21,325.9090595569,641.0413575592
2005-04-22,324.6729866157,644.7692351169
2005-04-25,326.8079469109,640.3206395784
2005-04-26,323.6336184503,637.6665643478
2005-04-27,324.8977242741,633.0975716562
2005-04-28,320.8242237011,636.0914399932
2005-04-29,325.1786226173,630.7135302165
2005-05-02,327.0046200469,632.4254635820
2005-05-03,327.5665749323,630.6681381403
2005-05-04,330.0949447790,634.0380259340
2005-05-05,329.9826550494,637.3293348425
2005-05-06,328.9431919645,629.6833900860
2005-05-09,330.9938321330,631.7986021663
2005-05-10,327.5665749323,635.6503304226
2005-05-11,329.3645711190,632.2207682477
2005-05-12,325.7405142230,626.5583469480
2005-05-13,325.0944606897,622.7851707182
2005-05-16,328.1282766991,619.5592514783
2005-05-17,330.3196824374,621.1803884648
2005-05-18,333.7190333148,622.5121359706
2005-05-19,335.1236199500,620.5538241983
2005-05-20,334.6459851913,615.9838043625
2005-05-23,336.5001104230,613.2680538790
2005-05-24,335.7136077181,620.1467141124
2005-05-25,335.4607738974,623.9551941767
2005-05-26,337.2587700842,623.4624790543
2005-05-27,337.8205667705,625.5410842531
2005-05-31,335.6572255546,629.5418223778
2005-06-01,338.5229075478,636.7896130161
2005-06-02,339.2534077671,638.8512312003
2005-06-03,337.5396684273,640.7710487675
2005-06-06,337.2306106422,640.4750041461
2005-06-07,337.4834761028,642.6754330147
2005-06-08,336.8655187317,642.6557330728
2005-06-09,338.4668101427,646.0580314797
2005-06-10,337.6801175989,645.8462160889
2005-06-13,338.7476768460,645.3988726982
2005-06-14,339.5342428306,643.4747340901
2005-06-15,340.1804862028,639.0779974569
2005-06-16,341.0513406742,638.8823293460
2005-06-17,342.3149719007,639.8037826089
2005-06-20,342.4277362277,640.8842132180
2005-06-21,342.6253269185,642.7600605155
2005-06-22,342.9073326554,647.3313574416
2005-06-23,338.0840632113,652.4253119106
2005-06-24,335.6018558654,652.5776876330
2005-06-27,336.0813573737,655.5636324582
2005-06-28,338.9019842598,649.2448567040
2005-06-29,337.9994583262,648.5772736164
2005-06-30,336.1658356995,649.5815119547
2005-07-01,337.1531247172,654.3763799563
2005-07-05,339.8610821958,650.1543533432
2005-07-06,337.0120427492,654.4517133506
2005-07-07,338.3378462267,657.1654971371
2005-07-08,342.2021759339,655.6401263881
2005-07-11,343.9510671163,650.8045570590
2005-07-12,344.8534348508,648.7605156780
2005-07-13,345.3330312785,648.5256798904
2005-07-14,346.6871207572,642.7173822687
2005-07-15,346.4896566257,642.8797906112
2005-07-18,345.1074709847,641.1880287178
2005-07-19,346.9973175759,643.7709472798
2005-07-20,348.1819125260,641.7491867797
2005-07-21,346.1509839668,636.9979081155
2005-07-22,348.4640764621,647.3734409890
2005-07-25,347.4765976054,649.8911248210
2005-07-26,347.9000017086,648.8343700407
2005-07-27,349.1691382641,646.4604090256
2005-07-28,351.3692449536,648.5919822530
2005-07-29,349.0280562961,647.1316412862
2005-08-01,348.7741783613,647.1435266542
2005-08-02,350.8615523636,646.7867041406
2005-08-03,351.7924275780,641.9507103842
2005-08-04,348.9717057724,643.5267430232
2005-08-05,346.6024209526,643.0784499576
2005-08-08,345.9536463946,645.7684120967
2005-08-09,348.0409571173,640.7646685274
2005-08-10,347.8715891480,645.0949425479
2005-08-11,349.2537431492,648.6404939451
2005-08-12,347.1099553436,656.0075164906
2005-08-15,349.2537431492,653.0232041322
2005-08-16,344.7124478022,656.6774339786
2005-08-17,344.6842567205,647.6267186698
2005-08-18,344.6560339989,646.6173692645
2005-08-19,345.4458905249,649.5564913878
2005-08-22,345.4458905249,649.8593050988
2005-08-23,344.7970843271,653.2074189190
2005-08-24,341.7226427858,660.8564815878
2005-08-25,342.9637148189,660.5369468433
2005-08-26,340.6226843605,659.2942737543
2005-08-29,343.2457521956,670.5111190929
2005-08-30,341.4404155701,684.1442380946
2005-08-31,345.7561189835,681.9890870525
2005-09-01,345.5023043283,686.6067625101
2005-09-02,344.8816575723,682.1480087771
2005-09-06,348.9153236089,677.7679417651
2005-09-07,349.5076210840,674.0648029586
2005-09-08,348.3511855758,677.9924737400
2005-09-09,351.4539447581,677.9129158157
2005-09-12,350.7487880366,675.7979529799
2005-09-13,348.8025909218,676.4174413865
2005-09-14,347.5332645273,682.1701847289
2005-09-15,347.3639598377,684.1526967758
2005-09-16,349.8339858519,679.0714944687
2005-09-19,348.6726145314,701.9395453700
2005-09-20,345.7266939486,699.3154160676
2005-09-21,342.4975020360,699.6509092794
2005-09-22,343.7155086386,702.2070281873
2005-09-23,343.9988748879,696.1793077536
2005-09-26,344.3952269430,702.2128161333
2005-09-27,344.3104005791,706.5191882309
2005-09-28,344.6501806317,714.7866540351
2005-09-29,347.4547028483,713.1629832124
2005-09-30,348.5310263262,709.7849968243
2005-10-03,347.2845755233,708.8527283314
2005-10-04,343.3755703869,709.3694531120
2005-10-05,338.8716733100,704.1539329367
2005-10-06,337.6536350676,691.8040739014
2005-10-07,338.8148481890,698.8759255344
2005-10-10,335.9540070886,700.1311734981
2005-10-11,335.4724173520,706.9546088719
2005-10-12,332.8381490198,699.8621514177
2005-10-13,332.6397989732,693.0976845829
2005-10-14,336.1522622157,686.5789797080
2005-10-17,337.3986180991,696.6491901894
2005-10-18,333.7445033719,697.3243727810
2005-10-19,339.2964062857,692.4466521565
2005-10-20,333.3196121970,684.3435853441
2005-10-21,334.6226350024,690.0942467376
2005-10-24,339.8064718624,686.2565417204
2005-10-25,339.1265637191,693.2756510178
2005-10-26,338.1350982448,690.8524643506
2005-10-27,334.5375238802,686.9169233737
2005-10-28,339.3531997669,689.9156072321
2005-10-31,340.2878401202,683.4589826952
2005-11-01,341.3077181550,681.9738534690
2005-11-02,344.8768483193,678.5307983136
2005-11-03,346.3496187718,685.7509290183
2005-11-04,345.8966314347,689.2148145857
2005-11-07,346.2366646059,688.4246999816
2005-11-08,346.2366646059,687.5907838767
2005-11-09,346.6897152226,685.3590766687
2005-11-10,349.3808403157,686.9644394906
2005-11-11,350.5704343578,685.3333838330
2005-11-14,350.3723057900,687.4584775034
2005-11-15,349.0975689859,687.6002712053
2005-11-16,349.8056365711,699.8780100669
2005-11-17,353.0632410442,695.2097901759
2005-11-18,354.4512484125,694.6970236436
2005-11-21,356.2357660349,696.4376043000
2005-11-22,357.7655198075,697.3408696245
2005-11-23,359.8332771199,700.2161504624
2005-11-25,360.1165800896,704.3303465790
2005-11-28,357.5672646804,698.1931880363
2005-11-29,357.1706278670,702.0943971022
2005-11-30,355.2443638402,704.5596287325
2005-12-01,358.8701292866,713.8772070043
2005-12-02,359.3234646618,715.4455156674
2005-12-05,358.5585086760,714.4264503340
2005-12-06,359.2385117387,714.2844204159
2005-12-07,357.1422153065,721.5730205179
2005-12-08,356.9157058180,722.7566044043
2005-12-09,357.8503461713,719.3102121577
2005-12-12,358.1903793425,715.3037707721
2005-12-13,360.6264241875,717.3755921490
2005-12-14,362.0428757561,706.4639427263
2005-12-15,360.9947117201,707.0932348528
2005-12-16,359.8328658022,707.8475235816
2005-12-19,357.9819045528,708.3127769034
2005-12-20,358.3236146346,712.3999934729
2005-12-21,358.8931947172,713.7101416870
2005-12-22,360.7726001669,709.5534305803
2005-12-23,360.9717412090,708.2080063926
2005-12-27,357.2985160291,704.1787596801
2005-12-28,358.0957129939,710.1323307065
2005-12-29,356.5009393863,710.2452949195
2005-12-30,354.5646771757,709.0986764981
2006-01-03,360.8009494478,694.4097963871
2006-01-04,362.5096580558,694.4403228838
2006-01-05,362.7375913363,690.4457201642
2006-01-06,365.7560303919,690.7688739157
2006-01-09,366.6958596761,693.5352324717
2006-01-10,367.0660139582,693.3118817776
2006-01-11,368.2335550441,691.1140217215
2006-01-12,366.7812555567,694.3656111478
2006-01-13,366.4394821953,694.2845954383
2006-01-17,365.4427961503,703.6955485227
2006-01-18,363.9904017435,704.0015222379
2006-01-19,365.3857811904,706.7403410228
2006-01-20,358.7223396763,707.3008390426
2006-01-23,360.0037841228,701.7399467714
2006-01-24,360.3738751252,701.9999557593
2006-01-25,360.6872042863,700.5380565880
2006-01-26,362.6806080161,703.1326856359
2006-01-27,366.0407571536,707.8763591839
2006-01-30,365.7560303919,708.0539235404
2006-01-31,363.0792064986,704.9854820701
2006-02-01,365.6136195514,709.0018936394
2006-02-02,361.3705928100,706.7011295505
2006-02-03,359.5766148807,707.5348635576
2006-02-06,360.5163808852,712.4230961495
2006-02-07,357.3269918692,706.6510348998
2006-02-08,360.5733325655,708.2808466396
2006-02-09,359.9752766428,707.8906243516
2006-02-10,360.6301576865,706.0084473244
2006-02-13,359.9752766428,704.0164406328
2006-02-14,363.7911341421,706.3204930061
2006-02-15,365.0725469488,702.4230693108
2006-02-16,367.8062276030,701.2986219305
2006-02-17,366.8097630367,699.0798622112
2006-02-21,365.8984095927,700.5712993193
2006-02-22,368.1195884039,706.8746225115
2006-02-23,367.5785790809,700.3534718930
2006-02-24,368.5182185261,702.8791109061
2006-02-27,368.6606926463,702.7034249537
2006-02-28,365.1580693887,700.2977865272
2006-03-01,368.4043468054,702.8647084384
2006-03-02,368.3759342449,697.9718163662
2006-03-03,366.6674154758,698.3484663004
2006-03-06,364.9871194283,706.8451651507
2006-03-07,364.4176659050,710.8313148014
2006-03-08,365.1864819492,709.3094600344
2006-03-09,362.7375913363,706.6283501364
2006-03-10,366.1832945535,711.6234353883
2006-03-13,366.8665565179,707.3173494158
2006-03-14,370.7110164166,693.6240158525
2006-03-15,372.3626467850,698.2861103602
2006-03-16,373.1315261089,691.4174889604
2006-03-17,373.4431467196,697.9747994839
2006-03-20,372.8426228907,705.7444268719
2006-03-21,370.4983335306,707.7929607685
2006-03-22,372.7570371711,709.1913169061
2006-03-23,371.9850887845,709.9365262977
2006-03-24,372.2710494992,707.8942641040
2006-03-27,371.7276988294,710.6384769743
2006-03-28,369.4404244292,712.2159512632
2006-03-29,371.7562695890,712.8189783037
2006-03-30,371.0987308002,708.9770168867
2006-03-31,371.1845696383,710.8688113268
2006-04-03,370.8986089236,717.3945433551
2006-04-04,373.2716272424,715.4408042736
2006-04-05,374.5581340605,710.2365545228
2006-04-06,374.1579535869,713.4641735766
2006-04-07,370.3553531732,718.5414612307
2006-04-10,370.9273062425,718.0910579545
2006-04-11,367.7822762574,712.8964480657
2006-04-12,368.4684807253,715.8967777199
2006-04-13,367.9824614137,717.3193403457
2006-04-17,367.8395759758,711.0272804625
2006-04-18,373.6718393558,706.3343428664
2006-04-19,374.3866145833,703.2455548414
2006-04-20,374.9012046546,708.4052804123
2006-04-21,374.9583778137,712.1151672624
2006-04-24,374.2721417059,709.7054147472
2006-04-25,372.7283714920,719.3995623771
2006-04-26,372.8140521310,722.4889084213
2006-04-27,374.6153072195,719.9994926515
2006-04-28,375.8733381974,718.5156231777
2006-05-01,372.8140521310,721.5683232550
2006-05-02,375.6159798821,724.2412332372
2006-05-03,374.2149685469,722.3222060970
2006-05-04,375.5589016425,719.0997733747
2006-05-05,378.8752296260,719.9313165951
2006-05-08,378.4178443536,718.5312968227
2006-05-09,379.1610954213,725.6424435107
2006-05-10,378.9610368243,728.8590548140
2006-05-11,374.3866145833,738.1397677395
2006-05-12,369.4977874272,732.0805265367
2006-05-15,370.2409752153,716.8846185316
2006-05-16,369.6979093038,716.0737120999
2006-05-17,362.6646931855,710.0639836765
2006-05-18,360.8350255365,709.1870962846
2006-05-19,363.3794367732,703.5900144436
2006-05-22,360.6062379808,702.3830301301
2006-05-23,357.8615783082,715.1530383401
2006-05-24,360.7206475786,701.5202335248
2006-05-25,365.1806918617,709.4520777367
2006-05-26,367.0389302703,706.4768259746
2006-05-30,360.5204624223,714.1001710535
2006-05-31,364.5515972732,706.4220928895
2006-06-01,368.0395396532,699.5302442410
2006-06-02,368.8116462389,702.4041778353
2006-06-05,363.4367364915,704.4453023433
2006-06-06,362.5503152276,698.0547695087
2006-06-07,359.8343528739,698.2698081419
2006-06-08,359.5196948402,684.3396402245
2006-06-09,358.3762000194,688.1880177599
2006-06-12,354.4879822463,684.2682219843
2006-06-13,350.3709452777,666.6455719439
2006-06-14,353.0870025508,666.9165809656
2006-06-15,360.5776355814,668.1289140655
2006-06-16,357.9499483322,669.2372617700
2006-06-19,355.1357759698,667.5228503903
2006-06-20,356.3420125585,676.8328395809
2006-06-21,358.9840010074,683.8005850547
2006-06-22,357.4045094340,684.5437061837
2006-06-23,357.3469565971,686.6663111165
2006-06-26,358.9265747298,695.0868062711
2006-06-27,355.8249862209,689.9603498893
2006-06-28,358.2370797203,692.4307460035
2006-06-29,365.4738348161,697.2301133356
2006-06-30,365.5025954146,699.2071025157
2006-07-03,366.9957419127,700.8580444224
2006-07-05,364.8994138407,710.7007030306
2006-07-06,365.9619423560,711.4478646877
2006-07-07,363.5785778153,707.1905067801
2006-07-10,364.2676298672,699.6648297940
2006-07-11,365.8758187595,699.1387903620
2006-07-12,361.9703889230,699.4393137690
2006-07-13,356.0835468494,702.2141293024
2006-07-14,354.7052212668,698.3379016178
2006-07-17,354.1880683699,696.1571544513
2006-07-18,355.9974548927,697.1524086603
2006-07-19,360.9366210062,694.6890161482
2006-07-20,358.4670379494,690.0768280800
2006-07-21,355.9398071363,689.6029960147
2006-07-24,362.4298307839,684.8097725061
2006-07-25,363.7220011302,684.3007165810
2006-07-26,364.2102668692,684.3133195169
2006-07-27,363.8656775636,683.9813564181
2006-07-28,367.5126733309,681.6538347672
2006-07-31,367.1393867063,676.3062911368
2006-08-01,365.3302533021,685.7965396720
2006-08-02,367.7997414394,685.5891895373
2006-08-03,368.7761779980,687.3566500228
2006-08-04,368.1442991052,688.3169752162
2006-08-07,367.2829682203,693.9497088520
2006-08-08,365.8758187595,690.7690915913
2006-08-09,364.6410114112,689.6794705022
2006-08-10,365.7609029246,681.6764260263
2006-08-11,364.7271350078,685.0702334816
2006-08-14,365.0142980357,686.6676123596
2006-08-15,369.3792013729,685.6948707378
2006-08-16,372.4519027240,684.8738757639
2006-08-17,373.3994204850,678.4208753453
2006-08-18,375.2948673247,677.4338674535
2006-08-21,373.6867733519,682.2385893847
2006-08-22,373.6579494737,676.4936815620
2006-08-23,372.6241182772,674.9619910050
2006-08-24,372.3082579304,671.7304253282
2006-08-25,372.7676365116,671.6799384205
2006-08-28,374.5480093173,673.2520899799
2006-08-29,374.9787854991,676.0015138355
2006-08-30,375.2087437282,676.6844365383
2006-08-31,375.1511908913,675.4122961668
2006-09-01,377.3910055579,678.1352198228
2006-09-05,378.1090396871,681.6831472113
2006-09-06,374.7778409871,684.8236891122
2006-09-07,373.0549260989,679.5068266163
2006-09-08,374.1172964151,674.7168398797
2006-09-11,374.4907095990,678.3478009867
2006-09-12,378.1665925240,683.5879408530
2006-09-13,379.6883414215,679.8192172518
2006-09-14,379.7170703803,684.6451185573
2006-09-15,380.6084274565,681.7689740324
2006-09-18,381.1274154631,685.5163611160
2006-09-19,380.1756896057,685.0847631271
2006-09-20,382.1946583121,688.6909230466
2006-09-21,380.3486961546,691.5011179796
2006-09-22,379.1951082303,697.1350054364
2006-09-25,382.1080284784,700.0834880111
2006-09-26,385.2809331470,698.7445163213
2006-09-27,385.7423366768,697.2548651152
2006-09-28,385.5980907266,693.7520639219
2006-09-29,385.2809331470,690.1513391776
2006-10-02,383.8387267629,695.6049092629
2006-10-03,384.6463332293,698.9711401668
2006-10-04,389.1457690913,691.1149866298
2006-10-05,389.8955379624,688.2892903281
2006-10-06,389.4053738340,689.5192370115
2006-10-09,389.6361863383,685.0453496134
2006-10-10,390.1553641838,687.7348500437
2006-10-11,389.6938024549,693.1499471703
2006-10-12,393.0684109912,692.5450402224
2006-10-13,394.0779111642,689.9749794532
2006-10-16,394.6835606444,685.5062205602
2006-10-17,393.4433112466,682.0044904070
2006-10-18,393.9625207320,685.9428885264
2006-10-19,394.5969940903,682.7736981320
2006-10-20,394.6835606444,683.9887730224
2006-10-23,396.5006040042,686.2736054024
2006-10-24,397.6832372854,685.1749790379
2006-10-25,399.0387505561,678.4902588398
2006-10-26,400.2791265131,683.7458766234
2006-10-27,397.7698671191,685.4826780226
2006-10-30,397.4813119389,693.2261345304
2006-10-31,397.4235059834,689.2558881263
2006-11-01,394.7411451211,689.5783861452
2006-11-02,394.5105540956,693.2219061920
2006-11-03,393.8182431419,689.1919273799
2006-11-06,398.2600628873,688.8321147332
2006-11-07,399.7886459865,691.8990022081
2006-11-08,400.6539951287,687.9405744264
2006-11-09,398.5484598684,681.1970663840
2006-11-10,398.7216246163,682.9292046949
2006-11-13,399.7021110722,684.2676438211
2006-11-14,402.7017877132,686.5497235870
2006-11-15,403.8555654764,681.7656376428
2006-11-16,404.8939211675,685.2263804437
2006-11-17,405.0092483201,685.1246410555
2006-11-20,405.2401873837,687.3308209895
2006-11-21,405.6439431572,685.4109324673
2006-11-22,406.4513281448,692.6637452785
2006-11-24,404.8073546134,696.8067316983
2006-11-27,399.2406759025,695.2818401964
2006-11-28,400.9712792676,692.5964645783
2006-11-29,405.1536524695,685.1167424981
2006-11-30,405.3265008192,690.2079750200
2006-12-01,404.4324227182,692.9209293944
2006-12-04,407.5185709937,697.3612570686
2006-12-05,409.2780298769,698.1519109509
2006-12-06,408.9317953005,692.5474955871
2006-12-07,407.1435758188,694.6736489728
2006-12-08,407.8933446899,691.3472181273
2006-12-11,409.0761678100,698.0943670244
2006-12-12,408.7588520313,699.6577081340
2006-12-13,409.1913684033,695.6156843051
2006-12-14,412.7966628847,693.3746646506
2006-12-15,412.8345357521,687.5684787427
2006-12-18,411.7032855424,687.9144720960
2006-12-19,412.4864027863,691.3429339669
2006-12-20,412.2543246891,690.4449251271
2006-12-21,410.7462441949,695.3329568802
2006-12-22,408.2229999994,697.5109869101
2006-12-26,410.6302842458,706.3807747143
2006-12-27,413.3273892654,705.0864903609
2006-12-28,412.4574523488,704.6039269186
2006-12-29,410.7462441949,703.7498871459
2007-01-03,410.0213125844,705.7512048810
2007-01-04,410.8912178611,707.5690996593
2007-01-05,407.6138384990,703.1389861017
2007-01-08,409.4993187946,701.3058444107
2007-01-09,409.1511541891,699.0811786875
2007-01-10,410.5141977375,699.8206671797
2007-01-11,412.3125103225,712.2914145412
2007-01-12,415.4448527388,716.9391411569
2007-01-16,414.6327217778,721.5772405382
2007-01-17,414.8068040805,726.8713646535
2007-01-18,413.4144620566,731.7500449748
2007-01-19,414.2267512167,722.6547240081
2007-01-22,412.9505273409,721.2690706245
2007-01-23,414.1686288630,716.9855462463
2007-01-24,417.5041622186,710.9779361512
2007-01-25,412.6025525743,716.3793770405
2007-01-26,412.2253109720,710.8453220055
2007-01-29,411.9934227137,717.6889002891
2007-01-30,414.1396151459,705.6115733031
2007-01-31,416.9240144354,704.4039894797
2007-02-01,419.4180867146,707.5597811996
2007-02-02,419.9983926970,709.1357490972
2007-02-05,420.1142260868,708.1102629351
2007-02-06,420.2302809553,706.5608191895
2007-02-07,421.1584984247,710.7343739976
2007-02-08,420.6072694390,706.3857251304
2007-02-09,417.4751168617,704.7258069116
2007-02-12,416.0539509595,714.6950798567
2007-02-13,419.5633767790,708.2784964047
2007-02-14,422.3187623514,711.5858010619
2007-02-15,422.8697382184,704.7082321128
2007-02-16,422.6666105587,703.7628491664
2007-02-20,423.5657193915,709.0246226996
2007-02-21,423.3917320082,709.0158997410
2007-02-22,423.0726760392,704.3706401154
2007-02-23,421.4195902390,700.6142852383
2007-02-26,421.0425701154,699.8908735721
2007-02-27,404.5975509512,694.4776508408
2007-02-28,408.7448039502,697.2255859438
2007-03-01,407.5268289874,689.1222949415
2007-03-02,402.1901401454,686.1308034977
2007-03-05,398.3617216366,688.9060844480
2007-03-06,405.1775721752,686.0142596636
2007-03-07,404.7714750548,687.2912875137
2007-03-08,408.1940179221,688.7320341694
2007-03-09,408.3100095109,693.1701189431
2007-03-12,408.9191393715,695.5029866745
2007-03-13,400.9721335428,693.4459156252
2007-03-14,403.9595339328,690.8988385726
2007-03-15,404.5104148803,692.2513877275
2007-03-16,403.3777725185,692.8266670426
2007-03-19,408.2406233804,694.2582489745
2007-03-20,410.4828110337,696.6807068494
2007-03-21,417.2381029522,697.9450741377
2007-03-22,416.9179079496,692.4904338141
2007-03-23,417.5293158774,689.1101986125
2007-03-26,416.9763467016,685.8095208343
2007-03-27,415.9859253414,683.2199978424
2007-03-28,412.9578361399,679.3543770326
2007-03-29,413.3946238879,679.4188916892
2007-03-30,413.4817915986,675.4851566581
2007-04-02,413.9479411018,678.9731649306
2007-04-03,418.4027964541,677.7868713238
2007-04-04,418.8688826776,676.8233411279
2007-04-05,420.0043409836,675.5706005426
2007-04-09,420.5867351943,673.1259663150
2007-04-10,421.0816769359,672.6243166718
2007-04-11,419.3637927794,669.5748966611
2007-04-12,421.2274415976,666.6131860848
2007-04-13,423.1492444094,669.2806526739
2007-04-16,427.1677549711,672.8633456209
2007-04-17,428.3030234381,675.3798325378
2007-04-18,428.8272952951,675.9130894390
2007-04-19,428.7109240284,675.9484168251
2007-04-20,432.7583217479,674.7077992270
2007-04-23,431.1274787428,671.2391977559
2007-04-24,431.3022887615,673.6689451576
2007-04-25,435.2626136898,673.9201770686
2007-04-26,435.7574605119,671.7109107913
2007-04-27,435.4082517922,672.5052434112
2007-04-30,431.7972937827,674.3203093088
2007-05-01,432.9038965707,678.3062307609
2007-05-02,435.4372971492,679.0490905188
2007-05-03,437.7959193488,679.0228683265
2007-05-04,439.4555545923,680.4925471955
2007-05-07,439.5429754216,680.5531690469
2007-05-08,438.9605812109,677.4517538330
2007-05-09,440.1543833494,677.2808159546
2007-05-10,435.5537633354,673.5567208612
2007-05-11,439.2808394931,677.4341310293
2007-05-14,438.3198431677,676.8096712609
2007-05-15,438.4363409938,682.9552611250
2007-05-16,441.4357645162,681.0488109640
2007-05-17,440.5620624608,676.0038338044
2007-05-18,444.4058262835,676.7977310731
2007-05-21,444.1726724323,678.5237238567
2007-05-22,443.8234637126,674.9439152116
2007-05-23,443.8813645876,676.4344005402
2007-05-24,439.8632337038,675.4893711663
2007-05-25,441.6977106057,677.0283295025
2007-05-29,443.2991602158,675.9000157747
2007-05-30,446.9098651068,677.9513668264
2007-05-31,446.4440003620,682.9048866630
2007-06-01,448.6568578999,686.9348590610
2007-06-04,448.7151068129,686.1646790116
2007-06-05,446.9389737434,688.6102563998
2007-06-06,442.1344350741,684.9801188922
2007-06-07,434.1558210629,689.4097821660
2007-06-08,439.8050797102,689.7559704452
2007-06-11,440.5620624608,694.0550874914
2007-06-12,435.7574605119,695.8366502888
2007-06-13,442.2799782571,699.4154391058
2007-06-14,445.1045917609,700.7702236447
2007-06-15,447.6372646235,703.4410902624
2007-06-18,447.1107463391,703.0625481942
2007-06-19,448.2220634606,698.6408896096
2007-06-20,441.9928152291,703.5470325333
2007-06-21,444.4495841578,700.7583468954
2007-06-22,440.2678121126,698.7221501540
2007-06-25,438.1619604540,698.1885261506
2007-06-26,433.6585063346,697.6533615813
2007-06-27,439.8289677761,691.0589736482
2007-06-28,439.7703708250,699.3958332694
2007-06-29,439.9167366434,697.8062746778
2007-07-02,443.8938306776,700.4181806738
2007-07-03,445.5022726884,698.9863912886
2007-07-05,445.0346361136,708.1374456259
2007-07-06,447.3740529410,714.1988011483
2007-07-09,447.7248120120,714.3980045835
2007-07-10,441.3495776400,708.9907129108
2007-07-11,444.4787244342,709.0835022442
2007-07-12,451.4973545945,714.4619095079
2007-07-13,452.8425532830,713.4241661653
2007-07-16,452.7838930523,707.0542572916
2007-07-17,452.5501064047,706.8892498705
2007-07-18,451.7311096022,707.4752347760
2007-07-19,453.4857908722,707.9850113757
2007-07-20,448.8946628049,703.9768443197
2007-07-23,450.2690650496,703.8504515669
2007-07-24,442.4608947615,705.3635694449
2007-07-25,443.3674705924,701.0399773236
2007-07-26,432.8689029271,690.8554703183
2007-07-27,424.3589297387,685.8025873855
2007-07-30,430.9973125135,681.9175562665
2007-07-31,426.1427829249,688.0098739374
2007-08-01,428.2192728283,681.7412625863
2007-08-02,431.6405817424,687.8062042439
2007-08-03,420.5280433238,685.2788353512
2007-08-06,427.5756872011,679.1026994478
2007-08-07,432.1379913902,679.9470533580
2007-08-08,438.1619604540,687.7785375957
2007-08-09,425.1777050624,677.2209946524
2007-08-10,423.1892055051,674.2460673992
2007-08-13,424.7097204495,674.6307551952
2007-08-14,418.2177351329,668.5109675057
2007-08-15,412.4567246329,663.9483561565
2007-08-16,415.5564780322,643.9943048889
2007-08-17,423.1892055051,650.7046774342
2007-08-20,422.9845274941,657.3087602495
2007-08-21,423.8325063738,653.3553478256
2007-08-22,428.8626053369,661.0858077374
2007-08-23,428.4822313921,666.2945980087
2007-08-24,433.7756053173,675.5075870658
2007-08-27,429.7397877727,677.7457811468
2007-08-28,420.2939086381,674.1493762409
2007-08-29,428.5407967034,681.5959028931
2007-08-30,427.4002443860,683.0990558991
2007-08-31,431.6114098262,685.4754444181
2007-09-04,435.9685297671,689.8375767450
2007-09-05,432.1962719430,692.2882046680
2007-09-06,433.1905533615,694.8565118058
2007-09-07,427.1662678994,697.0714905642
2007-09-10,426.3474609359,699.7831124271
2007-09-11,431.3189945877,706.6425976655
2007-09-12,432.4302800694,706.2589684825
2007-09-13,435.4715947167,708.8340663572
2007-09-14,435.4422962411,705.7577495804
2007-09-17,433.1028794137,706.3547776138
2007-09-18,445.8532215984,714.5136041544
2007-09-19,448.4851802236,714.9080746243
2007-09-20,445.3268615131,721.7456122097
2007-09-21,446.5286685267,721.2590580482
2007-09-24,445.7058433057,721.8340182662
2007-09-25,444.8242312947,721.0471517588
2007-09-26,447.1748169794,723.2782900238
2007-09-27,449.8194315336,730.7949904972
2007-09-28,448.3209062658,734.3732364281
2007-10-01,453.3745136168,732.9157753534
2007-10-02,452.7575687201,724.2152541761
2007-10-03,451.8467215132,726.0247146264
2007-10-04,452.5520047941,729.2654031355
2007-10-05,457.9291293290,732.1842299159
2007-10-08,455.4902369000,725.7086347304
2007-10-09,459.7801538581,724.9350134623
2007-10-10,459.0161154271,730.1389599505
2007-10-11,456.8126232767,738.9879416961
2007-10-12,459.3394744119,737.8567339451
2007-10-15,455.4609700643,738.1327675449
2007-10-16,451.8467215132,735.9172909989
2007-10-17,453.2276732011,734.2700151021
2007-10-18,451.5824973565,739.5981756829
2007-10-19,439.7704341047,740.4651279679
2007-10-22,442.3268368341,731.9282375037
2007-10-23,445.9114705114,737.3845391571
2007-10-24,445.0888667691,737.5543171012
2007-10-25,446.1466493112,744.7765356677
2007-10-26,451.3766170322,750.6335247743
2007-10-29,452.8751106603,757.2426015007
2007-10-30,449.7312829885,751.5276978334
2007-10-31,454.4030609630,761.4310812179
2007-11-01,443.7664487527,753.2729889816
2007-11-02,444.2659466287,763.3526710572
2007-11-05,440.8870667164,762.5365403111
2007-11-06,446.8225075572,772.6588299791
2007-11-07,434.5991898940,778.5014152151
2007-11-08,432.3954446249,772.9184935123
2007-11-09,426.4602885425,773.4791831507
2007-11-12,422.2290634549,759.1889124527
2007-11-13,435.0989092488,755.0954141583
2007-11-14,433.8941280919,762.4755564689
2007-11-15,427.6352966265,759.1256985380
2007-11-16,428.3700682218,762.9664040109
2007-11-19,422.4053289054,766.1249646806
2007-11-20,424.9911566696,778.7050446205
2007-11-21,416.2937808132,780.9628224897
2007-11-23,423.4926630416,785.6679220582
2007-11-26,414.1488856138,788.9344558360
2007-11-27,418.9088121335,780.9534008044
2007-11-28,432.3073593594,775.9618112903
2007-11-29,432.4541364955,776.4892086893
2007-11-30,436.8030617223,765.9316513145
2007-12-03,433.9233000082,773.6064022088
2007-12-04,430.0450171393,776.8156301804
2007-12-05,437.2436778889,767.3874410374
2007-12-06,443.5022562357,767.6894051922
2007-12-07,443.4140760507,761.9244351360
2007-12-10,446.8517427531,761.9875525398
2007-12-11,434.5991898940,765.4143668109
2007-12-12,438.8891701318,769.7841697973
2007-12-13,437.9783229249,764.4855971626
2007-12-14,432.4248380199,755.1519152062
2007-12-17,426.2545347775,757.3395180515
2007-12-18,428.6345771369,755.3371327840
2007-12-19,428.6345771369,758.2562609229
2007-12-20,431.3376937227,756.9744897091
2007-12-21,437.5555516182,756.1350084450
2007-12-24,440.8049613773,757.3291771579
2007-12-26,441.7502010711,765.9806669076
2007-12-27,436.1969060050,770.7403007268
2007-12-28,435.1039083407,772.8771821520
2007-12-31,431.8842083748,772.5145562587
2008-01-02,428.1033128792,791.3292872505
2008-01-03,427.8964833603,793.3812146615
2008-01-04,417.4101919461,792.2954146209
2008-01-07,417.0559524947,781.1307297465
2008-01-08,410.3209417024,785.8741857191
2008-01-09,414.6336709724,782.4888257206
2008-01-10,417.3513735163,781.6197251418
2008-01-11,413.9836624613,787.3328769816
2008-01-14,417.3217586426,796.4677093759
2008-01-15,408.1350096533,797.2843532431
2008-01-16,404.6199835853,789.8859222741
2008-01-17,394.1338820100,792.8456948160
2008-01-18,390.0870221675,792.2821471331
2008-01-22,386.1287538276,788.4076845049
2008-01-23,395.4039361205,784.8478945983
2008-01-24,398.7419690221,786.8594052035
2008-01-25,392.9818444371,791.2881814393
2008-01-28,399.4804741164,802.0464410240
2008-01-29,401.4594184474,796.3714756169
2008-01-30,398.5056511887,800.5960602189
2008-01-31,405.7720527980,802.0023009834
2008-02-01,412.3000758723,804.3837271089
2008-02-04,407.1013366559,806.5936399990
2008-02-05,396.2014811234,801.9152715346
2008-02-06,393.0113643914,801.9365661608
2008-02-07,395.6106707199,797.3189390088
2008-02-08,393.0703726602,797.3528502006
2008-02-11,395.0790584242,812.0326601945
2008-02-12,398.7419690221,800.2839220350
2008-02-13,402.8181906198,800.8053638217
2008-02-14,399.2734547585,809.3174404707
2008-02-15,399.1850847346,814.0567453737
2008-02-19,400.3072859550,821.0664277746
2008-02-20,401.4889384017,818.3098890738
2008-02-21,398.1511902585,823.2328106569
2008-02-22,400.6026753368,824.4052097058
2008-02-25,405.6540679003,827.4545310008
2008-02-26,408.6964583016,843.6454865634
2008-02-27,408.2827676239,850.3911901027
2008-02-28,404.2950742492,863.4019931199
2008-02-29,395.2857613838,867.7632077418
2008-03-03,394.3405533299,878.7185438146
2008-03-04,392.8340864666,864.4180327425
2008-03-05,395.3154078974,875.3081379939
2008-03-06,387.1330334300,876.3198636911
2008-03-07,383.1455298943,872.6195423404
2008-03-10,378.0943904493,881.3920360690
2008-03-11,391.6821121733,879.9262839795
2008-03-12,388.0193597745,891.9650243585
2008-03-13,388.8760079656,900.1866617331
2008-03-14,382.8501405125,903.1554481693
2008-03-17,378.9805269549,886.9258886618
2008-03-18,394.7245342144,891.7090707310
2008-03-19,384.9472279402,863.9699440234
2008-03-20,392.0774833938,846.2557434563
2008-03-24,399.9144142804,845.6938039871
2008-03-25,400.3003568339,857.5088696641
2008-03-26,395.4022908497,872.6462041933
2008-03-27,394.1555869282,874.0420433316
2008-03-28,390.3856388112,867.4966636755
2008-03-31,391.7511186259,857.6387465292
2008-04-01,405.5247243064,835.9809994942
2008-04-02,405.7920808056,852.5119585229
2008-04-03,406.8012013008,852.5813956345
2008-04-04,406.3559657202,863.6538525020
2008-04-07,406.5638077134,861.9274493216
2008-04-08,406.1481237269,859.2972541661
2008-04-09,403.2095435829,880.6190054915
2008-04-10,403.7735550568,877.0388110033
2008-04-11,395.9366241702,877.5641229458
2008-04-14,394.6008225088,880.4844017988
2008-04-15,395.5210667429,883.3597312429
2008-04-16,406.2372531066,889.7635515089
2008-04-17,406.8309427338,877.9792986541
2008-04-18,411.0758995043,869.1346566904
2008-04-21,411.2837414976,868.4068357906
2008-04-22,409.4730261022,877.3674690811
2008-04-23,408.8199485283,869.9744716837
2008-04-24,410.6009541305,848.5059175120
2008-04-25,414.4006120407,844.1877361125
2008-04-28,414.4897097806,849.7766823782
2008-04-29,412.8571582251,839.0928854855
2008-04-30,410.4227586508,842.3057741552
2008-05-01,418.9127354715,826.4467571378
2008-05-02,420.0704998522,829.9924509462
2008-05-05,418.0518791840,842.5377102072
2008-05-06,421.6735630933,848.4717773199
2008-05-07,414.1633133728,849.5567888377
2008-05-08,413.0945518124,854.9451521542
2008-05-09,412.3226983453,871.3907910688
2008-05-12,416.9535976693,864.7175909407
2008-05-13,417.0129856159,860.7085967775
2008-05-14,417.8737153441,851.3205082494
2008-05-15,423.0983359352,853.5788199851
2008-05-16,423.4841835692,863.7155455938
2008-05-19,424.6420428694,860.2328384035
2008-05-20,421.1984595203,875.0852270607
2008-05-21,414.0740890737,887.6424197949
2008-05-22,414.1335086601,876.2236024721
2008-05-23,408.5823334622,885.7403655384
2008-05-27,411.6103593841,871.8918424049
2008-05-28,413.5102357989,871.5440621474
2008-05-29,415.5880545749,853.3170086592
2008-05-30,416.6269165031,858.2252539765
2008-06-02,412.3226983453,866.2670254661
2008-06-03,409.9182300430,867.2138928558
2008-06-04,409.7105146091,863.8100436606
2008-06-05,417.9034567772,873.0835251863
2008-06-06,404.5748651985,894.9973021155
2008-06-09,405.5545922987,885.2919776656
2008-06-10,403.5360349101,870.1090447094
2008-06-11,397.5990753578,880.9379286998
2008-06-12,399.1130092192,876.4057394191
2008-06-13,404.1594026908,874.3829644025
2008-06-16,404.3968595578,875.5972723171
2008-06-17,402.4375002768,874.8795064864
2008-06-18,398.5194461512,879.5381304113
2008-06-19,399.0239747590,872.3886568839
2008-06-20,392.5471449173,877.1939851399
2008-06-23,392.1592723347,874.4719340904
2008-06-24,391.3836537287,876.7023530838
2008-06-25,393.2332228260,873.9284090545
2008-06-26,382.5528527413,887.6609118979
2008-06-27,380.4645611841,892.9939387108
2008-06-30,381.8071021277,894.3642402525
2008-07-01,383.0005562281,897.5245717914
2008-07-02,376.4370649129,907.9134870037
2008-07-03,376.8247792964,901.0505283763
2008-07-07,372.9763960597,886.8267517597
2008-07-08,379.5993069613,867.5578864398
2008-07-09,372.2903181511,869.3158100885
2008-07-10,373.8117822902,880.1996198851
2008-07-11,369.4560861413,884.2801783074
2008-07-14,366.1146677787,885.9130633621
2008-07-15,360.9534850315,874.3720735072
2008-07-16,369.8139958122,865.1247496327
2008-07-17,373.5133238456,848.3890267199
2008-07-18,375.8404644220,846.0793493567
2008-07-21,376.0491606904,848.9599451069
2008-07-22,380.3154427012,835.3439554307
2008-07-23,382.3739295457,820.7306509432
2008-07-24,374.4380925743,818.9872093360
2008-07-25,374.3488049955,814.3634683259
2008-07-28,368.8594540106,821.5852619640
2008-07-29,376.7352702389,810.6550138053
2008-07-30,383.4478800370,813.5764334508
2008-07-31,378.3762063473,811.9538849803
2008-08-01,376.3775504070,806.6685499681
2008-08-04,372.8868553623,793.7310030064
2008-08-05,382.9407253239,781.5324030537
2008-08-06,384.6412392179,775.3076090382
2008-08-07,378.9132290527,774.3852049979
2008-08-08,385.9538805293,759.2646972332
2008-08-11,389.9515088082,751.1081210092
2008-08-12,385.8943027437,748.3945354558
2008-08-13,383.5672570868,751.0961235963
2008-08-14,386.4609403229,748.5082532153
2008-08-15,388.3405672514,745.8157112395
2008-08-18,383.0301394620,746.6508541249
2008-08-19,378.8535563477,750.8531268781
2008-08-20,380.6137745865,750.8881352672
2008-08-21,381.2701743417,755.4643578553
2008-08-22,386.7892034801,751.1999238873
2008-08-25,378.9430021256,754.7537727134
2008-08-26,380.0468838888,757.3129846793
2008-08-27,383.7462119223,759.7178148399
2008-08-28,388.4001766768,758.9118812733
2008-08-29,384.2235935624,758.4191763732
2008-09-02,381.8368435607,763.1963902026
2008-09-03,381.5086753229,761.0631468261
2008-09-04,370.0229135594,761.4729201308
2008-09-05,371.1864047480,765.7057935428
2008-09-08,378.8535563477,765.7115314795
2008-09-09,367.6063904848,764.2992795814
2008-09-10,369.0980499112,768.0847766306
2008-09-11,374.4380925743,769.5398769473
2008-09-12,376.1685693801,754.0554200982
2008-09-15,358.2684347843,755.7260875026
2008-09-16,364.2650354018,761.2065592648
2008-09-17,347.8864598646,746.0731528180
2008-09-18,358.2088569988,745.0872359098
2008-09-19,372.4347539403,724.8662200571
2008-09-22,364.0030893123,703.2125950282
2008-09-23,355.7213658025,707.1653490134
2008-09-24,356.8616333615,715.0613800780
2008-09-25,362.4428347509,711.3733407620
2008-09-26,362.6228337005,718.1455818827
2008-09-29,334.2070142955,751.8707103739
2008-09-30,348.0397548040,756.9990160963
2008-10-01,348.2499065043,760.2429682360
2008-10-02,335.6172644589,794.2018946472
2008-10-03,331.0863153339,797.4228256885
2008-10-06,314.2229860778,859.2875218021
2008-10-07,300.1501309572,845.3382043452
2008-10-08,292.5887196440,850.9207642576
2008-10-09,272.1546782325,843.9886157588
2008-10-10,265.5532191304,885.8488319242
2008-10-13,304.1110254023,855.0845176508
2008-10-14,299.6100391891,851.1684866007
2008-10-15,270.1141944470,879.4983306537
2008-10-16,281.3664543213,890.6910113956
2008-10-17,279.6861582738,875.6712535571
2008-10-20,296.4895300664,876.1733434623
2008-10-21,287.6378151564,894.5942822662
2008-10-22,271.9744894440,935.3221638186
2008-10-23,275.1251829573,946.4092188813
2008-10-24,261.1723535029,972.6147601920
2008-10-27,251.9005092113,973.1672281671
2008-10-28,281.3364914095,959.6992324396
2008-10-29,279.2961341832,914.3950178578
2008-10-30,288.9579551056,920.4497727586
2008-10-31,290.5482674982,919.7320181524
2008-11-03,291.3884946215,926.2318984979
2008-11-04,301.2904301560,877.5194234829
2008-11-05,288.6278251988,910.7210963876
2008-11-06,272.6347176177,956.4961210319
2008-11-07,281.6365951248,956.7511435250
2008-11-10,277.9457465638,947.2919729914
2008-11-11,269.3639826183,981.1431968857
2008-11-12,257.5117684319,1014.2871207157
2008-11-13,273.5648334765,1004.9256819141
2008-11-14,259.9123292161,993.7334526586
2008-11-17,256.4615161676,1008.6142295406
2008-11-18,261.2923633492,1026.4059565936
2008-11-19,244.5491072191,1034.9823833397
2008-11-20,226.3953478071,1084.1652902911
2008-11-21,238.6077813714,1081.4481447596
2008-11-24,255.1411230998,1020.0985374523
2008-11-25,257.0316183073,1036.2860742453
2008-11-26,266.9635642133,1032.1122459397
2008-11-28,270.3243461473,1040.2149041594
2008-12-01,246.3793760247,1092.4098623753
2008-12-02,255.8612770971,1115.0992488166
2008-12-03,262.0125173465,1131.4586864920
2008-12-04,255.9514980507,1160.4626252598
2008-12-05,263.8428177920,1191.4958500699
2008-12-08,273.0547046201,1136.1215196135
2008-12-09,268.5539082458,1152.6107647024
2008-12-10,270.3842719709,1128.5864696486
2008-12-11,263.8729547228,1095.0934235290
2008-12-12,267.0236165962,1104.5669242724
2008-12-15,263.3028209433,1102.8790858513
2008-12-16,275.6952376372,1082.2643312275
2008-12-17,273.0247733481,1082.4311740587
2008-12-18,267.9236746237,1100.0842779370
2008-12-19,266.7713206525,1126.1398461748
2008-12-22,263.3528751423,1130.1750080112
2008-12-23,260.6305531843,1127.1949077557
2008-12-24,262.1430790736,1131.9469972916
2008-12-26,263.6556049629,1105.7278694961
2008-12-29,262.8993024685,1111.3387672231
2008-12-30,269.1306705681,1112.2161270472
2008-12-31,272.9724727217,1074.8472480055
2009-01-02,281.2001870546,1053.7315300379
2009-01-05,280.8676525213,1030.2018033557
2009-01-06,282.7430080738,996.5230663241
2009-01-07,274.2733123793,1037.6526228874
2009-01-08,275.3924445370,1050.3414769856
2009-01-09,269.4937058901,1058.7353887587
2009-01-12,263.0201824099,1112.7378707937
2009-01-13,263.5043033322,1121.8296247669
2009-01-14,255.2159512797,1140.8524614443
2009-01-15,255.3066626505,1138.1792751584
2009-01-16,257.3031196232,1115.0976475179
2009-01-20,243.7210297876,1150.1105200729
2009-01-21,254.2478834541,1135.8179782126
2009-01-22,250.3154332093,1140.9119759762
2009-01-23,251.4043651565,1112.2340770658
2009-01-26,253.1286721969,1093.0554538138
2009-01-27,255.6999456428,1116.7508455539
2009-01-28,264.3511906382,1099.6960100190
2009-01-29,255.7605042628,1104.3831046489
2009-01-30,250.5575253103,1106.8911994300
2009-02-02,249.8012544557,1134.9294701308
2009-02-03,253.3101265783,1114.4026001242
2009-02-04,252.0699088204,1113.3264545774
2009-02-05,255.8209205037,1094.4996146290
2009-02-06,263.1110203400,1071.6222907674
2009-02-09,263.4741347616,1064.6839314989
2009-02-10,251.4043651565,1109.8955263178
2009-02-11,252.8867066552,1125.4863044659
2009-02-12,253.0682084963,1153.6359518111
2009-02-13,250.3457283392,1133.7227918861
2009-02-17,239.6373886516,1201.9367012560
2009-02-18,239.0625563584,1210.6955222112
2009-02-19,236.4914094718,1182.8987015492
2009-02-20,234.1925074369,1194.9718937012
2009-02-23,225.8133174544,1198.6573213109
2009-02-24,234.3739143586,1173.5505153028
2009-02-25,232.5287273767,1164.7663668100
2009-02-26,228.7474522033,1134.7999167726
2009-02-27,223.6354061003,1149.0387491842
2009-03-02,213.5622200271,1203.1339453883
2009-03-03,211.9589353073,1182.1501793195
2009-03-04,216.9803174993,1137.9746691191
2009-03-05,208.1173071727,1185.6645193237
2009-03-06,208.4803266748,1182.8717205992
2009-03-09,206.0300439097,1188.8518414336
2009-03-10,218.3113731873,1177.8652283243
2009-03-11,219.7331244261,1197.0696444306
2009-03-12,228.3845118007,1171.6318328156
2009-03-13,230.1692983616,1172.6188933224
2009-03-16,229.4733804682,1146.4619769513
2009-03-17,236.4914094718,1129.7423381804
2009-03-18,241.7850523354,1133.5179978361
2009-03-19,238.7903747864,1093.7281012664
2009-03-20,233.7056496700,1092.2372150620
2009-03-23,250.4923630961,1059.9290993708
2009-03-24,245.5569463015,1049.2936201462
2009-03-25,248.1465550245,1066.0179570820
2009-03-26,253.2038009551,1063.4868830942
2009-03-27,248.6340455879,1093.8872159125
2009-03-30,240.0425682170,1139.5230811104
2009-03-31,242.2664838729,1104.7240106870
2009-04-01,246.9582582151,1116.7631102508
2009-04-02,254.1787504422,1055.7552228598
2009-04-03,256.7075157867,1031.9531050362
2009-04-06,254.6967576143,1042.5819438523
2009-04-07,248.7559538236,1059.6030291471
2009-04-08,251.4368117943,1064.7651912415
2009-04-09,261.4297434580,1050.3147898775
2009-04-13,261.4905551966,1038.7087617219
2009-04-14,256.9816432078,1042.5650139626
2009-04-15,259.7237558747,1047.0761347111
2009-04-16,263.5317983379,1044.4975601402
2009-04-17,265.2989298779,1039.8101823917
2009-04-20,254.1787504422,1098.7394318123
2009-04-21,259.1447787649,1086.3775715558
2009-04-22,257.5606519575,1078.6284069766
2009-04-23,260.0891958233,1070.2755195366
2009-04-24,264.0193838208,1052.1076616836
2009-04-27,261.5211192650,1085.5264963603
2009-04-28,260.6985629825,1081.7615694543
2009-04-29,266.2432203771,1050.0417107329
2009-04-30,266.3347860230,1038.7632786347
2009-05-01,267.7665829055,1008.6150586521
2009-05-04,276.8759725290,994.1261793184
2009-05-05,275.9315238308,1001.3464985350
2009-05-06,280.7148321792,974.1306866063
2009-05-07,276.8150975108,960.7015455715
2009-05-08,283.2739242935,926.7854829123
2009-05-11,277.9729251712,941.4948363551
2009-05-12,277.1502897891,934.3593153121
2009-05-13,270.1735191139,953.8890358689
2009-05-14,272.4889213162,947.2383242755
2009-05-15,270.2648316413,972.2810078839
2009-05-18,277.9423927426,946.9405690166
2009-05-19,277.6071688244,937.2854678985
2009-05-20,275.7488038565,919.9545445454
2009-05-21,271.7881625300,929.0796892733
2009-05-22,271.2093752591,911.6675678122
2009-05-26,278.1556767853,904.0173925125
2009-05-27,273.1896801024,891.4463681580
2009-05-28,276.9978807647,874.2149643429
2009-05-29,281.9028442302,871.9741141586
2009-06-01,288.7273324402,838.9955112346
2009-06-02,288.9710223523,839.0050972789
2009-06-03,285.3151674348,861.2093080706
2009-06-04,287.9961994245,845.5528170478
2009-06-05,288.0571693623,839.8104375492
2009-06-08,286.8688409131,845.1066969298
2009-06-09,288.3314233427,839.7884296646
2009-06-10,287.6001004881,834.2694060714
2009-06-11,288.8795832656,829.6633849772
2009-06-12,289.6718760580,832.4059278989
2009-06-15,283.0301078222,830.5646068371
2009-06-16,279.1914380109,835.5509470822
2009-06-17,278.9173105898,839.8190475610
2009-06-18,280.9584904514,837.2365128377
2009-06-19,281.9939985585,847.9638108752
2009-06-22,273.5378130681,854.9145577090
2009-06-23,273.7522994241,860.5480867828
2009-06-24,276.1115544202,859.8865304629
2009-06-25,282.1166661499,860.9260441735
2009-06-26,281.3812301183,866.9118940252
2009-06-29,284.0161945267,863.2313271356
2009-06-30,281.7183840657,870.0476121868
2009-07-01,282.8826029702,877.1711965496
2009-07-02,275.1617585920,884.4978036923
2009-07-06,275.1310679642,893.0365366822
2009-07-07,269.8000110107,891.4150955311
2009-07-08,269.6163734815,900.1696129837
2009-07-09,270.1372282377,902.1962184694
2009-07-10,269.4936109707,903.7903346187
2009-07-13,276.0501415249,905.3628333366
2009-07-14,277.6127690730,899.3971289002
2009-07-15,285.7318322558,899.7188822921
2009-07-16,285.2724536746,895.5160432014
2009-07-17,288.3975189317,885.2799780479
2009-07-20,291.4612345732,889.3736946192
2009-07-21,292.8091859264,892.3988838886
2009-07-22,292.7481527090,893.6512117723
2009-07-23,299.2128328588,880.0235794582
2009-07-24,300.4381799002,880.9764345303
2009-07-27,301.3269108713,879.9205689929
2009-07-28,299.9172935043,886.0715484326
2009-07-29,299.1821105913,887.4317133270
2009-07-30,302.3072074883,881.2145221227
2009-07-31,302.7361802002,892.3098343262
2009-08-03,307.7303046852,884.2794738683
2009-08-04,308.5268372137,886.9625868428
2009-08-05,307.6382328020,889.8798189390
2009-08-06,306.0450728254,896.8750219041
2009-08-07,310.0585842951,895.6303722966
2009-08-10,309.4153467060,893.4115701846
2009-08-11,305.5548137775,897.8655286405
2009-08-12,308.8330474148,908.5247093499
2009-08-13,311.1923024109,913.9529605165
2009-08-14,308.8025149862,913.5240035979
2009-08-17,301.2041800002,911.7392536370
2009-08-18,303.5940939842,913.5676865398
2009-08-19,306.2595275415,919.1524909561
2009-08-20,309.4153467060,920.2203531047
2009-08-21,315.4815865726,929.5099185719
2009-08-24,315.4510541440,926.8858098144
2009-08-25,316.0637593045,931.0582114028
2009-08-26,316.0944182924,927.0159285078
2009-08-27,316.7991320564,935.3172358516
2009-08-28,316.7379090001,941.8322784248
2009-08-31,313.9190223042,943.3261396293
2009-09-01,306.9948370138,940.6389414291
2009-09-02,305.8305231898,947.9675487420
2009-09-03,308.3735739141,950.8262170835
2009-09-04,312.6936119831,953.2501754368
2009-09-08,315.3897678080,958.4171078538
2009-09-09,317.8100876613,954.9399869688
2009-09-10,321.0577572302,957.7321100171
2009-09-11,320.9965658137,963.8025208241
2009-09-14,322.5590668024,959.7999602175
2009-09-15,323.9072712741,954.1461963332
2009-09-16,328.8092922362,957.1682705967
2009-09-17,328.3190964679,960.9147715442
2009-09-18,328.5282989735,950.0097928963
2009-09-21,327.6972790386,947.2023041759
2009-09-22,329.6057931249,954.4053896389
2009-09-23,326.8660692646,949.8005482222
2009-09-24,323.2643184434,936.2214005412
2009-09-25,321.5402961614,944.6518466374
2009-09-28,327.2970669252,945.8036370589
2009-09-29,326.3120243348,948.3886004887
2009-09-30,325.0497536207,957.2434237973
2009-10-01,316.9842566572,957.0525701053
2009-10-02,315.5066136721,956.5132236992
2009-10-05,320.2167074715,962.8222754075
2009-10-06,324.8034692432,966.2537582789
2009-10-07,325.6963133912,963.2249119191
2009-10-08,328.1898477935,969.5020655339
2009-10-09,330.1907185214,954.2802508259
2009-10-12,331.4837431429,955.4093599916
2009-10-13,330.8063978252,961.5051494479
2009-10-14,336.5014076557,964.0858899511
2009-10-15,337.7329244625,968.0293480259
2009-10-16,335.2084779537,965.5643620322
2009-10-19,337.9792721196,968.8106706204
2009-10-20,336.1936471033,963.3271502975
2009-10-21,333.1768533184,968.8110210861
2009-10-22,336.5630736695,960.0602940151
2009-10-23,332.7150384709,955.6883089611
2009-10-26,329.1133192895,950.9810566892
2009-10-27,327.6048591174,960.5064100241
2009-10-28,321.4172488921,950.6027406147
2009-10-29,328.3128950627,964.8031380507
2009-10-30,318.8006039409,957.5468746003
2009-11-02,321.1402422471,960.4445618935
2009-11-03,322.1561969440,963.9636174005
2009-11-04,322.9873117984,972.1043730584
2009-11-05,328.9284161674,962.8066357367
2009-11-06,329.7905696877,962.4783014664
2009-11-09,337.3019584417,975.0234068912
2009-11-10,337.3634662564,976.5603275754
2009-11-11,339.0873619792,979.4290809515
2009-11-12,335.6395388939,971.2864789596
2009-11-13,337.4557596183,972.7285937044
2009-11-16,342.3505350610,987.9121505236
2009-11-17,342.7505889753,985.1804761484
2009-11-18,342.5352483441,991.4384031554
2009-11-19,338.0715971213,982.8085229199
2009-11-20,336.8708658617,977.5646477925
2009-11-23,341.1498354413,985.6680328002
2009-11-24,341.6731581036,987.8715676550
2009-11-25,342.8737944437,1000.0253247315
2009-11-27,337.3019584417,987.5742121695
2009-11-30,338.4409604078,997.4033682765
2009-12-01,342.6275100662,1012.6904703294
2009-12-02,342.4736456099,1008.0217535529
2009-12-03,339.7953662847,1010.1340344289
2009-12-04,341.7348557572,982.5503183745
2009-12-07,341.2114065356,980.4851353014
2009-12-08,337.4249424313,969.7832630161
2009-12-09,338.6870549463,968.6778302805
2009-12-10,340.5956006725,961.5624796073
2009-12-11,342.0427112290,954.4321875892
2009-12-14,344.3823178954,959.7052640178
2009-12-15,342.7814694419,947.3061240096
2009-12-16,343.3046655449,958.5633071815
2009-12-17,339.1797819004,947.9506028172
2009-12-18,341.0986105688,947.4834708909
2009-12-21,344.5651960688,935.0565650177
2009-12-22,345.8029775604,929.7654779379
2009-12-23,346.4838981780,937.6811084248
2009-12-24,348.1241382103,946.9736713411
2009-12-28,348.8671361594,946.1523363243
2009-12-29,348.3717514603,947.2582223503
2009-12-30,348.2480397548,949.6465106689
2009-12-31,344.9055139984,953.2721946461
2010-01-04,350.7549261621,962.5419623576
2010-01-05,351.6833967501,967.6180899772
2010-01-06,351.9309467204,970.3914257776
2010-01-07,353.4166895001,964.1301222933
2010-01-08,354.5927733380,967.8745344771
2010-01-11,355.0879681982,973.6599721526
2010-01-12,351.7763861881,967.3231766275
2010-01-13,354.7474920695,968.7766837633
2010-01-14,355.7069696834,973.0272998408
2010-01-15,351.7144670557,960.7656852088
2010-01-19,356.1093016648,970.1136266203
2010-01-20,352.4882505520,954.9356781546
2010-01-21,345.7101463215,945.9198068758
2010-01-22,338.0036347828,938.2653121387
2010-01-25,339.7367060540,946.3191201265
2010-01-26,338.3131355254,943.7702278078
2010-01-27,339.9225900105,935.4210853501
2010-01-28,336.0227287828,934.2138983939
2010-01-29,332.3707972033,927.2286828501
2010-02-01,337.5393836689,928.8795858718
2010-02-02,341.6248757346,936.4607840650
2010-02-03,339.9225900105,930.3473265060
2010-02-04,329.4304135894,910.1500325829
2010-02-05,330.1113658468,897.0012504982
2010-02-08,327.7282227848,901.5605914018
2010-02-09,331.8445953172,913.3643564885
2010-02-10,331.1947133654,908.7177749748
2010-02-11,334.6611090264,919.8643268307
2010-02-12,334.3824887505,915.3214714459
2010-02-16,339.6440013744,929.2587469926
2010-02-17,341.2533293003,925.5681079967
2010-02-18,343.2651157669,934.9447320763
2010-02-19,343.9768852114,937.3790354322
2010-02-22,344.0388676234,931.8925663666
2010-02-23,339.8606392383,930.1677772127
2010-02-24,342.9866220503,931.2137483320
2010-02-25,342.5222443771,930.1615609309
2010-02-26,342.7390088003,935.9740599321
2010-03-01,346.2981407808,939.8044471609
2010-03-02,347.2574918353,946.3504152025
2010-03-03,347.5670874974,944.2547220686
2010-03-04,348.6194279900,945.4227909567
2010-03-05,353.6023203380,949.1336364012
2010-03-08,353.6641761908,948.5331490095
2010-03-09,354.2522339297,948.8513177695
2010-03-10,355.8306813889,945.8762004010
2010-03-11,357.3163292491,945.5863561266
2010-03-12,357.3471147962,941.0086757535
2010-03-15,357.4402940732,939.8822438372
2010-03-16,360.2876249694,943.5298641425
2010-03-17,362.4229649424,946.5461209958
2010-03-18,362.2375239434,949.9144057871
2010-03-19,360.4037114777,945.4663627557
2010-03-22,362.3306399407,947.3661746129
2010-03-23,364.8789745154,950.4927435846
2010-03-24,363.1074608600,941.5089459829
2010-03-25,362.5170301344,944.1477282001
2010-03-26,362.2996961944,941.4141909547
2010-03-29,364.5992152058,950.5887384216
2010-03-30,364.8479042098,950.0335867830
2010-03-31,363.6047439484,961.0297724071
2010-04-01,366.0909062721,961.8315915842
2010-04-05,369.0743516842,963.6332159135
2010-04-06,369.9446366388,967.0868310412
2010-04-07,367.8313496219,964.5337028677
2010-04-08,369.1053587102,969.6621634283
2010-04-09,371.5295386218,962.7719970554
2010-04-12,372.1199060677,958.6779258092
2010-04-13,372.3996970171,953.9229844424
2010-04-14,376.6261128517,953.0064593469
2010-04-15,376.9370373862,957.8898685001
2010-04-16,370.9390762564,953.8804418921
2010-04-19,372.3374614864,954.9440996546
2010-04-20,375.6627118998,958.5282733368
2010-04-21,374.9791335371,959.5053253763
2010-04-22,376.0977910974,957.9780784280
2010-04-23,378.5528514757,961.9116682419
2010-04-26,377.1235224994,963.7878747242
2010-04-27,368.2043198482,963.5207706343
2010-04-28,371.0011852277,970.5275661276
2010-04-29,375.6006345683,973.1530193226
2010-04-30,369.2297348520,975.4747822914
2010-05-03,374.0157009455,980.4710502273
2010-05-04,365.2207478768,972.8311640080
2010-05-05,363.0454151683,970.5287618401
2010-05-06,350.9875104965,962.6793566474
2010-05-07,345.7664335655,963.6783357950
2010-05-10,360.9943004024,967.8673666162
2010-05-11,359.9688537588,971.6993073392
2010-05-12,365.0031924581,968.8111755236
2010-05-13,360.4660419278,972.7122700391
2010-05-14,353.9397274039,974.1135681045
2010-05-17,354.1261808773,964.3904274283
2010-05-18,349.3092077578,966.4182806402
2010-05-19,347.3203601624,960.5466078515
2010-05-20,334.2056537831,952.0752288218
2010-05-21,339.0846409545,950.5936859313
2010-05-24,334.7339438975,961.0468729697
2010-05-25,335.0757488988,963.7980900434
2010-05-26,333.0558942774,962.4683215615
2010-05-27,344.2126335280,956.1853894213
2010-05-28,339.8928169377,966.6689181526
2010-06-01,334.1744252784,969.0299105329
2010-06-02,342.8761357905,971.1850965514
2010-06-03,344.0571238009,960.9140288215
2010-06-04,331.9681488236,974.0920153142
2010-06-07,327.8348173465,975.6606903779
2010-06-08,331.3465528730,977.7751507157
2010-06-09,329.5751024972,967.9672353172
2010-06-10,339.2090170963,954.6848812941
2010-06-11,340.8561862497,957.4605451810
2010-06-14,340.3278961353,937.3257373824
2010-06-15,348.0661107761,928.1687735336
2010-06-16,347.9417662741,926.8997604949
2010-06-17,348.5011899737,927.7821315681
2010-06-18,348.8789694530,928.2202263517
2010-06-21,347.8798155019,925.2455386219
2010-06-22,342.1342768750,934.8339241746
2010-06-23,341.0727924738,937.6428666712
2010-06-24,335.4210659203,939.1924966236
2010-06-25,336.8261587927,930.9919865095
2010-06-28,335.7643896330,940.2887923962
2010-06-29,325.3976018280,957.2297328843
2010-06-30,322.3063279012,946.0974232459
2010-07-01,320.8699748843,936.4117005234
2010-07-02,319.1213684603,932.0159393215
2010-07-06,321.2136149953,932.6475956134
2010-07-07,331.3305431229,918.0441631952
2010-07-08,334.6091247982,909.7516803318
2010-07-09,337.1070254960,914.4034941776
2010-07-12,337.3256883085,918.8944046691
2010-07-13,342.4153334173,909.1593838362
2010-07-14,342.3842314719,906.7641809101
2010-07-15,342.4778853461,894.6707626666
2010-07-16,333.0479210422,902.4315651733
2010-07-19,335.0150320796,901.4812086602
2010-07-20,338.7309077402,902.7511286805
2010-07-21,334.3281631754,905.6568180573
2010-07-22,341.7908582428,890.9325068337
2010-07-23,344.7573130703,886.5181230436
2010-07-26,348.3481797927,884.3427211559
2010-07-27,348.3170145676,880.6899795612
2010-07-28,346.0687837083,878.2416123776
2010-07-29,344.3825393742,874.2866428517
2010-07-30,344.3201456444,878.7672380054
2010-08-02,352.0952523181,874.4475776746
2010-08-03,350.4091345433,878.8027598163
2010-08-04,352.7509243574,877.9227620285
2010-08-05,352.3762772205,889.5993896352
2010-08-06,350.9398292842,892.1429714512
2010-08-09,352.8133813668,893.5358936162
2010-08-10,350.9086324193,892.0707249013
2010-08-11,341.2913603668,901.5581102809
2010-08-12,339.1992087513,905.2284613502
2010-08-13,338.1998649612,904.6960387718
2010-08-16,338.0438489970,912.5123605814
2010-08-17,342.1967655242,908.3447562744
2010-08-18,342.8213356182,910.8119748460
2010-08-19,336.8572923779,915.4650442349
2010-08-20,335.7643896330,914.7991718851
2010-08-23,334.4842740591,918.9896745221
2010-08-24,329.5193214903,924.0340296226
2010-08-25,330.7996901829,920.6320982175
2010-08-26,328.5826245486,925.9500214309
2010-08-27,333.6723962166,920.8080350179
2010-08-30,328.8324525861,927.4100084244
2010-08-31,328.8324525861,931.2584361695
2010-09-01,338.6683874511,925.6414428243
2010-09-02,341.8221500272,924.5370363309
2010-09-03,346.2560914568,924.3026094367
2010-09-07,342.3529080477,933.5586655902
2010-09-08,344.7573130703,926.0260043443
2010-09-09,346.3496504116,924.6686995990
2010-09-10,347.9220290354,916.0958744219
2010-09-13,352.2976806964,919.8287806666
2010-09-14,352.2292938261,927.0343582746
2010-09-15,353.1181153829,918.5480817959
2010-09-16,352.9812377634,914.5311522950
2010-09-17,353.3231374888,927.0761100973
2010-09-20,359.0660071627,926.9082515468
2010-09-21,357.9721288737,929.9293029756
2010-09-22,356.0577812719,940.8792686147
2010-09-23,353.1181153829,940.6187240566
2010-09-24,360.3286192335,944.2457099783
2010-09-27,358.6102909092,951.7788350375
2010-09-28,360.9474251878,953.1413670037
2010-09-29,359.2289583585,947.7584697298
2010-09-30,358.6790932947,936.1065024028
2010-10-01,359.9162550619,923.5390117690
2010-10-04,356.8918933325,925.5985353768
2010-10-05,364.7280245113,933.2118409206
2010-10-06,364.1093916883,935.8799444012
2010-10-07,363.9032615419,943.9125370361
2010-10-08,366.6527599920,967.8518597356
2010-10-11,366.0341617953,972.6785716122
2010-10-12,368.1649581699,982.8837922743
2010-10-13,370.3646954351,980.6771065352
2010-10-14,368.9898250181,983.1553840692
2010-10-15,369.6772256003,977.5778454278
2010-10-18,372.3580947963,979.1495941069
2010-10-19,366.4464567143,964.2463437230
2010-10-20,370.3646954351,979.5762712444
2010-10-21,370.9145258726,972.3913558809
2010-10-22,371.8081258537,969.1983070587
2010-10-25,372.9079252338,981.2602672702
2010-10-26,372.8391921008,967.0978572321
2010-10-27,371.6706942140,957.9424121015
2010-10-28,371.9456267459,968.8854251499
2010-10-29,372.2206977829,973.0250266742
2010-11-01,372.4267586767,976.3529002720
2010-11-02,375.3139657766,984.0496055340
2010-11-03,376.8947932087,986.8677998448
2010-11-04,383.9748945511,1014.6718417843
2010-11-05,385.4871619815,1010.0082605283
2010-11-08,385.0059954245,1004.3973087832
2010-11-09,381.9814259374,1000.1181525489
2010-11-10,383.4249602348,995.2799191993
2010-11-11,382.1878330939,983.9631204747
2010-11-12,377.4447621513,957.5387271992
2010-11-15,377.1009579813,952.6514250402
2010-11-16,371.0519921385,924.4163599677
2010-11-17,371.3269939229,921.5052268971
2010-11-18,376.8260600757,932.7858960831
2010-11-19,377.7197639357,920.6319219323
2010-11-22,377.3760982708,921.3252600916
2010-11-23,372.0831622644,920.8824113211
2010-11-24,376.8947932087,923.3122575386
2010-11-26,374.7639275816,914.3555884093
2010-11-29,374.4202965430,918.4711673472
2010-11-30,371.8081258537,920.2951680662
2010-12-01,380.1942606014,931.3787441277
2010-12-02,385.1434270641,933.5866920245
2010-12-03,386.1058294308,952.4719132288
2010-12-06,385.6245589949,954.2505928268
2010-12-07,385.7621291397,937.9226635934
2010-12-08,387.3431297030,930.4053280323
2010-12-09,388.7866986267,935.2172255413
2010-12-10,391.1237982791,933.4004358775
2010-12-13,391.3298937992,948.7012155144
2010-12-14,391.5361970769,943.7083891980
2010-12-15,389.8176956213,935.4111660777
2010-12-16,392.0861660194,937.0901100655
2010-12-17,392.6360310832,949.2556368573
2010-12-20,393.4608979314,955.4617589770
2010-12-21,395.8667999692,962.5182035475
2010-12-22,397.3102996403,967.3425798211
2010-12-23,396.6915629386,973.4218403637
2010-12-27,396.9884138952,973.5448711710
2010-12-28,397.4026478850,980.9257297466
2010-12-29,397.7481141155,984.3420232310
2010-12-30,397.1266419389,973.2491974600
2010-12-31,397.5408759287,992.2516666369
2011-01-03,401.2699167459,985.2543103671
2011-01-04,400.9245543941,963.0058601176
2011-01-05,403.0652538801,965.5449464114
2011-01-06,402.3747715604,955.5128463968
2011-01-07,401.5460611970,956.8796472900
2011-01-10,401.2006988453,963.9614546752
2011-01-11,402.5127918466,964.9635798965
2011-01-12,406.1036392463,974.5160715253
2011-01-13,405.5509694552,978.5598257349
2011-01-14,408.4514037878,973.3728450149
2011-01-18,409.1419207337,978.4912006976
2011-01-19,405.0678984536,976.4244211364
2011-01-20,404.5842388056,960.9138250763
2011-01-21,405.4821324434,968.8611054143
2011-01-24,407.9679518973,972.0851327206
2011-01-25,407.8298623586,965.1675748005
2011-01-26,409.9706657234,976.4901002372
2011-01-27,410.5230238781,979.0377675796
2011-01-28,403.2724920669,985.3797342029
2011-01-31,406.3798183237,994.1193664331
2011-02-01,412.7325950021,1004.0154428528
2011-02-02,412.0422165612,1004.1791922252
2011-02-03,413.0779919801,994.8670866105
2011-02-04,414.1828121684,987.7850731751
2011-02-07,416.8069289185,988.9729147641
2011-02-08,418.7403902177,985.7896990260
2011-02-09,417.7045455462,995.2033975087
2011-02-10,417.8426697112,985.4935709222
2011-02-11,420.4667518350,982.3817829452
2011-02-14,421.5025272540,985.2578761579
2011-02-15,419.9834038234,976.6651070057
2011-02-16,422.6764268378,984.7634567118
2011-02-17,424.2645604115,993.1603213366
2011-02-18,424.9553197412,993.2484339519
2011-02-22,416.2544668850,977.2005926765
2011-02-23,413.9067023435,986.2315536244
2011-02-24,413.4922259699,990.7446630178
2011-02-25,417.9807938761,1002.3718490007
2011-02-28,420.4667518350,1007.4379392899
2011-03-01,413.2851262881,1013.4655715310
2011-03-02,414.4590951245,1023.8442954766
2011-03-03,421.5715373970,1029.4333399569
2011-03-04,418.4641418878,1027.7609737408
2011-03-07,414.8043882238,1017.4446515354
2011-03-08,418.6713454483,1012.6907410209
2011-03-09,418.1881013154,1010.0679251883
2011-03-10,410.5230238781,992.2218148143
2011-03-11,413.2851262881,989.9116322472
2011-03-14,410.8681438460,987.4412287169
2011-03-15,406.3107389281,954.8662402412
2011-03-16,398.5766859739,952.5464708281
2011-03-17,403.5483595079,977.2575677601
2011-03-18,405.2747903778,985.3894694733
2011-03-21,411.4208136371,993.3042204385
2011-03-22,409.9706657234,996.4930741950
2011-03-23,411.2824470883,990.5635560212
2011-03-24,415.1495428179,999.1390616548
2011-03-25,416.3842807467,990.9580276936
2011-03-28,415.4826474724,984.4937715827
2011-03-29,418.1877896791,987.4661614920
2011-03-30,421.0314715658,988.1345257864
2011-03-31,420.4766549464,1000.6580111741
2011-04-01,422.4187728114,1004.2700638686
2011-04-04,422.6269112811,1010.0966141702
2011-04-05,422.6269112811,1011.7726458950
2011-04-06,423.8752919576,1015.6714250518
2011-04-07,423.1124061211,1017.0205019202
2011-04-08,421.5171049109,1030.8108741010
2011-04-11,420.0605511384,1025.2586206045
2011-04-12,417.0085230244,1013.4531076990
2011-04-13,417.1472012095,1012.8949089028
2011-04-14,417.2167999991,1015.1979736182
2011-04-15,418.6732498928,1015.7427673260
2011-04-18,414.0953462269,1009.5014754647
2011-04-19,416.6618102483,1011.7958352610
2011-04-20,422.2802331313,1026.9302557233
2011-04-21,424.1529253381,1034.8506165454
2011-04-25,423.7366483987,1035.5344008306
2011-04-26,427.4129534167,1036.4935201894
2011-04-27,430.1874866553,1037.3081906450
2011-04-28,431.5747186483,1030.0676354151
2011-04-29,432.8232032037,1040.8327729273
2011-05-02,431.8521096449,1032.9266955126
2011-05-03,430.4647737731,1024.1889054073
2011-05-04,427.5516316018,1016.2133103050
2011-05-05,423.8060740570,981.4927802828
2011-05-06,425.8176522065,973.1478069341
2011-05-09,427.5516316018,993.5802104430
2011-05-10,431.0891891821,999.4865504754
2011-05-11,426.5113201424,972.1885271248
2011-05-12,428.8002200360,972.4821736065
2011-05-13,425.0545932386,966.6124178062
2011-05-16,422.4187728114,965.4526134752
2011-05-17,422.3494510319,970.3156165436
2011-05-18,426.3031470465,981.1388536964
2011-05-19,426.8581367972,980.4670007797
2011-05-20,424.0141086478,985.7396836485
2011-05-23,418.9507793944,968.2096945610
2011-05-24,418.6037896083,973.9952923864
2011-05-25,419.9911254801,982.9040028319
2011-05-26,421.6560254799,992.3786160058
2011-05-27,423.5286830604,1001.8644469892
2011-05-31,427.7597008190,1001.7725860843
2011-06-01,418.2570422060,1002.9234035802
2011-06-02,417.7716166185,1005.4452094183
2011-06-03,413.7483564407,1014.5077965655
2011-06-06,409.3786258707,1005.5308768912
2011-06-07,408.8237053725,1011.1707341914
2011-06-08,407.1590823829,1013.4562007570
2011-06-09,410.2803630238,1016.9458255615
2011-06-10,404.5232619557,1012.0074995215
2011-06-13,404.8007222048,1013.3572821319
2011-06-14,410.0027642696,1011.2544567149
2011-06-15,402.8586043398,992.1039294492
2011-06-16,403.6215594289,996.1572492584
2011-06-17,404.7312619203,999.2539656059
2011-06-20,407.0203003189,998.0798481024
2011-06-21,412.5691936648,1000.7774090439
2011-06-22,410.1416155861,1002.9147315328
2011-06-23,408.7543143405,992.5990096390
2011-06-24,404.2587865554,990.7415994243
2011-06-27,407.6739749205,988.0424373845
2011-06-28,412.9015711678,993.9486867187
2011-06-29,416.5956740851,1000.3335446544
2011-06-30,420.5684491708,999.1707030874
2011-07-01,426.9110803541,997.2773337063
2011-07-05,426.2141229231,1001.6890954675
2011-07-06,426.8415161908,1007.2872133722
2011-07-07,431.5113179599,1019.3581498958
2011-07-08,428.5840136469,1030.3942008207
2011-07-11,420.6381518392,1032.9840484217
2011-07-12,418.7562490463,1041.0417779778
2011-07-13,420.2199704554,1048.2644925279
2011-07-14,417.5018087736,1044.6010397305
2011-07-15,419.8018583241,1049.9258222306
2011-07-18,416.2471261171,1047.3635372505
2011-07-19,423.0080771892,1050.3841564349
2011-07-20,423.0080771892,1049.5197686531
2011-07-21,428.6537163153,1052.2592974894
2011-07-22,429.0020911519,1061.5885515714
2011-07-25,426.5627055174,1064.0207481241
2011-07-26,424.7504707666,1076.3498634369
2011-07-27,416.3168287855,1074.6931945175
2011-07-28,415.1319180498,1074.5286153320
2011-07-29,411.9258030634,1088.6084370247
2011-08-01,410.4620124019,1087.2518077552
2011-08-02,400.2161010437,1093.6775882016
2011-08-03,402.2373399208,1091.7529060058
2011-08-04,383.4183119923,1076.8978340859
2011-08-05,382.5820531034,1075.2460363093
2011-08-08,358.0477872593,1074.7363986131
2011-08-09,374.0787430802,1083.3244321186
2011-08-10,357.8386446280,1097.4519470151
2011-08-11,373.5211563597,1087.9888210393
2011-08-12,376.5181287148,1086.4063204687
2011-08-15,384.2549517700,1093.6311881230
2011-08-16,380.9789956102,1096.0473166692
2011-08-17,381.3972116203,1112.8213018804
2011-08-18,365.5754676832,1113.7527392574
2011-08-19,358.6054086061,1120.4252101924
2011-08-22,358.8841500270,1121.3580149570
2011-08-23,371.2907748514,1119.2424788687
2011-08-24,376.3788965094,1105.3598857966
2011-08-25,370.7330842520,1104.2593340252
2011-08-26,375.6121325313,1113.6309980678
2011-08-29,386.5550359467,1111.5685845459
2011-08-30,387.2519587514,1119.0116446241
2011-08-31,389.2036334651,1110.8507931593
2011-09-01,385.4397586268,1115.9885857092
2011-09-02,375.4726579421,1126.8043010276
2011-09-06,372.8938669708,1107.7873981148
2011-09-07,383.4183119923,1107.7480486410
2011-09-08,379.3759034907,1102.3321853404
2011-09-09,369.4087335534,1105.3837398147
2011-09-12,372.0573656981,1100.3033155074
2011-09-13,375.1242138529,1100.0251827212
2011-09-14,380.4214781422,1096.9488581273
2011-09-15,386.9731134517,1094.2402498486
2011-09-16,389.2732322546,1093.3320309010
2011-09-19,385.6488320056,1095.5887954562
2011-09-20,385.0216118693,1096.9319164117
2011-09-21,373.3817510230,1090.5656618221
2011-09-22,361.6722221346,1085.1727530744
2011-09-23,363.3543313873,1073.1150315238
2011-09-26,372.1858291356,1063.3374854786
2011-09-27,376.4614108952,1058.4694191476
2011-09-28,368.9616392396,1058.2583091981
2011-09-29,371.6251260513,1058.3924835527
2011-09-30,362.7935936768,1064.9182520607
2011-10-03,351.6490615293,1071.6270868463
2011-10-04,359.3591184829,1076.0381951798
2011-10-05,366.5085069785,1066.5759686693
2011-10-06,373.5876041593,1057.0521533948
2011-10-07,370.7139705546,1051.7267908273
2011-10-10,383.2603469783,1040.6604792867
2011-10-11,383.1201798639,1035.3669415525
2011-10-12,386.6248424938,1026.8169399421
2011-10-13,386.0640701571,1039.6580286543
2011-10-14,392.4424010179,1025.2208812486
2011-10-17,385.0827272243,1038.8531296482
2011-10-18,392.7926110466,1042.7397334032
2011-10-19,387.8863465242,1042.6694407223
2011-10-20,389.6385739604,1041.0602213744
2011-10-21,397.1384494948,1029.0017806525
2011-10-24,402.1849850104,1016.5411728446
2011-10-25,394.4048444996,1024.0223474986
2011-10-26,398.1898067323,1027.5309954663
2011-10-27,411.9277075079,994.3637915722
2011-10-28,412.3483819827,991.8717438520
2011-10-31,401.7644836669,1002.9307830033
2011-11-01,391.1105710464,1030.6678530174
2011-11-02,397.2784781042,1029.1911370732
2011-11-03,404.6382904029,1021.7480039353
2011-11-04,402.3252560037,1027.7441204183
2011-11-07,404.6382904029,1034.7237331206
2011-11-08,409.4746098730,1030.1161377869
2011-11-09,394.6852479811,1040.5966516310
2011-11-10,398.2598210370,1041.3418272488
2011-11-11,406.0401000528,1035.3085715211
2011-11-14,402.1150053319,1040.3184380683
2011-11-15,404.2175466756,1041.1303930910
2011-11-16,397.6991872053,1042.0341234315
2011-11-17,391.3208909707,1040.3694120402
2011-11-18,390.7600840077,1035.6654534646
2011-11-21,383.7509665053,1040.2433354783
2011-11-22,381.7184394664,1041.4917651448
2011-11-23,373.6578608478,1042.9461268477
2011-11-25,372.5362815481,1032.6909993453
2011-11-28,383.6809522006,1031.2333827308
2011-11-29,384.8023929953,1025.0195704090
2011-11-30,400.5729593150,1021.4624771942
2011-12-01,400.2925904597,1020.9758892590
2011-12-02,400.0822705355,1024.9301837099
2011-12-05,404.4279704786,1026.6316241497
2011-12-06,404.7784575174,1026.9257542882
2011-12-07,406.1101489838,1035.4323769208
2011-12-08,397.3487694190,1041.4137818609
2011-12-09,404.0776565712,1039.6314423665
2011-12-12,398.2598210370,1050.5461965729
2011-12-13,394.4749973093,1055.6273161994
2011-12-14,390.0592830615,1070.3600825965
2011-12-15,391.5311762687,1066.1945594366
2011-12-16,391.8114412451,1067.5569743470
2011-12-19,387.8162629670,1062.6651381818
2011-12-20,399.3813310842,1047.8569364676
2011-12-21,400.5729593150,1045.4123938402
2011-12-22,404.3579561739,1040.6265293101
2011-12-23,407.5521250994,1036.0524403838
2011-12-27,407.9751541601,1030.9143330462
2011-12-28,402.9688197364,1040.8079115081
2011-12-29,406.6353255217,1045.9889551564
2011-12-30,405.0842420500,1044.3334308377
2012-01-03,411.0775634874,1026.6540749019
2012-01-04,411.7827273428,1028.9117395236
2012-01-05,413.1224521024,1048.9530589616
2012-01-06,412.2761515971,1052.2194708731
2012-01-09,412.9110241377,1047.8822244187
2012-01-10,416.4364278995,1042.8228284558
2012-01-11,416.8595262127,1056.4001555591
2012-01-12,417.7760834065,1060.7169899155
2012-01-13,416.0134680913,1071.7026266916
2012-01-17,417.1415225023,1070.5312478718
2012-01-18,421.7952576853,1067.0862433572
2012-01-19,424.0514357599,1053.7631023195
2012-01-20,424.0514357599,1047.5579754743
2012-01-23,424.4745340731,1031.5080151692
2012-01-24,423.8400424214,1025.0214745693
2012-01-25,427.5770472792,1024.5787670073
2012-01-26,425.3911951457,1029.2920939517
2012-01-27,424.8272718190,1032.0193809410
2012-01-30,423.4169441082,1044.3746317567
2012-01-31,423.2054815172,1049.4409295994
2012-02-01,427.2246211697,1043.2073926817
2012-02-02,428.0706792911,1039.4743200735
2012-02-03,434.1346036797,1030.9808957776
2012-02-06,433.5001120281,1030.4445346941
2012-02-07,434.8396636563,1028.0054597128
2012-02-08,435.7563247289,1028.3495748624
2012-02-09,436.2498182358,1023.9091861548
2012-02-10,433.2884763058,1034.9969868466
2012-02-13,436.6023828504,1034.3674076930
2012-02-14,435.9677873199,1037.6463364523
2012-02-15,434.0642084861,1046.0353919150
2012-02-16,438.7883388627,1036.6680287694
2012-02-17,439.8459634538,1026.1616638438
2012-02-21,440.1282021273,1026.2708360718
2012-02-22,438.6473060916,1028.6713695445
2012-02-23,440.7627284052,1031.3100654732
2012-02-24,441.3971161781,1028.7420826440
2012-02-27,442.1728829847,1033.1813501019
2012-02-28,443.7239318301,1026.7142903653
2012-02-29,441.3266517319,1022.4375577262
2012-03-01,444.2177369734,1026.8000416213
2012-03-02,443.0189064798,1028.3525340278
2012-03-05,441.1151891410,1028.2855144983
2012-03-06,434.2050681259,1034.6587744939
2012-03-07,437.6601459466,1040.6296381024
2012-03-08,441.8908174425,1038.9950573429
2012-03-09,443.5830375641,1039.8198294694
2012-03-12,443.7945347813,1038.7874363163
2012-03-13,451.7623150139,1035.6366948305
2012-03-14,451.4098542781,1023.0981933345
2012-03-15,453.7364967988,1013.0198419663
2012-03-16,454.3711269556,1008.4698874708
2012-03-19,456.2749827994,1008.8848132330
2012-03-20,455.0057917385,1008.3741715432
2012-03-21,454.3006278831,1013.8637824733
2012-03-22,450.7750509901,1016.2580143779
2012-03-23,452.5378048103,1018.5068711556
2012-03-26,458.6641949783,1015.7850057117
2012-03-27,457.3893944627,1021.8014149319
2012-03-28,455.1937430966,1023.5234831408
2012-03-29,454.4147214212,1029.8209116538
2012-03-30,455.9022310733,1022.6669732712
2012-04-02,459.5850112025,1023.5434954653
2012-04-03,457.8142933416,1021.1007314239
2012-04-04,452.9982648618,1023.0980756774
2012-04-05,452.8566088180,1034.4709041201
2012-04-09,447.8279750806,1035.3695347183
2012-04-10,440.0372389332,1044.7910019748
2012-04-11,443.6493814849,1045.0542250852
2012-04-12,449.7402104803,1044.0946015248
2012-04-13,444.3576963303,1053.3426125005
2012-04-16,443.8618136112,1045.5248968456
2012-04-17,450.6610959570,1046.2194167869
2012-04-18,449.1028102225,1045.6565332551
2012-04-19,446.1990863949,1042.6280101015
2012-04-20,446.9072973614,1042.3774332215
2012-04-23,443.0826880571,1043.8158631154
2012-04-24,444.7117152479,1043.6455998108
2012-04-25,450.9442002871,1040.6822228938
2012-04-26,454.0604947460,1043.8566088398
2012-04-27,454.9812763440,1037.3789157707
2012-04-30,452.9982648618,1032.3257125382
2012-05-01,455.9729725295,1031.2119098151
2012-05-02,454.5564467176,1043.5486310459
2012-05-03,451.2277201323,1035.3058810428
2012-05-04,443.8618136112,1034.2336654826
2012-05-07,444.2160402865,1030.9871331054
2012-05-08,442.3036317555,1034.5332574545
2012-05-09,439.8248414331,1037.4727424706
2012-05-10,440.6038631085,1037.4008267435
2012-05-11,439.1871987915,1038.5070030037
2012-05-14,434.5127571030,1045.2394290332
2012-05-15,432.1048121156,1043.6174024029
2012-05-16,430.2633874248,1032.6301619229
2012-05-17,423.7474171667,1026.5305303721
2012-05-18,420.4186905814,1013.8789814813
2012-05-21,427.5010772572,1017.5104872784
2012-05-22,428.4219281077,1021.3428250690
2012-05-23,428.4219281077,1031.7041812682
2012-05-24,429.2009151567,1037.2917030215
2012-05-25,428.2094613551,1039.6563104002
2012-05-29,433.0964044224,1047.4855092445
2012-05-30,426.8636077469,1062.6103142983
2012-05-31,425.8012393576,1065.6201368935
2012-06-01,415.3899183389,1077.9022035106
2012-06-04,415.2483315476,1066.7248433423
2012-06-05,417.6564150400,1067.8708849033
2012-06-06,427.6428025535,1045.7061418438
2012-06-07,427.5719225922,1046.2490603545
2012-06-08,431.1131851826,1056.1659366193
2012-06-11,425.8721885714,1060.1295334949
2012-06-12,430.8299769738,1054.7734002973
2012-06-13,427.9970638550,1053.5540303227
2012-06-14,432.7422469997,1039.4684903362
2012-06-15,436.5668216778,1036.7735615456
2012-06-18,437.4874993969,1032.6367121343
2012-06-19,441.9495782116,1019.9820248866
2012-06-20,441.2412633662,1024.9114940754
2012-06-21,431.5381879404,1051.5274932865
2012-06-22,434.6543785206,1045.2164444146
2012-06-25,427.7484472833,1043.1297132617
2012-06-26,429.8130728685,1028.3394754965
2012-06-27,433.6575922743,1024.2594877210
2012-06-28,432.6609791594,1039.7184445557
2012-06-29,443.4117414388,993.1215958260
2012-07-02,444.6220678518,997.8134512578
2012-07-03,447.5410964878,980.1250955585
2012-07-05,445.6188194718,993.1346311065
2012-07-06,441.4893259177,1013.3776543427
2012-07-09,440.9199662676,1006.0431184766
2012-07-10,436.8616643112,1016.8606311220
2012-07-11,436.9326481512,1011.2046226335
2012-07-12,434.6543785206,1014.6782649181
2012-07-13,442.0591010829,1005.9221019703
2012-07-16,441.0622455842,1008.1121255045
2012-07-17,444.1948143870,1007.8167173738
2012-07-18,447.3986440400,1004.4322533328
2012-07-19,448.5379173604,993.1010901236
2012-07-20,444.4084930588,1004.4487366468
2012-07-23,439.9942677402,1009.3843363300
2012-07-24,436.5056024440,1004.8600285695
2012-07-25,436.2208014270,1007.6614472275
2012-07-26,443.3404805886,991.9269475653
2012-07-27,451.8839917037,987.3923269726
2012-07-30,451.6705554157,990.9474392592
2012-07-31,448.7514229009,994.7574785302
2012-08-01,448.2530470909,991.7186829325
2012-08-02,445.1203397830,1006.3754019755
2012-08-03,453.8063379722,989.2794099186
2012-08-06,455.0166990115,986.5276269084
2012-08-07,457.0814631017,972.7230828638
2012-08-08,457.5796657804,977.7775803241
2012-08-09,458.0781108429,980.9787693316
2012-08-10,458.7900960722,986.9319116212
2012-08-13,458.4341034576,980.2416184468
2012-08-14,458.6477475031,971.8473083033
2012-08-15,459.1460194343,971.7274764854
2012-08-16,462.2787267422,968.0163188587
2012-08-17,463.3466007073,970.1589515497
2012-08-20,463.2042521382,972.1259008941
2012-08-21,461.7804201847,970.6468699920
2012-08-22,461.8517156612,973.1658431410
2012-08-23,458.2205286645,971.0677177931
2012-08-24,461.0684695817,976.3778933789
2012-08-27,461.0684695817,977.0453153144
2012-08-28,460.6412161168,976.5364325677
2012-08-29,461.0684695817,980.7138187469
2012-08-30,457.5796657804,983.5103311854
2012-08-31,460.0004224852,979.7777743040
2012-09-04,458.7900960722,978.6727695033
2012-09-05,458.7900960722,972.9963119360
2012-09-06,468.3304973123,972.8328469851
2012-09-07,470.2527743284,970.1362623767
2012-09-10,467.4761635140,962.8958701029
2012-09-11,468.7576815247,957.5359135517
2012-09-12,470.2527743284,950.3166381157
2012-09-13,477.7282729733,954.7102518256
2012-09-14,479.7217762133,946.3347484726
2012-09-17,478.2980481385,936.5730699960
2012-09-18,477.7994645709,937.5448819867
2012-09-19,478.1556995694,942.4718835841
2012-09-20,478.0844040930,944.1493771027
2012-09-21,477.7994645709,943.8443334195
2012-09-24,477.1770228590,944.3845853040
2012-09-25,472.3107516709,943.0441268658
2012-09-26,469.3051227500,945.9390200543
2012-09-27,473.8850347392,944.9530688712
2012-09-28,471.7381371521,951.5922159977
2012-10-01,472.5968684859,942.1228337528
2012-10-02,473.2409516126,935.0963851197
2012-10-03,475.1732009925,934.4215460788
2012-10-04,478.8229822926,938.3480915015
2012-10-05,478.6797680669,929.7559530271
2012-10-08,477.2485953455,931.6838434325
2012-10-09,472.5968684859,931.9411238588
2012-10-10,469.3765913578,931.0830691139
2012-10-11,469.6628466778,939.8663800768
2012-10-12,468.0170257492,935.3808390168
2012-10-15,471.9528546118,931.4098656244
2012-10-16,476.7476918183,924.3615398926
2012-10-17,478.9659195082,920.7287354581
2012-10-18,477.7495681253,921.3031066891
2012-10-19,469.5914819488,917.9634961475
2012-10-22,469.8775987638,915.1700396860
2012-10-23,463.0076442143,916.8733212484
2012-10-24,462.0057332810,920.6624183633
2012-10-25,463.2938995343,918.6003989024
2012-10-26,462.9361063540,922.2158134420
2012-10-31,462.5067753133,925.2081109470
2012-11-01,467.9454186364,925.4102711424
2012-11-02,463.7232998275,917.0035233240
2012-11-05,464.7967486211,919.7223177582
2012-11-06,468.2317778352,923.7630627931
2012-11-07,457.9983665582,930.1378394023
2012-11-08,451.9155708559,931.1020804513
2012-11-09,452.4165782620,927.7720125593
2012-11-12,453.0605228835,922.6009410990
2012-11-13,451.4145634499,924.6936163391
2012-11-14,445.9044168928,925.3769629681
2012-11-15,444.1867118413,925.5136641435
2012-11-16,446.4767890278,927.2821947671
2012-11-19,455.5652136510,923.0267211765
2012-11-20,456.0661171782,923.3105028047
2012-11-21,457.0679242327,925.3119899099
2012-11-23,462.8644646149,927.1567688268
2012-11-26,462.2920924799,926.6902600620
2012-11-27,460.0735877799,930.8720677015
2012-11-28,463.5085823678,934.0510548005
2012-11-29,465.5839074683,928.7618798986
2012-11-30,465.1545071752,924.3480604416
2012-12-03,463.5085823678,921.4254752495
2012-12-04,462.6499895390,922.0452271318
2012-12-05,463.6518312197,928.6622529259
2012-12-06,465.0828654360,932.4231966290
2012-12-07,466.5141766625,929.1937957821
2012-12-10,466.8003627300,928.7660775700
2012-12-11,469.8060262772,924.1164139222
2012-12-12,470.1638887101,925.2223062621
2012-12-13,467.3015086411,920.1275594619
2012-12-14,465.7986595543,921.0075349008
2012-12-17,471.3804824768,917.3401687532
2012-12-18,476.1749734207,913.5932574091
2012-12-19,472.6686141038,908.8064617445
2012-12-20,475.6025666594,907.3296410715
2012-12-21,471.1658342696,908.5023584159
2012-12-24,469.7962270446,910.0643796417
2012-12-26,467.5618981423,907.7201389618
2012-12-27,467.1294507379,910.7119267531
2012-12-28,461.9398048754,911.7689029171
2012-12-31,469.8683189252,912.1530925245
2013-01-02,481.4726878514,902.9407606031
2013-01-03,481.0402750733,895.8284283248
2013-01-04,483.0581898291,892.3943387581
2013-01-07,481.7610553735,896.5824361399
2013-01-08,480.3194255206,897.6846068484
2013-01-09,481.7610553735,898.8551618684
2013-01-10,485.2927611153,901.8979734404
2013-01-11,485.5090713831,903.0399027166
2013-01-14,485.0766239787,905.8052039624
2013-01-15,485.2927611153,904.8217318959
2013-01-16,485.2927611153,905.6688202807
2013-01-17,488.3200660771,905.7609437593
2013-01-18,489.6895001708,903.9141515436
2013-01-22,492.0680820867,904.7045844431
2013-01-23,492.7887238819,904.0016297729
2013-01-24,493.0771952828,905.1913363366
2013-01-25,495.8157864599,903.3521161649
2013-01-28,495.2395708096,899.7855428373
2013-01-29,497.2575201916,903.6164177315
2013-01-30,495.3115588114,905.5090811703
2013-01-31,494.1582618543,909.1783070812
2013-02-01,498.9153910599,913.1461738861
2013-02-04,493.4375161803,912.2485520920
2013-02-05,498.4828051505,914.6699418332
2013-02-06,498.9153910599,913.6315851505
2013-02-07,498.2666333877,911.1360993184
2013-02-08,501.0056054537,911.4638728636
2013-02-11,500.7893644384,909.6962314829
2013-02-12,501.5819942353,912.6421260030
2013-02-13,502.0145455184,912.5519369509
2013-02-14,502.7353950712,913.6835070936
2013-02-15,502.0867759040,912.9483600871
2013-02-19,505.5462512602,914.1406210318
2013-02-20,499.2756773312,911.2149805643
2013-02-21,496.8971300415,907.3691690353
2013-02-22,501.2219503478,909.4558092897
2013-02-25,491.7795760595,907.6835745730
2013-02-26,495.0955255536,901.8570249730
2013-02-27,501.2939037233,901.2140092621
2013-02-28,500.7170994266,898.6175073222
2013-03-01,502.0145455184,899.4160862196
2013-03-04,504.8255402125,899.1869909745
2013-03-05,509.1501181349,901.0951407489
2013-03-06,510.0874164606,902.6619763937
2013-03-07,511.0241261397,902.6922840121
2013-03-08,513.0423179056,904.6336192929
2013-03-11,514.9162220315,905.8921002201
2013-03-12,513.7629943270,905.3095528252
2013-03-13,514.4839823848,903.5600306326
2013-03-14,517.2228159457,901.9728159622
2013-03-15,516.5021048981,903.7984100626
2013-03-18,513.6909370727,906.7764438030
2013-03-19,512.4657559927,907.7782263757
2013-03-20,515.9973924819,906.9285008290
2013-03-21,511.8171714518,907.7191345673
2013-03-22,515.5466970366,905.7991857133
2013-03-25,514.0980726785,905.7778360669
2013-03-26,517.9364632357,909.4067704458
2013-03-27,517.6467106630,911.2861009537
2013-03-28,518.8054439435,909.0475371649
2013-04-01,517.3569234641,904.5351775096
2013-04-02,519.8917044545,903.5281314368
2013-04-03,514.6776470763,902.8320761409
2013-04-04,516.7053264383,909.4999287854
2013-04-05,514.6776470763,912.1316716224
2013-04-08,517.8639558400,911.9665685925
2013-04-09,519.7467935420,909.2521840935
2013-04-10,526.1197573320,910.2610932369
2013-04-11,527.8577880002,910.9257328934
2013-04-12,526.6989162146,914.8348307954
2013-04-15,514.6776470763,922.3218133389
2013-04-16,521.9192799378,918.2271179290
2013-04-17,514.2431567224,925.6444462865
2013-04-18,510.0427832070,929.3847386691
2013-04-19,515.4741550147,930.6158478925
2013-04-22,517.7915176968,928.7695379305
2013-04-23,523.2952930215,929.2830241352
2013-04-24,523.4403078128,927.5716290457
2013-04-25,525.7576704950,917.6775081988
2013-04-26,524.5990410933,920.9423400581
2013-04-29,528.0025950339,916.1050010625
2013-04-30,529.6680836802,914.9967711153
2013-05-01,524.8887590397,921.8727797553
2013-05-02,529.5957840421,911.7733116496
2013-05-03,534.5924231120,904.0143409452
2013-05-06,536.2581195158,904.1854768563
2013-05-07,539.0100418044,898.8040402739
2013-05-08,541.8345407412,900.5191060835
2013-05-09,540.2414209856,896.6108669578
2013-05-10,542.1240855563,893.4140788658
2013-05-13,542.0516474131,890.6001092856
2013-05-14,547.7729449248,892.6893302786
2013-05-15,550.8867462928,895.8086182422
2013-05-16,548.3521730600,897.7786509233
2013-05-17,553.5663343170,899.4954048211
2013-05-20,553.5663343170,894.2815731350
2013-05-21,554.2905772435,897.2947124768
2013-05-22,550.5972361040,898.0078306530
2013-05-23,548.6418563801,895.3683695525
2013-05-24,547.9176134535,894.5565249712
2013-05-28,551.8281997700,891.1800527914
2013-05-29,547.6277916283,885.0054630661
2013-05-30,550.0179040900,883.5551821793
2013-05-31,541.9791746437,882.4845684189
2013-06-03,544.8035350754,877.1886817526
2013-06-04,543.1381503080,878.8920215422
2013-06-05,534.8099106728,879.5596583472
2013-06-06,539.0100418044,868.8806743701
2013-06-07,546.5417042486,874.1982054267
2013-06-10,546.3245629505,876.5681474609
2013-06-11,540.7481763514,871.3255382995
2013-06-12,536.5479759673,871.7004559488
2013-06-13,544.2968489622,869.7323221165
2013-06-14,540.9655254071,864.5092935362
2013-06-17,545.3106020775,867.0924247628
2013-06-18,549.5108717142,869.9932591320
2013-06-19,542.1965583257,875.8148341632
2013-06-20,528.4369122565,889.3631938763
2013-06-21,530.1027817917,890.3580816848
2013-06-24,523.3991718118,895.4952568859
2013-06-25,528.6396836554,894.8089095006
2013-06-26,533.5891271282,895.2120051153
2013-06-27,537.1554591334,894.2441021655
2013-06-28,533.8074457194,902.3126520626
2013-07-01,537.8105880381,901.4676376091
2013-07-02,537.0100634531,904.0292230608
2013-07-03,537.5195889200,903.8852216353
2013-07-05,543.4879448215,919.0673801995
2013-07-08,546.3265366475,912.7629812570
2013-07-09,550.4752131515,906.2596581895
2013-07-10,550.6209897207,908.3547253556
2013-07-11,558.4090596459,895.9339211137
2013-07-12,558.5543860736,898.8826045272
2013-07-15,560.5925918197,900.0341846894
2013-07-16,558.4818094254,893.3678161875
2013-07-17,559.8645400042,896.4892508414
2013-07-18,563.0672962430,894.9347329094
2013-07-19,564.0862779242,892.8062118505
2013-07-22,565.1050172215,887.9002126408
2013-07-23,563.9404667287,887.3919288026
2013-07-24,561.8298228395,898.6729512604
2013-07-25,562.8486660155,894.3979060081
2013-07-26,563.5764408210,891.6848993195
2013-07-29,561.9026418715,891.4744122308
2013-07-30,561.9752531460,895.8030668130
2013-07-31,562.1211682202,894.4914522953
2013-08-01,568.9628677387,910.7296993841
2013-08-02,569.8362113557,906.0897475555
2013-08-05,569.4722893268,907.8403748626
2013-08-06,566.0513876281,905.2788714902
2013-08-07,564.0862779242,901.3402661180
2013-08-08,566.0513876281,892.0482126147
2013-08-09,564.4500960744,893.0069572548
2013-08-12,563.7223212689,890.4885231836
2013-08-13,565.9056803115,904.4300309772
2013-08-14,562.7033395878,900.5466328260
2013-08-15,554.4782862178,896.9624664598
2013-08-16,552.8770639165,900.7564719990
2013-08-19,549.3834124384,900.4548926850
2013-08-20,551.5671523698,899.7595493447
2013-08-21,548.7286297963,903.5043874591
2013-08-22,553.5322620737,910.5332809338
2013-08-23,555.3519068449,907.1862614044
2013-08-26,553.6052542371,897.8679120479
2013-08-27,544.5069611289,895.6774003471
2013-08-28,546.3265366475,902.6402005160
2013-08-29,547.1998110120,899.9140954090
2013-08-30,544.7979602470,900.3113776221
2013-09-03,548.0006472333,902.8159782690
2013-09-04,552.5860301721,903.8332364540
2013-09-05,552.4403574818,914.7990497182
2013-09-06,553.3868663935,905.9027996972
2013-09-09,558.8456275756,903.1715650828
2013-09-10,563.0672962430,904.3075170993
2013-09-11,564.8139488508,901.0412661395
2013-09-12,563.4311143932,904.3004242022
2013-09-13,564.5958726435,904.7518186440
2013-09-16,568.0167050897,896.7642646129
2013-09-17,570.3454598125,895.2441307058
2013-09-18,577.1876094724,892.7510488261
2013-09-19,576.2411698132,884.9815460103
2013-09-20,571.7286059064,889.0777184473
2013-09-23,569.6292155528,882.7664359651
2013-09-24,568.3858210581,881.1825905561
2013-09-25,566.5567579433,876.1579750843
2013-09-26,568.8244319374,875.5268890383
2013-09-27,566.4105312327,873.1738892207
2013-09-30,563.2650814599,872.7493372264
2013-10-01,567.5807950589,873.2147160223
2013-10-02,566.8494537484,872.0639174679
2013-10-03,561.8020872024,872.7958586701
2013-10-04,565.8984087962,872.1611763667
2013-10-07,561.0706073868,866.1629829459
2013-10-08,554.5598656945,866.8137097044
2013-10-09,554.5598656945,865.9048968592
2013-10-10,567.0688803799,870.2711371616
2013-10-11,570.4337567843,867.8309277017
2013-10-14,572.9207535311,867.6190018696
2013-10-15,568.6782744793,869.1006596110
2013-10-16,576.4322029087,868.6378907174
2013-10-17,580.3822631656,865.2540235805
2013-10-18,584.2592620065,860.5809736365
2013-10-21,584.5519231853,864.5861909477
2013-10-22,587.6975114632,861.5152682563
2013-10-23,584.9913304686,862.5103109031
2013-10-24,586.8927971003,864.2398622618
2013-10-25,589.5993936100,862.6438501701
2013-10-28,590.3309773044,865.4198250365
2013-10-29,593.9518456746,864.9504049108
2013-10-30,590.6232922206,862.2981047585
2013-10-31,588.4292336626,863.7912836723
2013-11-01,590.1115160466,866.2601570594
2013-11-04,592.7814779696,868.1809538661
2013-11-05,590.9890840678,871.7170919965
2013-11-06,593.7325229218,871.0848707703
2013-11-07,586.1248558293,869.7948854096
2013-11-08,594.1715146900,875.8485646603
2013-11-11,594.0614031722,875.9442287747
2013-11-12,593.0010084799,879.0336795477
2013-11-13,597.5729218023,879.8544517348
2013-11-14,600.9014060038,876.5767714032
2013-11-15,603.4980987532,874.6393145964
2013-11-18,601.2670593459,876.4133616728
2013-11-19,600.0968993985,877.4526611153
2013-11-20,598.1946709890,875.2669532102
2013-11-21,602.8764880716,878.3096621580
2013-11-22,605.9486686709,879.9949642375
2013-11-25,605.5828768237,878.9710181402
2013-11-26,605.2904926550,880.0763983611
2013-11-27,606.9364174624,884.6766185811
2013-11-29,606.0585724311,885.9486336789
2013-12-02,605.1074582264,889.5057959444
2013-12-03,602.7668613215,885.4902050683
2013-12-04,602.0717737087,886.6694157999
2013-12-05,599.7677421380,886.2748019167
2013-12-06,606.5704871101,888.4226533099
2013-12-09,607.9604545780,888.6704493140
2013-12-10,605.8756072550,883.4373527364
2013-12-11,598.9993160993,884.7652250754
2013-12-12,597.0243032840,890.5603896029
2013-12-13,596.8414766129,889.4873834153
2013-12-16,600.6453101592,891.4037729927
2013-12-17,598.5238975020,893.0864750915
2013-12-18,608.9479956119,897.9777083394
2013-12-19,608.3995155987,899.5560818931
2013-12-20,611.4716269455,896.7010531035
2013-12-23,617.9454916672,898.1011871255
2013-12-24,616.5260226229,899.5475238949
2013-12-26,619.3944622880,900.6131044584
2013-12-27,619.4313046324,906.8923778046
2013-12-30,619.1736852322,905.5084337557
2013-12-31,622.0421248973,902.9870501401
2014-01-02,616.4528919545,894.7958918586
2014-01-03,615.9009493149,889.0771678443
2014-01-06,614.3562024494,886.5195748156
2014-01-07,618.1808810063,887.9955563552
2014-01-08,618.4383619014,893.1756194611
2014-01-09,618.8059543143,892.6613341104
2014-01-10,620.2402433993,882.9051836118
2014-01-13,612.3704554924,879.1580137027
2014-01-14,618.7324773832,888.3445255102
2014-01-15,622.2261981139,892.6882254647
2014-01-16,621.2701669797,889.1584338005
2014-01-17,618.5856620261,889.6055878776
2014-01-21,620.5347051438,889.5643199122
2014-01-22,620.9020897991,896.5975288156
2014-01-23,615.9009493149,893.7815424289
2014-01-24,602.6620822482,895.3537119274
2014-01-27,599.7202349046,894.9772742570
2014-01-28,603.4343171759,896.6970333208
2014-01-29,597.1457029637,900.8341609399
2014-01-30,603.8388904382,891.5452280548
2014-01-31,600.0879658225,885.7605590588
2014-02-03,586.9594180312,879.3323420889
2014-02-04,590.9307734401,878.4315093794
2014-02-05,589.9378999616,874.1065849471
2014-02-06,597.8443917078,876.2183670333
2014-02-07,605.5673642577,873.7992262058
2014-02-10,606.5233261393,871.8319809148
2014-02-11,613.2164443613,873.4668047053
2014-02-12,613.7679714857,871.7758089860
2014-02-13,616.7836420231,880.1220943012
2014-02-14,620.0563779404,877.6007815404
2014-02-18,620.9754974777,878.2960241607
2014-02-19,616.7099573344,885.2402318072
2014-02-20,620.2037473177,886.4085173686
2014-02-21,619.9093548257,887.6656672878
2014-02-24,622.8512021694,878.1492291314
2014-02-25,622.6307713762,880.4070795592
2014-02-26,622.6307713762,883.9623687323
2014-02-27,626.0875112575,885.4698625223
2014-02-28,627.4848887457,889.8567491343
2014-03-03,623.1822985006,882.7597145797
2014-03-04,632.0817329778,879.8416666008
2014-03-05,632.1920522532,873.8279478591
2014-03-06,634.2145723019,873.4971252520
2014-03-07,634.0675491873,880.7586910875
2014-03-10,634.1780069677,881.8518916974
2014-03-11,630.6844939946,880.2667582743
2014-03-12,631.1256325911,874.1402303582
2014-03-13,624.1385373923,872.7717994035
2014-03-14,622.3365173893,874.4128430838
2014-03-17,627.9263736049,872.6789911288
2014-03-18,632.3761947223,873.3420496307
2014-03-19,628.9193163359,869.4113509336
2014-03-20,632.4860984825,869.7801993223
2014-03-21,630.3899629976,867.5784768273
2014-03-24,627.7267185698,866.9367279844
2014-03-25,630.7929434518,867.5238807415
2014-03-26,626.1379963496,868.1184873845
2014-03-27,624.8819632688,869.1443224089
2014-03-28,627.6526876185,868.4740323068
2014-03-31,633.0093013234,866.5402037272
2014-04-01,637.2578053450,862.9044738009
2014-04-02,639.4371823673,859.9186149636
2014-04-03,638.4400844846,863.4570606357
2014-04-04,630.7558933499,861.4468847467
2014-04-07,623.9583423173,863.5694042929
2014-04-08,626.5444394301,866.5524034822
2014-04-09,633.3048018558,869.4816015226
2014-04-10,619.7840770045,871.6915027872
2014-04-11,614.2055782033,872.6323013172
2014-04-14,619.1558873328,873.7939383524
2014-04-15,623.4413722038,880.0604819858
2014-04-16,630.0171073927,879.0022236203
2014-04-17,630.7558933499,880.1205191597
2014-04-21,633.0831937696,877.2940874512
2014-04-22,635.8537103617,876.1179487316
2014-04-23,634.3391575979,874.9460825469
2014-04-24,635.7431140762,875.9816321966
2014-04-25,630.6450200543,877.7253246519
2014-04-28,632.5660851511,879.1434212199
2014-04-29,635.5952599312,881.2487174353
2014-04-30,637.5902867268,882.0422267563
2014-05-01,637.6273368287,877.9444285672
2014-05-02,636.5927733290,877.8045819193
2014-05-05,637.9225603509,877.2294352941
2014-05-06,632.3812501567,882.1227244339
2014-05-07,636.1125070548,883.0790490866
2014-05-08,635.3368095007,880.1211870189
2014-05-09,636.4446421739,874.6663857436
2014-05-12,642.4665649049,868.2640354893
2014-05-13,643.0574967172,869.9025041434
2014-05-14,639.9545679959,871.0082067688
2014-05-15,634.1916497155,872.6415858027
2014-05-16,636.6665965227,871.2058614201
2014-05-19,638.8460427975,871.1648542244
2014-05-20,634.6349351404,870.5223320919
2014-05-21,640.1392644852,871.3997180732
2014-05-22,641.8757715978,868.0482445124
2014-05-23,644.5354841468,868.4668242581
2014-05-27,648.3404949860,869.1193227877
2014-05-28,647.6754629699,874.0814144526
2014-05-29,651.3698082711,874.3206589727
2014-05-30,652.2194675239,873.7455840041
2014-06-02,653.1060383736,870.2610295778
2014-06-03,652.6998723032,867.7033295152
2014-06-04,653.8817359277,867.2620826446
2014-06-05,658.3148671861,872.8002505659
2014-06-06,661.4551922719,874.1404999472
2014-06-09,662.1199472778,873.6460028314
2014-06-10,662.2678014228,869.4759719226
2014-06-11,660.1253359974,870.0306628546
2014-06-12,655.2118692123,880.5215729132
2014-06-13,657.2804421914,879.4130692680
2014-06-16,657.8347394169,881.0326762115
2014-06-17,659.5709695194,877.3553772620
2014-06-18,664.4844363045,878.3168579800
2014-06-19,665.2969069504,877.8648787606
2014-06-20,666.6269709824,872.7828022434
2014-06-23,666.3261380055,873.5894938662
2014-06-24,662.3928714864,877.3321121305
2014-06-25,665.2130421403,881.7034637004
2014-06-26,664.8791064554,881.5797379747
2014-06-27,666.0295294327,879.4513111217
2014-06-30,665.8442096706,880.8975913676
2014-07-01,670.5195862682,882.7046914609
2014-07-02,671.0022071283,874.2625068174
2014-07-03,674.3790295936,871.9966056999
2014-07-07,672.1892646923,875.0608596208
2014-07-08,667.8476852745,876.1831992961
2014-07-09,670.6312905941,877.4434105039
2014-07-10,668.0706784112,878.3673154234
2014-07-11,668.9611274024,881.0001007381
2014-07-14,672.2639881689,878.0531928038
2014-07-15,671.1134959391,875.0830463962
2014-07-16,673.6741773746,875.0039307382
2014-07-17,665.7699017093,878.0231348308
2014-07-18,672.7834513733,880.4759409128
2014-07-21,671.3359350556,881.8307271555
2014-07-22,674.3417717341,881.3906929344
2014-07-23,675.9376269645,882.8483717848
2014-07-24,675.9376269645,879.5126647720
2014-07-25,672.7091434119,880.0583738798
2014-07-28,673.0058904898,878.5138704282
2014-07-29,670.1486004815,883.7413854107
2014-07-30,670.1486004815,877.6283228147
2014-07-31,656.6780837123,874.6882564283
2014-08-01,655.0823669869,877.5536386389
2014-08-04,659.6841281484,876.0834966580
2014-08-05,653.0043064116,874.8006777552
2014-08-06,653.4125500578,873.3773980627
2014-08-07,649.8872501748,875.6529860448
2014-08-08,657.4204015483,879.1678914844
2014-08-11,659.2760922597,878.3483576029
2014-08-12,658.4964473117,880.0415709675
2014-08-13,663.1348430599,880.3751063015
2014-08-14,666.0295294327,881.5198582448
2014-08-15,665.8442096706,881.0975641838
2014-08-18,671.3731929151,882.3175690456
2014-08-19,674.9355428999,884.1546912335
2014-08-20,676.7911643588,884.8760996228
2014-08-21,678.7207475165,883.4651851468
2014-08-22,677.6446325006,884.7381074267
2014-08-25,681.1700016361,891.8939537779
2014-08-26,681.7264456899,892.6186902387
2014-08-27,681.6154338893,894.6078219488
2014-08-28,681.0956244222,895.3996806635
2014-08-29,682.7656491089,898.3640292034
2014-09-02,682.5801908418,895.5546876348
2014-09-03,682.2832360064,895.9937479280
2014-09-04,681.1700016361,904.4269926388
2014-09-05,684.4355352906,904.5166817987
2014-09-08,682.6912026425,908.9717735306
2014-09-09,678.2753845158,911.7076727366
2014-09-10,680.9471470045,914.2076339468
2014-09-11,681.5782452823,915.4430203153
2014-09-12,677.5335514474,916.1047266630
2014-09-15,677.0877729316,916.3739436693
2014-09-16,682.1348970937,914.3098979813
2014-09-17,683.0994462887,915.9835822773
2014-09-18,686.6621425362,916.6187182719
2014-09-19,685.9939249040,925.6224713740
2014-09-22,680.6846799275,929.7799773173
2014-09-23,676.8442117945,931.7077803317
2014-09-24,682.2880144308,929.6507736230
2014-09-25,671.3261704493,935.0411371096
2014-09-26,676.7325074685,938.7563298525
2014-09-29,675.3898394766,936.6306171295
2014-09-30,673.3394799120,947.9760243602
2014-10-01,664.5027189716,953.9707971072
2014-10-02,664.4655996172,951.7229927289
2014-10-03,671.8854538567,962.8927291403
2014-10-06,671.0646729076,947.9258562490
2014-10-07,660.7740244171,947.6360160836
2014-10-08,672.3328251806,950.2460692313
2014-10-09,658.7605071968,955.2370457059
2014-10-10,651.3779108168,963.3948049146
2014-10-13,640.6771488618,957.9210731785
2014-10-14,641.7212692102,964.3620321882
2014-10-15,636.9488005699,973.1119350584
2014-10-16,636.5386871055,961.7492000688
2014-10-17,644.4058434164,960.0586873046
2014-10-20,650.7444579530,963.1324963023
2014-10-21,663.3840136517,958.0406848154
2014-10-22,658.8725577854,964.5823600777
2014-10-23,666.4417204729,959.0209006674
2014-10-24,671.4377362702,961.2223599874
2014-10-27,670.5803207343,957.2033190734
2014-10-28,678.2983071022,950.0781817175
2014-10-29,677.5156150430,943.2638548446
2014-10-30,681.8032467423,952.2442697556
2014-10-31,689.5213716153,960.3341659919
2014-11-03,689.9313465746,967.3024168700
2014-11-04,687.4705965355,975.0383447286
2014-11-05,691.9821216544,978.3686507409
2014-11-06,694.7782616814,977.1974450995
2014-11-07,695.3751492110,972.0875958021
2014-11-10,697.4631821502,979.6639935068
2014-11-11,698.1344468936,968.8314806879
2014-11-12,697.5748864761,970.0225217673
2014-11-13,698.2088933601,980.4374900023
2014-11-14,698.4699753866,976.2199577088
2014-11-17,698.8426924865,980.2505213987
2014-11-18,702.8697961795,982.6733975876
2014-11-19,701.6017131591,986.7917594057
2014-11-20,702.8697961795,981.5938885921
2014-11-21,706.8216223758,983.8951873491
2014-11-24,708.6487810462,989.3540011914
2014-11-25,708.4251646367,992.2569190127
2014-11-26,710.0656184945,990.8203418669
2014-11-28,708.5370074677,1024.8320294549
2014-12-01,703.6896075932,1006.0718826228
2014-12-02,708.1267554982,1020.8323822136
2014-12-03,710.8484490588,1024.1494238449
2014-12-04,710.1402727185,1021.9672861402
2014-12-05,711.4078709713,1026.6164826674
2014-12-08,706.5607481069,1033.0688707482
2014-12-09,706.0016032045,1028.3496788897
2014-12-10,694.9279163921,1037.4043492398
2014-12-11,698.1716355006,1040.8453706517
2014-12-12,686.8367281566,1047.0052580542
2014-12-15,682.0641210112,1051.8582203848
2014-12-16,676.8068154299,1057.7271315397
2014-12-17,690.4536491327,1057.8905277405
2014-12-18,703.0186198599,1056.5261295970
2014-12-19,706.2624774735,1058.9963214649
2014-12-22,709.3942844985,1070.3040848483
2014-12-23,710.4757319589,1063.8046271261
2014-12-24,710.4012162399,1072.3628178287
2014-12-26,712.7129348411,1072.5153527990
2014-12-29,713.7196588250,1084.5789309455
2014-12-30,709.8421405901,1082.8175049446
2014-12-31,702.4594057050,1096.5346593535
2015-01-02,702.4594057050,1114.9259366506
2015-01-05,690.1179821347,1127.2836945440
2015-01-06,683.3317885165,1133.4328098106
2015-01-07,691.8704865810,1141.4091279928
2015-01-08,704.0253438438,1138.5556005835
2015-01-09,698.0971197816,1134.8984309139
2015-01-12,692.9142606668,1154.1156692352
2015-01-13,691.0874482591,1158.8908946201
2015-01-14,687.0232252116,1149.7037140514
2015-01-15,680.6100949560,1127.5276898439
2015-01-16,689.0367424319,1112.9562904139
2015-01-20,690.7515042510,1135.8611961385
2015-01-21,694.3685637321,1128.5254129472
2015-01-22,704.9948792207,1142.6597459404
2015-01-23,701.1170839757,1156.5266342997
2015-01-26,702.4966635645,1161.5720961182
2015-01-27,693.2869777667,1156.5542336008
2015-01-28,684.1522232030,1173.2509166162
2015-01-29,690.7891083731,1188.3618826334
2015-01-30,682.2880144308,1181.8903940203
2015-02-02,690.1179821347,1175.4049128351
2015-02-03,700.1847372057,1133.2739448100
2015-02-04,697.7987106431,1155.4305199235
2015-02-05,704.8829671372,1140.1718631200
2015-02-06,702.9069847865,1138.3008365552
2015-02-09,699.7002465274,1128.2520904709
2015-02-10,707.1574971314,1139.8948863595
2015-02-11,707.6418493047,1141.9883611465
2015-02-12,714.2042187559,1122.8818115667
2015-02-13,717.3362335384,1109.3621869363
2015-02-17,718.4922659704,1099.2359831163
2015-02-18,718.6414359134,1104.6478244293
2015-02-19,718.1565297198,1104.5713005340
2015-02-20,722.5190926533,1101.9054790392
2015-02-23,722.3323185882,1114.9667651559
2015-02-24,724.4580249021,1114.3040584226
2015-02-25,723.6747788226,1108.0115938552
2015-02-26,722.8547596513,1122.1132146763
2015-02-27,720.3566825002,1109.0563855977
2015-03-02,725.0916855234,1123.2204679897
2015-03-03,721.9970671054,1111.3822255742
2015-03-04,718.9768259012,1115.0950562563
2015-03-05,719.7601412333,1125.2873862539
2015-03-06,709.5807815535,1135.6207511956
2015-03-09,712.6012305152,1140.5303718177
2015-03-10,700.8933983137,1163.3877699440
2015-03-11,699.2528059509,1170.0445208326
2015-03-12,708.2758561887,1169.8878225660
2015-03-13,703.9508281248,1189.5004368354
2015-03-16,713.5706966396,1186.8769100495
2015-03-17,711.1469967023,1193.5437344474
2015-03-18,719.6106942802,1182.0556911744
2015-03-19,716.2923209476,1196.4040064929
2015-03-20,722.7801054273,1171.2285791556
2015-03-23,721.4832826081,1160.1650649267
2015-03-24,717.2861639615,1162.0855821225
2015-03-25,706.8303481942,1159.5153718266
2015-03-26,705.0689101720,1152.6667025197
2015-03-27,706.5306232577,1169.6151783717
2015-03-30,715.3372593488,1174.2514533669
2015-03-31,709.0413043687,1187.4614564120
2015-04-01,706.7552092025,1172.7503826105
2015-04-02,708.8541147885,1169.0554721820
2015-04-06,713.8382191511,1153.9891165330
2015-04-07,711.9268494080,1154.8639057406
2015-04-08,714.5127387633,1171.0749292493
2015-04-09,717.6230775050,1183.9184472692
2015-04-10,721.5582138423,1175.6610763211
2015-04-13,718.2980126323,1183.0422963864
2015-04-14,719.6095169872,1175.3592593879
2015-04-15,722.9073915718,1151.6313694432
2015-04-16,722.6450629998,1130.9032071374
2015-04-17,714.2504794438,1135.4505472207
2015-04-20,720.7713666314,1144.2906068726
2015-04-21,720.0592428970,1151.2368399444
2015-04-22,723.6194460536,1141.4254240978
2015-04-23,725.4933501796,1127.0962531073
2015-04-24,726.9547170027,1130.6856301583
2015-04-27,724.0691027109,1127.4277676261
2015-04-28,726.3178707651,1115.4053227508
2015-04-29,723.3571867341,1089.9649880231
2015-04-30,716.1616414293,1080.2073057778
2015-05-01,723.6571194282,1087.4811616655
2015-05-04,725.9054719673,1085.7552382334
2015-05-05,717.4360264297,1069.1303477760
2015-05-06,714.5506198955,1055.2806501764
2015-05-07,717.4360264297,1072.4631681820
2015-05-08,726.8423201515,1068.7642050989
2015-05-11,723.3571867341,1065.5529858767
2015-05-12,721.2584889057,1047.1723637598
2015-05-13,721.4832826081,1039.2543847416
2015-05-14,729.0159492140,1034.1090715601
2015-05-15,729.7657463230,1042.7089194786
2015-05-18,732.0140296095,1049.2225960673
2015-05-19,731.6393041863,1068.4176430030
2015-05-20,731.1522511645,1068.3107566694
2015-05-21,733.3630688340,1061.2693312138
2015-05-22,731.7517010375,1078.3409354864
2015-05-26,723.8817746256,1109.1781468311
2015-05-27,730.5525935339,1120.3150250513
2015-05-28,729.8780046691,1123.0937896129
2015-05-29,725.1184862513,1121.5819389035
2015-06-01,726.8049237870,1121.0953798313
2015-06-02,726.0555421931,1087.6731650696
2015-06-03,728.0414969077,1087.4522834702
2015-06-04,722.1204751083,1096.9965691701
2015-06-05,720.6586235175,1096.6579236710
2015-06-08,716.1992455514,1085.4413834991
2015-06-09,716.0119174661,1067.3147650492
2015-06-10,724.5187593682,1053.2455488282
2015-06-11,726.7673889174,1072.6874257574
2015-06-12,721.4456784860,1081.5667506991
2015-06-15,718.1106845470,1083.8009538605
2015-06-16,722.3077339411,1083.9281228091
2015-06-17,723.5445148195,1076.2561389604
2015-06-18,730.7024560021,1072.7005793965
2015-06-19,726.4674562233,1086.1148352089
2015-06-22,731.4449815958,1078.9546467707
2015-06-23,731.9719933257,1073.5973431158
2015-06-24,726.7387876237,1076.7806626807
2015-06-25,724.4793546804,1064.9635916221
2015-06-26,724.4793546804,1058.5254460595
2015-06-29,709.1558480483,1064.5612991622
2015-06-30,711.0007353655,1045.9147882106
2015-07-01,716.3848423236,1059.6654724782
2015-07-02,715.8576920887,1057.2073084898
2015-07-06,713.7867645236,1083.8612908895
2015-07-07,718.1920562662,1100.0040553605
2015-07-08,705.9930851437,1095.3437460532
2015-07-09,707.2730795988,1086.9558897104
2015-07-10,716.2718914522,1077.0021595243
2015-07-13,724.2914725748,1079.9498392449
2015-07-14,727.4920473591,1079.2500079990
2015-07-15,727.1905911094,1093.0378816207
2015-07-16,732.7628571831,1097.2454140658
2015-07-17,733.6290677899,1100.0063447625
2015-07-20,733.9678511516,1106.2525764167
2015-07-21,731.0688018696,1100.3422761316
2015-07-22,729.6378369058,1108.8714981411
2015-07-23,725.4585161585,1113.3139790199
2015-07-24,717.8910155316,1120.2378854106
2015-07-27,713.8243686457,1116.8098111866
2015-07-28,722.4844663899,1113.6699720211
2015-07-29,727.6045827153,1108.8440701142
2015-07-30,727.7177413443,1119.0578983829
2015-07-31,726.4750740012,1125.0628166968
2015-08-03,724.2162643306,1137.1779238279
2015-08-04,722.7852301143,1132.9203831208
2015-08-05,725.3078226599,1135.2306265208
2015-08-06,719.7734377184,1136.6188089300
2015-08-07,717.8910155316,1140.5214711709
2015-08-10,727.0022242362,1123.3646043099
2015-08-11,720.3381228230,1143.4656376154
2015-08-12,720.9778776667,1128.7864677200
2015-08-13,720.1874985769,1136.1954253886
2015-08-14,722.9735969875,1134.5898979070
2015-08-17,727.0022242362,1145.1889811107
2015-08-18,724.7810879402,1146.2549960232
2015-08-19,719.0579898628,1153.9849143517
2015-08-20,703.9598309533,1151.3209448032
2015-08-21,681.6328855261,1157.9510674123
2015-08-24,653.8464171389,1166.3636063836
2015-08-25,645.9021827656,1161.4256719994
2015-08-26,671.5423075858,1174.5357025166
2015-08-27,687.9581343251,1150.5317487061
2015-08-28,687.9581343251,1140.6099720345
2015-08-31,681.8965991486,1124.5276031205
2015-09-01,661.0753421617,1144.3067984492
2015-09-02,674.4038912508,1146.3807539890
2015-09-03,674.9685071028,1144.1954324280
2015-09-04,664.5018186888,1156.9712198649
2015-09-08,681.5199346547,1146.6832324676
2015-09-09,672.3331021907,1153.6296995507
2015-09-10,676.0981543219,1142.0678151438
2015-09-11,678.9222031173,1143.8895207483
2015-09-14,676.3616601869,1143.5158109380
2015-09-15,685.1721744195,1138.0162215060
2015-09-16,691.1586398568,1126.7308231875
2015-09-17,689.3512181566,1126.4617177249
2015-09-18,678.2066860091,1152.5671549203
2015-09-21,681.7003374873,1146.1727544354
2015-09-22,672.8051966668,1163.3340845480
2015-09-23,671.5941084759,1169.0198353198
2015-09-24,669.5123082641,1167.6649863400
2015-09-25,669.0578731825,1153.6825039218
2015-09-28,652.2140658268,1167.1650496393
2015-09-29,652.5548575118,1168.3180243484
2015-09-30,665.0834014099,1163.9146856906
2015-10-01,666.9381918384,1167.1783621255
2015-10-02,676.5903320308,1162.5477576196
2015-10-05,688.7406878793,1148.1611747913
2015-10-06,686.4316008741,1125.3428264840
2015-10-07,692.1851008108,1124.2387196453
2015-10-08,698.2792539274,1114.9942183378
2015-10-09,698.6577882396,1104.1451188791
2015-10-12,699.4902036132,1117.0421183495
2015-10-13,694.8346332383,1124.9227390442
2015-10-14,691.5794874629,1121.5766810157
2015-10-15,701.9507458948,1121.3903264537
2015-10-16,704.7897532359,1122.4624630413
2015-10-19,705.6224456196,1136.8126065542
2015-10-20,704.7139909715,1128.3371234576
2015-10-21,700.1337673459,1139.3809690128
2015-10-22,712.2463113147,1145.3271262409
2015-10-23,720.0058491988,1154.5504342437
2015-10-26,718.3025140466,1158.4268305968
2015-10-27,716.9018816896,1170.2219818633
2015-10-28,725.2291517894,1162.1504204864
2015-10-29,724.9638453587,1153.5182709929
2015-10-30,721.2929074116,1143.0768967641
2015-11-02,729.8471180421,1144.9121934634
2015-11-03,732.1559280372,1130.8703348154
2015-11-04,730.0743355830,1145.2699125360
2015-11-05,729.1656039247,1152.7821600804
2015-11-06,728.8628318770,1158.2107031848
2015-11-09,722.0497682784,1167.1039470376
2015-11-10,723.4124502506,1177.8352013190
2015-11-11,720.6493436789,1180.6755590541
2015-11-12,710.9972034866,1185.4959415017
2015-11-13,702.7834382785,1195.0951611255
2015-11-16,713.5711814073,1200.8038971171
2015-11-17,712.7005386388,1204.2994751286
2015-11-18,724.1692418648,1204.8792611904
2015-11-19,723.7910538153,1200.6985259941
2015-11-20,726.4781211124,1209.6414047932
2015-11-23,725.6456364863,1206.7426649002
2015-11-24,726.8191205550,1196.2507442336
2015-11-25,726.5916260040,1198.6243387480
2015-11-27,727.3110905062,1215.6952605294
2015-11-30,724.3585782734,1215.6803488492
2015-12-01,731.3611860382,1209.7193848702
2015-12-02,723.6394600339,1227.7955363559
2015-12-03,713.3438253614,1193.2699961627
2015-12-04,727.3489716385,1196.5640405478
2015-12-07,722.7686095078,1227.9697490895
2015-12-08,718.1511972753,1230.7029868806
2015-12-09,712.7759546406,1219.8485153846
2015-12-10,714.4038045385,1216.2914451200
2015-12-11,700.1714407205,1226.3863304128
2015-12-14,704.3729222764,1229.1050085930
2015-12-15,711.7161832211,1233.7488303770
2015-12-16,721.7091150984,1237.5797756250
2015-12-17,711.1864013902,1263.5298096835
2015-12-18,697.9764818797,1254.0116881492
2015-12-21,704.1524222307,1250.4907915196
2015-12-22,710.5111200001,1252.2591747211
2015-12-23,719.0404689735,1237.8434326835
2015-12-24,717.7838126199,1230.3168811867
2015-12-28,716.2228606631,1237.3370262472
2015-12-29,724.2188266741,1220.1542327397
2015-12-30,718.8881134143,1234.8279911116
2015-12-31,711.7677071012,1233.8075514755
2016-01-04,701.7916035879,1246.2864869270
2016-01-05,703.0482599414,1251.5958937331
2016-01-06,694.1382990801,1272.2395899909
2016-01-07,677.2319566927,1270.6012691598
2016-01-08,670.0355803576,1272.9317630045
2016-01-11,670.1118966422,1289.5845669495
2016-01-12,675.6712124934,1301.1250338617
2016-01-13,659.1456204990,1309.6821274673
2016-01-14,669.8452744136,1314.7345572099
2016-01-15,655.4901951180,1339.7612488779
2016-01-19,656.2138147718,1336.3864351216
2016-01-20,648.5223521217,1346.7107699336
2016-01-21,651.6825526827,1329.2227795080
2016-01-22,665.0476671060,1306.6646353151
2016-01-25,655.1857610096,1306.6215156038
2016-01-26,664.0575637286,1304.5861437646
2016-01-27,656.5181796276,1294.8713392019
2016-01-28,660.0975657341,1287.6948432337
2016-01-29,676.8133251674,1281.5133178549
2016-02-01,676.2040414356,1286.8108445043
2016-02-02,663.9434355642,1316.3371756356
2016-02-03,667.8271172740,1288.1501759802
2016-02-04,668.6648650922,1283.1050334593
2016-02-05,656.0996866074,1302.2901928921
2016-02-08,647.0755975817,1321.5513372426
2016-02-09,647.2659727782,1338.1351026468
2016-02-10,646.8471334954,1337.1317036424
2016-02-11,638.5463871135,1351.8505731766
2016-02-12,651.6448793081,1314.3137597187
2016-02-16,662.5723047837,1327.4295464125
2016-02-17,673.4244527625,1302.6606290499
2016-02-18,670.5688248149,1319.1559338785
2016-02-19,670.4164000031,1332.5428735084
2016-02-22,680.0116838708,1322.7455703964
2016-02-23,671.4826119076,1332.5795459332
2016-02-24,674.6430202262,1331.8243943190
2016-02-25,682.7531144016,1324.6006379927
2016-02-26,681.4965273006,1325.5835126540
2016-02-29,675.4045210123,1324.5297499109
2016-03-01,692.0439641609,1309.9321759928
2016-03-02,694.9757698882,1298.7761878197
2016-03-03,697.5271022325,1293.4103548292
2016-03-04,699.7736542059,1270.3934609241
2016-03-07,700.5352242445,1254.5179628977
2016-03-08,692.6533863979,1274.1752164987
2016-03-09,696.4608210755,1246.0906011404
2016-03-10,696.8415714685,1239.4878786974
2016-03-11,708.1504398624,1223.1361771244
2016-03-14,707.0842279579,1232.6841946779
2016-03-15,706.1705101177,1238.9140380256
2016-03-16,710.3970610883,1227.3310671473
2016-03-17,714.8900957825,1217.9305568793
2016-03-18,717.5554870387,1226.3295793186
2016-03-21,718.6501617317,1225.9299423606
2016-03-22,718.2674722680,1226.5086050680
2016-03-23,713.6737443996,1250.5012521749
2016-03-24,713.1760957412,1242.1685844124
2016-03-28,713.6737443996,1236.4828939724
2016-03-29,720.5261434335,1242.0483592350
2016-03-30,723.5502627792,1245.3291464549
2016-03-31,721.8276061720,1247.2484041989
2016-04-01,726.4595614352,1258.5475138750
2016-04-04,724.1627321273,1262.3627240438
2016-04-05,716.8128229400,1273.4036474144
2016-04-06,724.6221533909,1267.1483912428
2016-04-07,716.0854636497,1273.9418843965
2016-04-08,718.0377616362,1255.6138554894
2016-04-11,716.1619184394,1254.2756315333
2016-04-12,723.1292766680,1231.6071590865
2016-04-13,730.3642266607,1225.0580639126
2016-04-14,730.2876333659,1228.7869190060
2016-04-15,729.4837500334,1246.4488990777
2016-04-18,734.7665405446,1243.8356986536
2016-04-19,736.9868458102,1225.1064362001
2016-04-20,737.5993151583,1210.4168699901
2016-04-21,733.5031666959,1209.3547798527
2016-04-22,733.6947191854,1200.5054827181
2016-04-25,732.5078693790,1206.2673973987
2016-04-26,733.5798984958,1194.2848412754
2016-04-27,735.1111411185,1190.2167473866
2016-04-28,728.4884527164,1200.3221013522
2016-04-29,724.3540768592,1202.8216340261
2016-05-02,730.1345852814,1217.1153132714
2016-05-03,723.8947941006,1228.2735936528
2016-05-04,719.6454590487,1228.3159163226
2016-05-05,719.5688657539,1227.5927690340
2016-05-06,722.1722759985,1225.8919559650
2016-05-09,722.9376549260,1231.9891957901
2016-05-10,731.8953307784,1226.4890994506
2016-05-11,725.0430009970,1224.0226818290
2016-05-12,725.4642641183,1217.5428526929
2016-05-13,718.7647746638,1217.9544891684
2016-05-16,725.9235468768,1212.8220444027
2016-05-17,719.5309846217,1208.2229448313
2016-05-18,719.4158176694,1194.7350849028
2016-05-19,717.0806224616,1194.9786802289
2016-05-20,721.5595296403,1196.8942980201
2016-05-23,720.6026674758,1199.9183223443
2016-05-24,729.7518265651,1189.9168378208
2016-05-25,734.7283131497,1189.7518160684
2016-05-26,735.0731214813,1196.6472667870
2016-05-27,737.9439157323,1192.5951379799
2016-05-31,737.0634391050,1192.8172576843
2016-06-01,738.4413566332,1197.3308223725
2016-06-02,740.6617311514,1202.0908158776
2016-06-03,738.5180884330,1219.2584294188
2016-06-06,742.0784993471,1214.3226235852
2016-06-07,743.4181202279,1214.5140949267
2016-06-08,745.8679976203,1214.9915784700
2016-06-09,744.7195829664,1217.4302360393
2016-06-10,737.5610877635,1235.2165229061
2016-06-13,732.0102207205,1240.3465162157
2016-06-14,730.4025925606,1246.8519021904
2016-06-15,729.3307019489,1249.7246959943
2016-06-16,731.7039860465,1261.1172090455
2016-06-17,728.9863091325,1251.5186145876
2016-06-20,733.6562840330,1226.9689522705
2016-06-21,735.7455635177,1213.2967608001
2016-06-22,734.5143228415,1215.5460819925
2016-06-23,744.0168775757,1199.9030735275
2016-06-24,716.8938483965,1250.2445976160
2016-06-27,704.2366333034,1267.7802218155
2016-06-28,717.2401802836,1256.5181662981
2016-06-29,729.5899834097,1257.0911821679
2016-06-30,739.4388007784,1260.7909464014
2016-07-01,740.9777304317,1265.7444283551
2016-07-05,735.7837216600,1289.3524714491
2016-07-06,740.1313260477,1292.0096174890
2016-07-07,739.6309072881,1293.9934117375
2016-07-08,750.8652599630,1297.6240480348
2016-07-11,753.4811356625,1294.6242899293
2016-07-12,758.7902421339,1272.4358406747
2016-07-13,758.5211960668,1285.0955635246
2016-07-14,762.9455322543,1270.6339813319
2016-07-15,761.7909541255,1263.8800136364
2016-07-18,763.9841124006,1266.4373827760
2016-07-19,763.1379850266,1271.5684062363
2016-07-20,766.2154980705,1267.6932736443
2016-07-21,763.3301607888,1273.2915367663
2016-07-22,766.8695881873,1268.6784064393
2016-07-25,765.0230388095,1268.7993542956
2016-07-26,764.9843958994,1274.7543473289
2016-07-27,764.4841848975,1281.7454112506
2016-07-28,765.3307277866,1278.4312148358
2016-07-29,766.6771354150,1286.2662487290
2016-08-01,765.7923651310,1285.4814441267
2016-08-02,761.0216970564,1281.7983222547
2016-08-03,763.2147168265,1271.2742382150
2016-08-04,763.9455387431,1285.5999610717
2016-08-05,770.1012573561,1282.8027350742
2016-08-08,769.7166980741,1282.5535301919
2016-08-09,770.2167705711,1296.2213573268
2016-08-10,768.2543617157,1304.0819378362
2016-08-11,772.0248847965,1292.1600016601
2016-08-12,771.2555584749,1288.4908223510
2016-08-15,773.4866671347,1282.0659986951
2016-08-16,769.4856023918,1274.8431384266
2016-08-17,770.7552089679,1267.0563772033
2016-08-18,772.6021738609,1262.5683212486
2016-08-19,771.5246737945,1254.4797601294
2016-08-22,771.4479419947,1266.7350229835
2016-08-23,772.8712891805,1267.8369710055
2016-08-24,769.1394782622,1263.3308649135
2016-08-25,768.5237540454,1261.3420007880
2016-08-26,767.0620409596,1259.4275226869
2016-08-29,770.9474539826,1270.9635945966
2016-08-30,769.4856023918,1267.9988132110
2016-08-31,767.6004101039,1268.6761519134
2016-09-01,767.4464617366,1272.4069976562
2016-09-02,770.8705144252,1267.3728577747
2016-09-06,773.2943528675,1284.3534194303
2016-09-07,773.2560562201,1281.9353970464
2016-09-08,771.4479419947,1259.9353253738
2016-09-09,752.8271840508,1250.3783020438
2016-09-12,763.5993453610,1245.6955386772
2016-09-13,752.7131943914,1243.8800120730
2016-09-14,752.2496872287,1245.3892603965
2016-09-15,759.9782692333,1247.3271611733
2016-09-16,757.0029729191,1252.3985195726
2016-09-19,757.2344148641,1259.1285398459
2016-09-20,757.3119776942,1263.7795484322
2016-09-21,765.8136949093,1262.3304905175
2016-09-22,770.4123397071,1269.1056504153
2016-09-23,766.2775483347,1273.0625387335
2016-09-26,760.1716222884,1279.5255027213
2016-09-27,764.8091177538,1289.1086667656
2016-09-28,768.9440476313,1282.7433623521
2016-09-29,761.7175464469,1277.7462719191
2016-09-30,767.8233339881,1269.6271613530
2016-10-03,765.3884843940,1268.5376451932
2016-10-04,761.8334751770,1256.7600502851
2016-10-05,765.0021245463,1249.7909992589
2016-10-06,765.8909807294,1244.0323347796
2016-10-07,763.0701868028,1249.5820360999
2016-10-10,766.5865531098,1247.5233514250
2016-10-11,757.2734040367,1248.1173518435
2016-10-12,758.2394075348,1246.3507090445
2016-10-13,755.8048349508,1249.1931506326
2016-10-14,755.9982572585,1241.2419464214
2016-10-17,753.7566914671,1242.5668267232
2016-10-18,758.2007646248,1245.9926506305
2016-10-19,760.2876895236,1249.7490347716
2016-10-20,759.0509086453,1243.3298083450
2016-10-21,759.2441924479,1242.9352999924
2016-10-24,762.3357637548,1242.2016064615
2016-10-25,760.1716222884,1237.7831051753
2016-10-26,758.4714035000,1222.8748664926
2016-10-27,756.4619029263,1214.0984668300
2016-10-28,754.0658347473,1210.2074598545
2016-10-31,754.0658347473,1197.6260521135
2016-11-01,748.8103989842,1194.8499393458
2016-11-02,743.8640372488,1193.6951430568
2016-11-03,740.9655419870,1187.6491350669
2016-11-04,739.9608263264,1186.4868188478
2016-11-07,756.1912640511,1188.5160745239
2016-11-08,759.6692644582,1179.0345538580
2016-11-09,767.7845525730,1175.1486184632
2016-11-10,769.5621956866,1158.9660106394
2016-11-11,768.1325465208,1148.5156445645
2016-11-14,768.2482674933,1145.3146221210
2016-11-15,774.4701915221,1147.7325530049
2016-11-16,773.1562633288,1140.4888419801
2016-11-17,776.8274782860,1139.7932157216
2016-11-18,775.4362642727,1132.6020028989
2016-11-21,781.1554842085,1133.4516724231
2016-11-22,782.5852026268,1136.3586945118
2016-11-23,783.2809135123,1135.8749747431
2016-11-25,786.4112662343,1138.8569379689
2016-11-28,782.7013391145,1142.8069672009
2016-11-29,783.9377737302,1138.0425762880
2016-11-30,782.1603383742,1138.8894950021
2016-12-01,779.1074099773,1136.8960575845
2016-12-02,779.6482722126,1133.1385484855
2016-12-05,784.1309882803,1127.2971745962
2016-12-06,786.8748426495,1129.7537160396
2016-12-07,796.8452674555,1128.3801796301
2016-12-08,798.9318460917,1130.2081437086
2016-12-09,803.8011990172,1134.6752007833
2016-12-12,802.9121350766,1129.7842869333
2016-12-13,808.3998438149,1127.1547446041
2016-12-14,801.7143433709,1128.0900482284
2016-12-15,804.6900552002,1147.1520108913
2016-12-16,803.2988411869,1144.1807607722
2016-12-19,805.1146424428,1139.8232781042
2016-12-20,808.2064907598,1142.0119690269
2016-12-21,806.0040526461,1143.3705214983
2016-12-22,804.9771069243,1145.0592528703
2016-12-23,805.6770422139,1147.0597197464
2016-12-27,807.6605730900,1152.0894113088
2016-12-28,801.2831771383,1155.7855984267
2016-12-29,801.1275667103,1146.8672025197
2016-12-30,798.3665377144,1140.2117258151
2017-01-03,803.9271693637,1131.6959460753
2017-01-04,808.6715907306,1129.9853775918
2017-01-05,808.0491490186,1114.2635302735
2017-01-06,811.1988231956,1124.5831408636
2017-01-09,808.6324630529,1107.5642619896
2017-01-10,808.5159110501,1111.2314810158
2017-01-11,810.8100395094,1112.8467004732
2017-01-12,809.0213159915,1117.0114080512
2017-01-13,810.6155091613,1115.6572695237
2017-01-17,807.7380666677,1100.6120782162
2017-01-18,809.4490888503,1101.0942671402
2017-01-19,806.7272567847,1107.0402430722
2017-01-20,809.3323290899,1100.6745123271
2017-01-23,807.4660427419,1092.2642931242
2017-01-24,812.5991092899,1103.1404030976
2017-01-25,819.3652196753,1097.0372907417
2017-01-26,818.7429164684,1101.1680241904
2017-01-27,817.5763576524,1100.5002578023
2017-01-30,812.6376136949,1092.0979350521
2017-01-31,812.5991092899,1084.0260201028
2017-02-01,812.7155920402,1088.2053584472
2017-02-02,813.0654558062,1085.8412024547
2017-02-03,819.0927109818,1088.0459296146
2017-02-06,817.3818273042,1080.8158763302
2017-02-07,817.5763576524,1075.4819265006
2017-02-08,818.6261567080,1076.2955277200
2017-02-09,823.2925997296,1081.2103358762
2017-02-10,826.5977458295,1086.2742833837
2017-02-13,830.9920956728,1078.9232435585
2017-02-14,834.4527829482,1085.1693970419
2017-02-15,838.6913838584,1085.7618774393
2017-02-16,838.0302992364,1075.1837624485
2017-02-17,839.3134793078,1076.5804388160
2017-02-21,844.2518770026,1081.4472852818
2017-02-22,843.8629548114,1078.4144080150
2017-02-23,844.3299246005,1073.1193403381
2017-02-24,845.3408729885,1067.0754742280
2017-02-27,846.5852023922,1070.6669018592
2017-02-28,844.0966820898,1069.2099955968
2017-03-01,856.0732140957,1073.7185215760
2017-03-02,851.0570458132,1069.7177566928
2017-03-03,851.5234615820,1068.3785489874
2017-03-06,848.8793308516,1066.3210650359
2017-03-07,846.3129707089,1068.0622111277
2017-03-08,844.5240394334,1061.6216071939
2017-03-09,845.4186435762,1056.9033880607
2017-03-10,848.3736489000,1052.2101305657
2017-03-13,848.8793308516,1055.3596122990
2017-03-14,846.0020961155,1058.1342116601
2017-03-15,853.0399534165,1051.9028732459
2017-03-16,851.6013706748,1049.2235334152
2017-03-17,849.8904177446,1048.0232494412
2017-03-20,849.1515625349,1047.3494990788
2017-03-21,838.3025309198,1038.6774528158
2017-03-22,840.0134838499,1041.0388329432
2017-03-23,839.1540599908,1037.9810564747
2017-03-24,838.8805817620,1035.3854081999
2017-03-27,837.5131906179,1031.6216140689
2017-03-28,843.7248652727,1036.5397817653
2017-03-29,844.9750811413,1036.9987020501
2017-03-30,847.2408853171,1042.6941003005
2017-03-31,845.2098472075,1038.3721465588
2017-04-03,844.1546464548,1039.0365827709
2017-04-04,844.6236245671,1033.7219333102
2017-04-05,842.0450067272,1035.4093274606
2017-04-06,844.2326248001,1031.7959046726
2017-04-07,843.4905839742,1034.8672075948
2017-04-10,844.0764603519,1028.5567984206
2017-04-11,843.0216058618,1023.9953392889
2017-04-12,839.5447134952,1020.8466815559
2017-04-13,833.9582506534,1017.6391179207
2017-04-17,841.2636304659,1022.6719055477
2017-04-18,838.9588371174,1012.4267920245
2017-04-19,837.1227448711,1016.9309069661
2017-04-20,843.9594235814,1023.7059553203
2017-04-21,841.4979810170,1026.1981209982
2017-04-24,850.4833578801,1024.0468016278
2017-04-25,855.6014658823,1024.1034563114
2017-04-26,854.9759078066,1028.1185027982
2017-04-27,855.6403858025,1030.0780382440
2017-04-28,853.9995856821,1027.6178334968
2017-05-01,856.0699592270,1026.7616557529
2017-05-02,856.3434374558,1028.7452523695
2017-05-03,855.4840135967,1028.4828377255
2017-05-04,856.2651821004,1032.7911219008
2017-05-05,859.7034315570,1026.2648335570
2017-05-08,859.7424207296,1032.8653032781
2017-05-09,858.6484385619,1034.6679986475
2017-05-10,860.2502495096,1028.2440069093
2017-05-11,858.4920663561,1026.6432649835
2017-05-12,857.1636643846,1025.6987878161
2017-05-15,861.5001883680,1022.5338256599
2017-05-16,861.3441624248,1016.7394274067
2017-05-17,846.0692018141,1007.7383115667
2017-05-18,849.1553714239,1013.7271130673
2017-05-19,854.4292976116,998.5294781892
2017-05-22,859.1953257670,994.1251444574
2017-05-23,860.8751150600,1003.4614468390
2017-05-24,862.9457656150,1002.0964704321
2017-05-25,866.9695451867,1013.9454362769
2017-05-26,867.0086036119,1010.0671168221
2017-05-30,866.1885844406,1016.5430275971
2017-05-31,865.9930153046,1021.9667662042
2017-06-01,872.7513694069,1030.9505759324
2017-06-02,875.4862902002,1031.4570484130
2017-06-05,874.9002060648,1031.6080445211
2017-06-06,872.3997743278,1022.8459019085
2017-06-07,873.8454208273,1027.9245012284
2017-06-08,874.1578189762,1026.1242105128
2017-06-09,873.1420921638,1026.3164655667
2017-06-12,872.7904970847,1027.5607105902
2017-06-13,877.0489042176,1021.7023868676
2017-06-14,876.1110172455,1029.7405871546
2017-06-15,874.3531803547,1023.6364291140
2017-06-16,874.5876001583,1020.6571436387
2017-06-19,881.7369540276,1024.8526725575
2017-06-20,875.9549913024,1026.8407981694
2017-06-21,875.6033962232,1036.9886330506
2017-06-22,875.0954981907,1036.6097914279
2017-06-23,876.5867821055,1037.6684264162
2017-06-26,876.8613683747,1038.7694477134
2017-06-27,869.8760044891,1030.1409170265
2017-06-28,877.5674671392,1023.4910148014
2017-06-29,869.9938030374,1014.5876493341
2017-06-30,871.4458207694,1002.2161158428
2017-07-03,873.3688249370,993.8720819467
2017-07-05,874.8993750345,999.0270425066
2017-07-06,867.0504321382,994.9149451756
2017-07-07,872.5445813616,998.5549384167
2017-07-10,873.4472187975,998.3014608993
2017-07-11,872.7802477107,996.3819977064
2017-07-12,879.3336143333,997.5472666769
2017-07-13,880.8250367531,993.3265462176
2017-07-14,884.8278328092,990.9496895759
2017-07-17,884.9456313575,993.4840038434
2017-07-18,885.6128794544,993.2481096433
2017-07-19,890.2827851024,987.8206478013
2017-07-20,890.5575098767,990.5988570496
2017-07-21,889.9296664676,996.4540281842
2017-07-24,889.6157447631,996.2873896994
2017-07-25,891.7350105919,994.9981474624
2017-07-26,892.0097353662,992.0848201978
2017-07-27,890.9498946942,984.4292558236
2017-07-28,889.9296664676,983.8234509138
2017-07-31,889.4196216068,982.7444820986
2017-08-01,891.4208811298,979.0352089893
2017-08-02,891.9311337482,979.5767468836
2017-08-03,890.3612482154,981.0242722499
2017-08-04,891.8526706352,978.0923021529
2017-08-07,893.3045498621,979.2178639682
2017-08-08,891.5384719205,978.5620440818
2017-08-09,891.0282885547,974.2645776419
2017-08-10,878.7841647847,972.5660037652
2017-08-11,879.9615962475,974.1970634316
2017-08-14,888.5952395263,972.4789089737
2017-08-15,888.6739103969,974.3573196719
2017-08-16,890.0865926936,981.7430820617
2017-08-17,876.2334557131,976.6069298958
2017-08-18,874.6247195127,975.3393590080
2017-08-21,875.6841446696,978.2917779833
2017-08-22,884.5531080349,978.0240449192
2017-08-23,881.5314125277,978.2419157404
2017-08-24,879.4908868220,976.5664575687
2017-08-25,881.4136832320,982.1644798644
2017-08-28,881.7276049365,988.3471526502
2017-08-29,882.3948530334,991.5028490619
2017-08-30,886.7901031596,986.8789512092
2017-08-31,892.0097353662,981.6243296020
2017-09-01,893.5401469587,985.4634401903
2017-09-05,886.9470293856,987.5272521677
2017-09-06,890.0473265108,988.3328354689
2017-09-07,889.8513418597,1000.7242920899
2017-09-08,888.4773717255,1005.6948569677
2017-09-11,898.1708556764,998.9918622420
2017-09-12,901.4673452104,994.0364786334
2017-09-13,902.0167255065,984.7733552389
2017-09-14,901.7028038020,983.1252132497
2017-09-15,902.9583521151,984.0029956972
2017-09-18,904.5283069004,979.9327702512
2017-09-19,905.6272752501,986.1226106974
2017-09-20,906.1241621308,981.9381729114
2017-09-21,903.5601565740,981.5385822545
2017-09-22,903.4418040055,982.6919516259
2017-09-25,902.1006595691,984.3503156490
2017-09-26,902.4159663242,982.7240384316
2017-09-27,905.9270001867,973.4882646928
2017-09-28,906.9918270406,976.7457154252
2017-09-29,910.2262663105,973.8194896790
2017-10-02,914.0523299179,969.1309327541
2017-10-03,915.9064278212,971.5024911198
2017-10-04,917.1687628820,973.5830328496
2017-10-05,922.6119422455,969.6092922111
2017-10-06,921.7442080832,969.3520277196
2017-10-09,920.1270230745,972.4481657034
2017-10-10,922.4542542417,977.2125807690
2017-10-11,923.9530866819,980.0854599596
2017-10-12,922.5332713749,976.5513079687
2017-10-13,923.5588320461,976.7239583888
2017-10-16,925.0180520409,980.3534056883
2017-10-17,925.6098148835,977.2006640324
2017-10-18,926.4382136105,980.9907399860
2017-10-19,926.9115546320,977.7725306913
2017-10-20,931.5264045211,978.1792351910
2017-10-23,928.1343464999,974.5848635275
2017-10-24,929.4358092383,975.8257874949
2017-10-25,924.9787858581,975.4306144901
2017-10-26,925.8465200205,975.7413929030
2017-10-27,933.7352831198,975.3717752335
2017-10-30,930.3429480885,978.9174525058
2017-10-31,931.4080519526,984.3051775277
2017-11-01,933.0255139714,986.4495693622
2017-11-02,933.4199071122,983.9200286243
2017-11-03,936.5357860560,985.5374617183
2017-11-06,937.9559476256,987.7780946278
2017-11-07,937.5615544848,981.1297088159
2017-11-08,938.9420343564,980.6053033540
2017-11-09,935.5499070827,982.3241236667
2017-11-10,934.9976181805,977.5674677538
2017-11-13,936.1024037425,977.7067309269
2017-11-14,933.8141617479,977.1804414486
2017-11-15,929.0415546026,974.5275589239
2017-11-16,936.9700686523,974.8629889977
2017-11-17,934.4453292783,973.5992699257
2017-11-20,935.6684674088,975.3651787210
2017-11-21,941.9002945490,979.5890598860
2017-11-22,941.2298608358,980.3525538271
2017-11-24,943.2021728026,989.0775476742
2017-11-27,942.9259937252,986.1989053920
2017-11-28,952.2741153244,984.5373750509
2017-11-29,951.9194731340,976.3024478396
2017-11-30,959.8871841140,979.6908677237
2017-12-01,958.1123111015,984.2127753402
2017-12-04,957.0867504303,982.0733788198
2017-12-05,953.6942768940,981.0689114812
2017-12-06,953.6548722061,976.7876774070
2017-12-07,956.8105021004,986.2341014912
2017-12-08,962.0172533371,988.6611217343
2017-12-11,965.1334092910,992.7345517820
2017-12-12,966.7900682400,994.0172571367
2017-12-13,966.5533631030,987.7963395909
2017-12-14,962.7274380006,992.9224391931
2017-12-15,970.8134322966,994.7670845181
2017-12-18,976.8487207654,994.2263699227
2017-12-19,973.2985592252,995.1442189107
2017-12-20,972.5490391263,998.3384342816
2017-12-21,974.5210740830,1000.9992856172
2017-12-22,974.3239813914,1002.3794010009
2017-12-26,973.1906637883,1008.1409369540
2017-12-27,973.7453072764,1005.4404609434
2017-12-28,975.5684493002,1003.8881997421
2017-12-29,972.1995908755,1004.9455443110
2018-01-02,979.3337784415,999.1346499156
2018-01-03,985.1601320365,1003.0607504664
2018-01-04,989.4804509285,1009.6935462159
2018-01-05,995.8220433239,1012.9971620133
2018-01-08,997.8827907675,1014.3153830655
2018-01-09,999.9834969191,1013.4078224563
2018-01-10,998.2791229791,1009.8765997655
2018-01-11,1005.6512622275,1011.3726014467
2018-01-12,1012.3099619436,1016.9382239529
2018-01-16,1008.6240654507,1020.3976725260
2018-01-17,1018.3739209585,1022.6083644180
2018-01-18,1016.9870698544,1024.4462752289
2018-01-19,1021.3070424838,1022.4003349991
2018-01-22,1029.5115278533,1026.8005615573
2018-01-23,1031.8498394249,1025.0384213961
2018-01-24,1031.3346698771,1031.9186669933
2018-01-25,1031.8098807168,1026.7626530318
2018-01-26,1043.8196539357,1028.8259284369
2018-01-29,1036.6058952163,1021.9525495425
2018-01-30,1025.5479979800,1015.1877786434
2018-01-31,1026.4991121847,1025.3389843895
2018-02-01,1025.4688423417,1037.3171500201
2018-02-02,1003.5108743779,1030.0110907720
2018-02-05,962.2910778285,1023.0828998200
2018-02-06,980.0868996717,1012.6369886785
2018-02-07,974.7362416841,1000.1241510549
2018-02-08,938.5099678410,1004.4490934264
2018-02-09,952.9767514625,995.9644490134
2018-02-12,966.0561299597,995.3539143697
2018-02-13,969.3062895532,1001.0958134186
2018-02-14,981.9894050913,1018.0193968838
2018-02-15,994.7122023274,1024.0556507621
2018-02-16,994.5930879811,1020.3517342564
2018-02-20,988.5688106641,1013.5917913058
2018-02-21,983.3766717106,1008.8460763977
2018-02-22,984.5658068504,1010.4841877712
2018-02-23,1000.7366181494,1009.2133489434
2018-02-26,1012.2703494982,1006.8366643776
2018-02-27,999.3493515301,1004.1370055524
2018-02-28,988.2517033433,985.4339819276
2018-03-01,975.2117987865,973.4917102208
2018-03-02,980.4037992349,980.9622193719
2018-03-05,991.6603127185,981.3110882078
2018-03-06,994.1573510817,988.3769590736
2018-03-07,993.7211986671,986.3526524105
2018-03-08,998.3584171224,973.6873919616
2018-03-09,1015.6392771754,984.4349309230
2018-03-12,1014.6482042626,981.9559276032
2018-03-13,1007.9498921011,982.9093562284
2018-03-14,1002.6391235690,982.0036563848
2018-03-15,1001.6878708592,978.1054579969
2018-03-16,1002.7183484598,979.4722328331
2018-03-19,989.3218626419,979.6132623655
2018-03-20,991.0658490274,981.5819189399
2018-03-21,988.7668036386,995.5484459976
2018-03-22,964.1933754905,986.1348859173
2018-03-23,943.6626328541,995.2731664454
2018-03-26,969.6385631774,996.7636818397
2018-03-27,952.8361688329,988.0424487093
2018-03-28,950.1686307483,980.0819915816
2018-03-29,963.8651877655,979.5067490468
2018-04-02,941.5682286824,977.4488064934
2018-04-03,953.5129737785,977.0667534542
2018-04-04,964.5023802657,974.2308485479
2018-04-05,971.4700847569,973.6261658901
2018-04-06,950.0887825848,972.4847275866
2018-04-09,953.9510652638,977.1169905160
2018-04-10,969.6783141278,987.2428985898
2018-04-11,964.5422697212,991.2766068502
2018-04-12,972.6246628857,991.4166341929
2018-04-13,969.9174431033,991.4499881673
2018-04-16,977.8008045055,991.8117885570
2018-04-17,988.3122300519,991.2414195703
2018-04-18,988.8695743885,994.7700801632
2018-04-19,983.4545808034,997.7542139314
2018-04-20,975.4915097427,996.2998575401
2018-04-23,975.0536260150,995.7345555242
2018-04-24,961.7551325227,993.6550738104
2018-04-25,964.2235003397,992.6924632237
2018-04-26,974.1376228414,991.3359710538
2018-04-27,975.1729481189,987.3804664588
2018-04-30,967.2097385532,983.9325775422
2018-05-01,969.2800428455,975.9384263972
2018-05-02,962.6704431710,979.0539954354
2018-05-03,960.4012456213,978.7443486951
2018-05-04,973.1424640295,982.9323688081
2018-05-07,976.1684531934,985.1331561600
2018-05-08,976.1285637379,980.7333964217
2018-05-09,985.6048025118,989.4059375661
2018-05-10,994.8419123103,987.9615284083
2018-05-11,997.2708061871,986.8166249339
2018-05-14,998.3857718705,990.2199892697
2018-05-15,991.5373202306,991.6874375652
2018-05-16,995.7577077263,992.5584487183
2018-05-17,994.9218297264,992.4905311267
2018-05-18,992.4529771416,990.1130812888
2018-05-21,999.7395202668,986.8707927840
2018-05-22,996.8726041573,986.7526077641
2018-05-23,999.9783722322,982.1567572916
2018-05-24,998.0671409942,977.6819894698
2018-05-25,995.5588837216,971.3100840338
2018-05-29,984.0518145956,962.1900967743
2018-05-30,997.0317464641,960.3267030864
2018-05-31,990.5817738642,955.8640057371
2018-06-01,1001.0136282571,957.7753643225
2018-06-04,1005.4330475152,955.2183613830
2018-06-05,1006.8264083569,956.6414632870
2018-06-06,1014.8695353387,954.5512441131
2018-06-07,1014.3916236504,959.0273526642
2018-06-08,1017.5769628787,957.9024400675
2018-06-11,1018.8910295771,955.9330578075
2018-06-12,1020.6030905476,960.5414861612
2018-06-13,1016.5417761063,961.0163877633
2018-06-14,1019.4881248642,965.5862703993
2018-06-15,1018.6122189037,958.3895391195
2018-06-18,1016.1835327845,961.3179184711
2018-06-19,1012.3212501055,960.7252593833
2018-06-20,1014.1525639274,961.5238946038
2018-06-21,1007.8219826839,957.2987037773
2018-06-22,1009.6136840604,959.8640725952
2018-06-25,995.6384548750,959.2477849820
2018-06-26,997.8282197763,965.2885487137
2018-06-27,989.5465178392,975.8576367817
2018-06-28,995.5747425502,978.4951404054
2018-06-29,998.0949805100,974.0365373015
2018-07-02,999.2551680935,982.2221280186
2018-07-03,995.2148371678,979.5138857396
2018-07-05,1003.7352525652,979.4388813642
2018-07-06,1012.0957638779,970.7722653656
2018-07-09,1021.0562790838,976.9827645486
2018-07-10,1024.6165514929,981.6964874581
2018-07-11,1017.6161598089,982.6533239291
2018-07-12,1026.3366457566,985.1966517902
2018-07-13,1027.2165683637,990.4514198172
2018-07-16,1026.5767442674,976.6783767985
2018-07-17,1030.9768420705,983.8304157311
2018-07-18,1032.8570481764,985.3619328090
2018-07-19,1028.9366626273,988.2099747332
2018-07-20,1027.9766148466,975.1799568337
2018-07-23,1029.9368076212,977.6223720129
2018-07-24,1034.7770744853,975.5180631548
2018-07-25,1044.2575376634,969.7751202251
2018-07-26,1041.1774622760,976.2805989024
2018-07-27,1034.4170305979,972.9694925389
2018-07-30,1028.4566041107,968.4769278331
2018-07-31,1033.6570533674,964.4622577688
2018-08-01,1032.3768511547,964.3000765226
2018-08-02,1037.6174668771,971.2927711072
2018-08-03,1042.6974167369,965.7773351525
2018-08-06,1046.6179407910,970.9289372746
2018-08-07,1049.5377658311,970.6871470926
2018-08-08,1048.9778591510,961.5193988812
2018-08-09,1047.6579752404,964.7545819615
2018-08-10,1040.5374304222,981.1815935778
2018-08-13,1036.6171833782,982.9133614794
2018-08-14,1043.2975591352,984.0110479905
2018-08-15,1035.6171768894,984.7659612840
2018-08-16,1044.0173006475,982.4937731300
2018-08-17,1047.4979326506,980.3362580228
2018-08-20,1049.8178923025,977.0524943999
2018-08-21,1052.0982395090,969.0179860794
2018-08-22,1051.7780158246,975.7590283343
2018-08-23,1050.2578536061,985.4750533636
2018-08-24,1056.8583811996,981.2007015264
2018-08-27,1064.8186821592,976.9140228564
2018-08-28,1065.4187553050,979.4214061831
2018-08-29,1071.2588901529,981.3295905331
2018-08-30,1066.8988895629,983.1385720370
2018-08-31,1066.9387097659,984.5525059100
2018-09-04,1065.4588525181,991.6296297622
2018-09-05,1062.4587637993,985.0123429979
2018-09-06,1059.3385911988,979.6337099409
2018-09-07,1056.7782560259,983.5865127328
2018-09-10,1058.7786152661,982.0914126214
2018-09-11,1062.7787104736,987.0590803694
2018-09-12,1062.8987251028,979.6005123081
2018-09-13,1068.9389997535,973.7956067978
2018-09-14,1069.4987679286,982.4955932067
2018-09-17,1063.4589087931,982.4561258754
2018-09-18,1069.2591541854,984.2215987182
2018-09-19,1070.4593697295,981.4384145002
2018-09-20,1079.0596332904,971.0876950410
2018-09-21,1078.2994483024,971.6805437431
2018-09-24,1074.6994249429,977.8045019446
2018-09-25,1073.3792640222,977.5623479677
2018-09-26,1070.2327062089,978.8203156737
2018-09-27,1073.2061327049,987.3158348466
2018-09-28,1073.0855640555,991.4316376737
2018-10-01,1077.0639832221,992.1934341059
2018-10-02,1076.9435530778,989.2994859823
2018-10-03,1077.8675895445,995.4420815042
2018-10-04,1069.0272967253,992.5936849051
2018-10-05,1062.9999030446,988.7972212953
2018-10-08,1062.7185992803,987.7232977032
2018-10-09,1061.3525931867,986.0592718097
2018-10-10,1027.0764705017,983.2696709722
2018-10-11,1005.4578399198,966.5071239520
2018-10-12,1019.0398532574,965.9657470094
2018-10-15,1013.4545677086,961.6875862501
2018-10-16,1035.0324778046,965.3777750624
2018-10-17,1035.3943915103,963.4828100952
2018-10-18,1020.8478982303,964.0828230503
2018-10-19,1020.0444304129,966.9292570613
2018-10-22,1015.8250124526,968.0331067382
2018-10-23,1009.7171473357,960.1026085672
2018-10-24,979.5799711747,961.5450786884
2018-10-25,997.1399881637,966.2266109653
2018-10-26,979.4997767485,962.7823280273
2018-10-29,974.4365860001,965.8385976035
2018-10-30,989.3446467232,970.9266410577
2018-10-31,999.7117500035,975.1552851291
2018-11-01,1010.0789225363,955.5390813169
2018-11-02,1003.8105300619,955.3225626500
2018-11-05,1009.5163842601,959.9460574220
2018-11-06,1015.9054838889,961.0493798469
2018-11-07,1037.3631023457,958.1571650104
2018-11-08,1035.5951545859,963.2617118224
2018-11-09,1026.0316576280,970.9207031841
2018-11-12,1006.2214875342,975.5231143911
2018-11-13,1004.5338727056,978.4592489870
2018-11-14,997.6622214692,987.4228547721
2018-11-15,1007.9895737991,973.3225172549
2018-11-16,1010.5610586287,969.3149490072
2018-11-19,993.8047864671,979.9486205822
2018-11-20,975.5214960869,984.9636730601
2018-11-21,978.7764341048,979.3604556135
2018-11-23,972.4677366597,985.4683509196
2018-11-26,987.6970598552,984.6911563443
2018-11-27,990.7912627581,988.4117601096
2018-11-28,1013.9366345485,982.4575365576
2018-11-29,1011.8467317910,981.9960098781
2018-11-30,1018.5576479124,980.9771999026
2018-12-03,1031.1348763369,965.9926988960
2018-12-04,999.1492117273,968.4587402956
2018-12-06,996.6174778481,977.2254771461
2018-12-07,973.4722445627,967.7485004081
2018-12-10,974.6374875807,985.6153957947
2018-12-11,974.9189991027,982.2738093360
2018-12-12,980.3037293335,974.8438478767
2018-12-13,979.9817743359,970.0673466041
2018-12-14,961.8997317989,977.3771162590
2018-12-17,942.2608924567,972.1441159919
2018-12-18,941.8973859428,991.6747222839
2018-12-19,926.8680640451,986.9776376269
2018-12-20,911.6372172940,990.6666428533
2018-12-21,893.4973488971,1000.8857338203
2018-12-24,868.8936573947,1003.3763595337
2018-12-26,912.8493442728,997.5202562625
2018-12-27,921.3335405985,1004.4597008022
2018-12-28,920.1618570955,997.0176551403
2018-12-31,928.4441823053,992.4031141312
2019-01-02,929.1711260804,996.0226753308
2019-01-03,906.9912730204,992.3944764589
2019-01-04,936.9280323685,976.4317702934
2019-01-07,943.9576486188,966.4832008830
2019-01-08,953.1286222541,962.1299623880
2019-01-09,957.5323211885,945.2736657362
2019-01-10,961.5319316284,951.0688815758
2019-01-11,961.0876074157,954.1157962126
2019-01-14,955.7951215507,961.8986451881
2019-01-15,966.9859143862,960.9927788807
2019-01-16,969.1271332661,955.2088283545
2019-01-17,976.3587591374,951.9593749953
2019-01-18,989.4889689893,945.1857770101
2019-01-22,976.3184541667,955.3377659674
2019-01-23,977.7728957372,952.8814182473
2019-01-24,978.7426388716,960.5012646822
2019-01-25,987.0651305471,948.9644345158
2019-01-28,979.4292776761,957.9514094596
2019-01-29,978.2172892024,957.0080262824
2019-01-30,993.6908660603,946.9452891294
2019-01-31,1001.9728450075,953.3698780725
2019-02-01,1002.8211884623,944.0960102026
2019-02-04,1009.9723428974,944.9120515534
2019-02-05,1014.4567210257,949.7194353004
2019-02-06,1013.2040813187,951.2370058068
2019-02-07,1003.2657204326,964.0916196698
2019-02-08,1004.5583188476,965.2539271699
2019-02-11,1005.0837377694,970.0692815317
2019-02-12,1018.0926171942,962.2833184523
2019-02-13,1021.1629279753,960.5584224650
2019-02-14,1018.9007249308,963.8256290127
2019-02-15,1030.1318227370,952.0984972605
2019-02-19,1031.9096736081,950.5462151134
2019-02-20,1034.2932070797,946.9319591049
2019-02-21,1030.5361189891,944.5843049671
2019-02-22,1036.7173225321,943.2857070891
2019-02-25,1038.2523740439,951.5163596609
2019-02-26,1037.4848482880,948.6830349921
2019-02-27,1036.9596371238,941.8657970589
2019-02-28,1034.5355216714,943.2001531642
2019-03-01,1041.6461633782,949.3463124725
2019-03-04,1037.6466914434,948.6072981163
2019-03-05,1036.4346337172,948.0668876854
2019-03-06,1029.8087596989,958.3105245823
2019-03-07,1021.5267114992,969.6410454882
2019-03-08,1019.4663795707,969.4162454275
2019-03-11,1034.3336505555,970.8342747485
2019-03-12,1038.0098516946,965.0973773276
2019-03-13,1045.0801191782,957.9475702714
2019-03-14,1044.7166819169,956.7258492601
2019-03-15,1049.8068811508,957.3359506572
2019-03-18,1053.5642462515,956.3093567748
2019-03-19,1053.8872400370,954.3446800960
2019-03-20,1050.1300826939,950.1290174875
2019-03-21,1062.1357700137,959.2552597133
2019-03-22,1041.9435337288,966.2902165357
2019-03-25,1041.0091786356,966.0970095019
2019-03-26,1048.5251553825,963.4939302914
2019-03-27,1043.6501930023,971.2356264531
2019-03-28,1047.7127539892,975.1072409584
2019-03-29,1054.4573960912,977.4976674487
2019-04-01,1066.6049125861,965.1420260797
2019-04-02,1066.9705659282,966.9938444769
2019-04-03,1068.9610913096,960.0904717497
2019-04-04,1071.5205954521,962.8205119545
2019-04-05,1076.6808089907,960.1820717846
2019-04-08,1077.6148870738,955.9112311188
2019-04-09,1071.8864565518,957.9702127425
2019-04-10,1075.5838489642,954.4750617640
2019-04-11,1075.3802465351,958.0025757517
2019-04-12,1082.6528699023,950.6338360545
2019-04-15,1081.9215632180,954.3573529847
2019-04-16,1082.6933133780,955.8850751713
2019-04-17,1080.0529915366,958.1041587983
2019-04-18,1082.0839603937,966.0216943475
2019-04-22,1083.1406154494,962.8969975662
2019-04-23,1092.4850666646,967.9880079027
2019-04-24,1090.3316593400,979.5977304301
2019-04-25,1089.9254932696,974.0699761614
2019-04-26,1094.9224786022,974.1530830398
2019-04-29,1096.3040665143,971.7170886893
2019-04-30,1096.9944449552,970.2484835663
2019-05-01,1088.9908611663,967.2833677500
2019-05-02,1086.8375923467,964.8851770960
2019-05-03,1097.1569806359,963.2844095141
2019-05-06,1092.8098610159,967.5493120057
2019-05-07,1075.0961726696,969.5216909130
2019-05-08,1072.9835550833,968.6557441249
2019-05-09,1069.6925364989,973.1301164826
2019-05-10,1074.6896603366,973.2477757538
2019-05-13,1048.3222454786,972.5421005395
2019-05-14,1057.4227892940,966.6908119879
2019-05-15,1063.6797551014,972.3810468569
2019-05-16,1073.4300953769,969.9726829756
2019-05-17,1066.9297069374,973.6636543979
2019-05-20,1059.6575683378,964.0209071716
2019-05-21,1068.6362277058,964.0667345990
2019-05-22,1065.7112779787,970.2365051950
2019-05-23,1053.2382746072,975.5971390259
2019-05-24,1055.0667490756,965.6482734684
2019-05-28,1045.6002056554,964.7648398738
2019-05-29,1038.4090232598,968.6011866234
2019-05-30,1041.2935295111,964.9869549682
2019-05-31,1027.3581205287,972.9628136464
2019-06-03,1024.3112171017,970.1925097704
2019-06-04,1046.8596321100,965.3602253184
2019-06-05,1055.7165455357,978.4924435130
2019-06-06,1062.5827258224,973.3532927957
2019-06-07,1073.1866727448,972.3428125195
2019-06-10,1078.2243785632,968.5915865484
2019-06-11,1078.0212609018,964.3919828267
2019-06-12,1075.9898072770,970.3474423792
2019-06-13,1080.7838827057,970.9306812851
2019-06-14,1079.1589414140,974.8755668788
2019-06-17,1080.1339477406,974.8153373847
2019-06-18,1090.9000840810,975.8763925608
2019-06-19,1093.7847980899,973.4783181608
2019-06-20,1103.9825789419,970.0580823629
2019-06-21,1102.6826397590,964.2096344176
2019-06-24,1101.2602621086,961.8098982869
2019-06-25,1090.3722413208,963.1402254896
2019-06-26,1089.3158632751,952.2597569933
2019-06-27,1093.1385335087,950.8644005097
2019-06-28,1099.1824785433,949.8517581096
2019-07-01,1108.5346860415,952.4190318896
2019-07-02,1111.7612305234,965.0320403743
2019-07-03,1120.2965352140,963.8032277687
2019-07-05,1118.8670245533,956.0396009913
2019-07-08,1113.2721821558,958.4888630301
2019-07-09,1114.6607645731,955.0651887194
2019-07-10,1119.8468785567,944.1169120706
2019-07-11,1122.0933612775,942.8079045489
2019-07-12,1127.6062779357,941.4226585554
2019-07-15,1127.8924293770,945.3183691077
2019-07-16,1124.2169900156,953.1685776556
2019-07-17,1116.6209573476,959.6261845388
2019-07-18,1120.7047788602,961.5243274495
2019-07-19,1114.7013465538,961.4730977188
2019-07-22,1117.3968626592,960.3625781691
2019-07-23,1125.0744748040,960.7015020765
2019-07-24,1130.2609350502,964.9096700100
2019-07-25,1124.7480876446,963.5265415430
2019-07-26,1132.7930844446,968.5862981940
2019-07-29,1130.7512429408,970.2779502474
2019-07-30,1128.0145908344,970.7066687450
2019-07-31,1115.2323749303,970.1892784102
2019-08-01,1105.8803751896,986.3815933429
2019-08-02,1097.7941731361,993.1805123515
2019-08-05,1065.4086444360,1002.4171204132
2019-08-06,1079.1304093729,1006.1430143369
2019-08-07,1079.8658019563,1017.9028454331
2019-08-08,1100.9385841210,1008.4178807424
2019-08-09,1093.2609027238,1005.0637139973
2019-08-12,1080.4374815661,1012.5498813597
2019-08-13,1097.1814960304,1001.5361180305
2019-08-14,1064.1425697388,1013.4974248266
2019-08-15,1067.4914834357,1017.0623287066
2019-08-16,1083.1328591664,1013.8504611679
2019-08-19,1096.4465189622,1010.4647199364
2019-08-20,1087.9517269998,1011.8367955542
2019-08-21,1096.7733216367,1011.1659756946
2019-08-22,1096.3648009804,1006.8388293077
2019-08-23,1068.2267375141,1017.5910766564
2019-08-26,1080.0699584057,1015.3433048492
2019-08-27,1075.8226316770,1021.1726237999
2019-08-28,1083.2960873724,1020.6145136975
2019-08-29,1097.3856524798,1015.9819388867
2019-08-30,1096.9367576003,1024.4847978963
2019-09-03,1090.8512610495,1034.6098304572
2019-09-04,1102.5313229877,1013.3521232604
2019-09-05,1117.1107804705,999.2721108510
2019-09-06,1117.9276832781,1000.0178733511
2019-09-09,1118.2132806991,986.4944850976
2019-09-10,1118.4587116545,975.9912866905
2019-09-11,1126.5038469596,982.6107109249
2019-09-12,1129.8117631606,974.7168676403
2019-09-13,1129.5259579820,961.0180703395
2019-09-16,1125.8095211247,938.6229739862
2019-09-17,1128.8728374006,952.9672516829
2019-09-18,1129.5668862254,960.6903992181
2019-09-19,1129.3217322801,960.8564644503
2019-09-20,1123.2775102354,968.4603185439
2019-09-23,1124.0534155470,969.9648527676
2019-09-24,1114.7424825548,974.1551959562
2019-09-25,1121.5622636486,974.5508211490
2019-09-26,1119.3505456962,978.9802761678
2019-09-27,1113.0724578681,979.3306917832
2019-09-30,1118.5709700007,978.3444386404
2019-10-01,1105.1122261610,977.6733762510
2019-10-02,1085.6210332062,986.4097113774
2019-10-03,1094.2380558786,990.3243097973
2019-10-04,1109.4204951134,989.2789671512
2019-10-07,1104.6604226754,988.4325878156
2019-10-08,1087.5087185851,989.0086509433
2019-10-09,1097.6437566476,987.0280353398
2019-10-10,1105.1122261610,976.6136893644
2019-10-11,1116.6426333885,950.6796043526
2019-10-14,1115.6170034648,955.1449467810
2019-10-15,1126.4082784725,949.0467052673
2019-10-16,1124.6437240865,948.7444305339
2019-10-17,1127.6806551496,940.9835267059
2019-10-18,1123.0436444520,937.3292755128
2019-10-21,1130.8810914288,937.6465517226
2019-10-22,1126.9009409490,942.3792272413
2019-10-23,1130.2246467261,940.5199810151
2019-10-24,1132.0709883464,941.7331497407
2019-10-25,1136.7898555309,939.0626037235
2019-10-28,1143.3962003366,931.5204400159
2019-10-29,1142.6579683996,930.1663783564
2019-10-30,1146.6791163754,931.1166163104
2019-10-31,1142.9856021045,940.1271625547
2019-11-01,1153.8598416394,932.0376781181
2019-11-04,1158.4553700735,927.2794913605
2019-11-05,1156.9782829267,919.4103643781
2019-11-06,1157.5933838709,924.3590037514
2019-11-07,1161.6969423536,919.8071243502
2019-11-08,1164.5281934118,919.3084515109
2019-11-11,1162.2715305695,921.6678904973
2019-11-12,1164.5694679179,922.6600688860
2019-11-13,1165.0621303944,925.4427174336
2019-11-14,1166.6211432805,929.2693792227
2019-11-15,1175.3203687023,927.4551095649
2019-11-18,1176.0587391444,932.2191205477
2019-11-19,1175.4843586861,933.7038267496
2019-11-20,1171.3402874750,937.3102260922
2019-11-21,1169.5343200780,936.4844205077
2019-11-22,1172.1195169080,934.2393427868
2019-11-25,1181.0241453247,939.2794874881
2019-11-26,1183.4039391599,943.6319669246
2019-11-27,1188.9841692742,944.4363007960
2019-11-29,1184.4299845987,945.2171585750
2019-12-02,1174.7867087299,935.3702114970
2019-12-03,1166.5392867936,938.7787184689
2019-12-04,1174.0070637818,936.5448655728
2019-12-05,1176.1818701372,933.4202275199
2019-12-06,1186.6455114400,934.3099750096
2019-12-09,1183.0348231914,934.0412059820
2019-12-10,1181.9269212657,931.1742326952
2019-12-11,1185.0040880469,931.1774749792
2019-12-12,1195.4264548437,924.3033762120
2019-12-13,1195.8782583293,934.1544114221
2019-12-16,1204.3308062503,929.7516923180
2019-12-17,1204.5769297310,931.2762703350
2019-12-18,1204.6587862178,929.1877845483
2019-12-19,1209.6650513890,927.4145633764
2019-12-20,1215.8202159819,927.8309773902
2019-12-23,1217.0116364550,927.6848503204
2019-12-24,1217.0116364550,931.9907633150
2019-12-26,1223.2378541405,933.3832151524
2019-12-27,1223.2378541405,933.9894885858
2019-12-30,1216.5166193926,927.6182385819
2019-12-31,1219.6508502560,927.1244658487
2020-01-02,1230.4536904357,931.3673786956
2020-01-03,1221.4649894513,937.0656843984
2020-01-06,1226.0418889556,940.1399545035
2020-01-07,1222.6607035811,937.9201763591
2020-01-08,1228.9691932686,930.1691560253
2020-01-09,1237.4628771906,929.7004582779
2020-01-10,1233.9167322970,931.1666773878
2020-01-13,1242.0811897060,928.5058624317
2020-01-14,1240.4315945147,932.7752745764
2020-01-15,1243.1946318338,935.5292585955
2020-01-16,1253.5848654581,938.5901167972
2020-01-17,1257.8318459241,938.8796461836
2020-01-21,1255.2341836393,941.9080910662
2020-01-22,1255.5641026775,935.8385780207
2020-01-23,1256.8008143033,932.7392867474
2020-01-24,1245.3382745522,929.6359895215
2020-01-27,1225.5467333881,926.9087416176
2020-01-28,1238.8236893446,924.5352559409
2020-01-29,1237.5865622037,926.1322674162
2020-01-30,1241.4623491254,928.6423923329
2020-01-31,1219.1969691946,929.0971289770
2020-02-03,1228.0619851659,927.8672242853
2020-02-04,1246.9877312384,921.6023122167
2020-02-05,1261.0889307703,919.8297970874
2020-02-06,1265.3771857424,919.9324710174
2020-02-07,1258.9451495469,923.4842561346
2020-02-10,1267.9751250374,929.3074424863
2020-02-11,1270.2840042850,925.9503838227
2020-02-12,1278.4479076737,921.0248013259
2020-02-13,1277.2109190378,920.3102635480
2020-02-14,1279.3549772714,921.0977920016
2020-02-18,1275.8501068838,921.4388027685
2020-02-19,1281.9937755572,921.8687036495
2020-02-20,1276.9636875167,926.5111182590
2020-02-21,1263.7281445713,930.0006157854
2020-02-24,1221.4649894513,940.9483069550
2020-02-25,1184.7682139402,945.0229918444
2020-02-26,1179.5317533695,950.5475138510
2020-02-27,1127.2491426544,954.4723214768
2020-02-28,1120.4462591772,959.8615922760
2020-03-02,1170.4606418781,949.1895522706
2020-03-03,1138.1757370996,949.5381104276
2020-03-04,1185.3456415097,947.2378842140
2020-03-05,1145.6385971584,959.0984546133
2020-03-06,1126.4246913214,980.6069735031
2020-03-09,1039.5066758115,1018.4461093986
2020-03-10,1092.8550829160,1001.4788122243
2020-03-11,1038.6701745388,1002.2108656718
2020-03-12,938.2122512277,1015.2314649928
2020-03-13,1025.8693297049,1011.2707442010
2020-03-16,905.4447255892,1027.4963394471
2020-03-17,964.7250271397,1034.5527601655
2020-03-18,911.9898511611,1049.8367902065
2020-03-19,912.7770446347,1033.2558836486
2020-03-20,873.0082962818,1053.8927642149
2020-03-23,846.2055600396,1067.4532459130
2020-03-24,926.9031058237,1052.1304522783
2020-03-25,938.7923796458,1040.3044027028
2020-03-26,995.2143524001,1046.6405669486
2020-03-27,964.6421318650,1049.2703731544
2020-03-30,995.8356860717,1060.2610587615
2020-03-31,981.0466704423,1053.9074571171
2020-04-01,936.8452755988,1077.7228464373
2020-04-02,958.7595452181,1051.3992465831
2020-04-03,944.5920017654,1039.3803880435
2020-04-06,1008.8431804459,1034.0093663163
2020-04-07,1009.3819651054,1022.7156167513
2020-04-08,1043.6411901738,1016.9965244323
2020-04-09,1059.1345732545,1028.1147280508
2020-04-13,1048.8608916330,1020.4133393561
2020-04-14,1080.8831215768,1027.1458748247
2020-04-15,1057.3531212519,1051.5145688482
2020-04-16,1062.6970617444,1049.8327264277
2020-04-17,1092.0266149364,1039.2122303394
2020-04-20,1072.3489941791,1065.3283227151
2020-04-21,1039.5814685406,1134.1237394075
2020-04-22,1062.4487914354,1111.6812648386
2020-04-23,1062.2414493698,1112.4628374794
2020-04-24,1077.6518679232,1114.0416486893
2020-04-27,1093.2278692684,1115.4263740453
2020-04-28,1088.1738198536,1113.2031898591
2020-04-29,1116.2193619440,1100.8082214653
2020-04-30,1106.4843264769,1085.0225251447
2020-05-01,1076.3260975478,1092.4974129626
2020-05-04,1079.7232110034,1091.6464930063
2020-05-05,1089.6654500310,1067.0358995622
2020-05-06,1082.3329232279,1081.1533216070
2020-05-07,1095.1332832942,1076.3750645984
2020-05-08,1113.4439976750,1059.1218023252
2020-05-11,1113.6093727093,1073.4288750336
2020-05-12,1091.1980084518,1073.4101913120
2020-05-13,1071.8520380459,1092.5730798856
2020-05-14,1084.7770526606,1080.6176305875
2020-05-15,1089.6654500310,1072.2211317619
2020-05-18,1122.9715525714,1032.6400101401
2020-05-19,1112.3664976087,1026.9850554540
2020-05-20,1130.5110059249,1019.5569827213
2020-05-21,1122.3916319110,1027.4600142811
2020-05-22,1124.9185181133,1039.1533713397
2020-05-26,1139.3765759165,1010.1024337853
2020-05-27,1155.9881102968,1027.3022131048
2020-05-28,1153.7094251510,1017.7552768137
2020-05-29,1158.8884753768,1009.7115556643
2020-06-01,1163.9420400239,1002.2564740204
2020-06-02,1173.5112156890,988.6923661997
2020-06-03,1189.0046680222,974.0791717526
2020-06-04,1185.9805486765,963.7399716618
2020-06-05,1216.3041526400,943.8245206310
2020-06-08,1231.0518937633,949.0099062660
2020-06-09,1222.3105628050,947.1641609376
2020-06-10,1214.6883526819,944.8009802762
2020-06-11,1144.6787571352,975.4819837256
2020-06-12,1158.4737219931,979.0980424728
2020-06-15,1169.0370869347,971.8816955352
2020-06-16,1191.9041328194,966.1386362513
2020-06-17,1186.4360917986,967.0194129409
2020-06-18,1187.5131070973,965.3340837021
2020-06-19,1180.5120921406,961.7421431502
2020-06-22,1188.3415058244,960.0523693005
2020-06-23,1193.7269978330,962.4802279755
2020-06-24,1163.1959132989,979.4612676756
2020-06-25,1175.4993172319,984.3196546584
2020-06-26,1147.9514238000,994.6138424028
2020-06-29,1164.7036793150,980.3109041276
2020-06-30,1180.2357745582,972.2926784828
2020-07-01,1188.3142203288,963.2260617313
2020-07-02,1194.3105196249,956.6386596614
2020-07-06,1212.8408337686,955.3247615544
2020-07-07,1200.2652674048,952.6719526907
2020-07-08,1209.1765440641,952.8306932193
2020-07-09,1203.0137616933,960.1697670002
2020-07-10,1215.0897403279,956.2972904113
2020-07-13,1204.0957631739,966.1500294440
2020-07-14,1220.2115187140,973.3279297806
2020-07-15,1231.0379047528,957.9377897021
2020-07-16,1227.4565795756,963.5910983919
2020-07-17,1230.7052156135,965.7147508133
2020-07-20,1240.9483568706,968.9783269290
2020-07-21,1243.5303680843,968.0130501169
2020-07-22,1250.6094998914,969.1328592633
2020-07-23,1235.6600954097,969.9432083772
2020-07-24,1227.6654451968,966.0758483674
2020-07-27,1236.6178578571,970.8457303777
2020-07-28,1228.9558967834,974.6485681142
2020-07-29,1243.8219212227,974.0863629645
2020-07-30,1239.2828335981,986.7607597753
2020-07-31,1249.6518759491,980.5567765288
2020-08-03,1257.5218716136,962.2098541417
2020-08-04,1262.8101330745,963.5795612847
2020-08-05,1270.6804057491,963.3415124771
2020-08-06,1279.2168877327,967.4444912852
2020-08-07,1279.8830970417,960.5652083914
2020-08-10,1283.9640099481,960.6662571706
2020-08-11,1273.5955216173,952.3699814203
2020-08-12,1291.0428647451,946.0235105557
2020-08-13,1288.8356482070,940.0194915066
2020-08-14,1288.8356482070,937.4845072753
2020-08-17,1293.0002181660,940.2073517583
2020-08-18,1295.7068839283,943.9463831858
2020-08-19,1290.2103108664,936.5845677171
2020-08-20,1294.2912237729,941.8744013583
2020-08-21,1298.9131374197,937.8990797656
2020-08-24,1312.1133615764,928.7640558528
2020-08-25,1316.6941392222,920.9795462491
2020-08-26,1330.1440879909,926.2821836649
2020-08-27,1332.8090637319,924.4669328633
2020-08-28,1341.4707542842,934.5561529784
2020-08-31,1336.7647680697,940.2385264712
2020-09-01,1349.2572314013,935.6534385134
2020-09-02,1368.9117910671,938.6773796559
2020-09-03,1321.5245029750,939.0134763863
2020-09-04,1310.9474260331,941.1317531626
2020-09-08,1274.9279402353,946.1625186715
2020-09-09,1300.0786574478,943.3916781229
2020-09-10,1277.3433298693,942.8868514382
2020-09-11,1278.3009538116,945.7984255725
2020-09-14,1294.9156045556,947.3155163307
2020-09-15,1301.5781131607,945.0127546774
2020-09-16,1296.3315417211,938.8492696145
2020-09-17,1285.0047369227,938.1076710120
2020-09-18,1270.0560249663,939.8990119735
2020-09-21,1256.2728330380,938.1946820205
2020-09-22,1268.9730539503,935.5776925177
2020-09-23,1239.5746637465,924.0364451001
2020-09-24,1242.9890903339,922.5061454821
2020-09-25,1262.8937901270,919.6011636512
2020-09-28,1284.0472514855,920.5686407707
2020-09-29,1276.7246277938,928.6086070161
2020-09-30,1286.5523923944,928.3792287526
2020-10-01,1294.7067389344,931.2825849316
2020-10-02,1282.6631704824,938.1882112827
2020-10-05,1305.0781358714,930.0742729173
2020-10-06,1286.8447765631,923.1705484215
2020-10-07,1308.9255292571,928.0163383814
2020-10-08,1320.5089839202,924.5629147721
2020-10-09,1332.2600296985,934.9688320318
2020-10-12,1353.7547675097,938.5398546806
2020-10-13,1345.0986171596,933.5738275171
2020-10-14,1336.6927454417,935.1389043190
2020-10-15,1335.1038154640,937.3500451920
2020-10-16,1333.9745837600,940.5043260108
2020-10-19,1313.8179432740,946.9286983807
2020-10-20,1319.0035724900,945.7101382755
2020-10-21,1316.6197620083,959.3539179696
2020-10-22,1323.8545734958,949.8858705411
2020-10-23,1328.3710847966,954.6844716992
2020-10-26,1303.9070756411,957.0652792733
2020-10-27,1299.5994299615,955.7631530864
2020-10-28,1254.8537102564,954.9770104607
2020-10-29,1268.0684774437,949.6134532425
2020-10-30,1253.8082741099,948.8858168457
2020-11-02,1268.4029671487,948.8617612873
2020-11-03,1290.7761040114,947.7209932483
2020-11-04,1319.8398660051,947.4612421238
2020-11-05,1345.6839395171,957.0852240502
2020-11-06,1345.5167639171,963.5978755992
2020-11-09,1362.2858477962,929.3913336783
2020-11-10,1360.5297422185,929.3943080770
2020-11-11,1370.1061201464,926.2944304226
2020-11-12,1357.4351238005,929.9272304474
2020-11-13,1375.8774872350,941.7104443322
2020-11-16,1392.5623600414,940.4686171914
2020-11-17,1385.6206252477,942.7041679972
2020-11-18,1368.8094358323,943.0376478099
2020-11-19,1374.5389743947,941.0617939102
2020-11-20,1365.3386376880,942.4371312545
2020-11-23,1373.4100197008,934.5696157930
2020-11-24,1395.6573939746,927.5809346774
2020-11-25,1393.3572405454,920.3115145814
2020-11-27,1397.3298424997,928.5077452454
2020-11-30,1391.0570871162,922.7821618442
2020-12-01,1406.3628651014,922.7492053383
2020-12-02,1409.3318594356,922.7492053383
2020-12-03,1408.9137126780,935.0695334307
2020-12-04,1421.0413536977,928.4496773539
2020-12-07,1418.4067105635,935.2535299990
2020-12-08,1422.5047980966,927.8980298091
2020-12-09,1409.8759072871,935.2535299990
2020-12-10,1409.2063738568,929.5529724434
2020-12-11,1407.4080242377,931.5757371341
2020-12-14,1400.9679547491,933.7455451073
2020-12-15,1420.3304072563,937.8279422344
2020-12-16,1422.5047980966,935.8787419550
2020-12-17,1430.2412748892,945.1834424243
2020-12-18,1424.5120133370,939.3358415860
2020-12-21,1420.1211261200,943.8963218466
2020-12-22,1417.3204154262,933.3778941309
2020-12-23,1418.4540792919,950.4794812578
2020-12-24,1424.1229526407,945.3673534525
2020-12-28,1436.5097366161,936.1729140602
2020-12-29,1433.4868638160,961.3655599499
2020-12-30,1435.4181782868,973.6861446624
2020-12-31,1443.1439901903,972.6195462386
2021-01-04,1423.5771042235,969.7507908179
2021-01-05,1432.9410153988,989.1327036151
2021-01-06,1441.6322075275,983.1746706199
2021-01-07,1463.1733445318,973.5021480941
2021-01-08,1471.4031763262,971.1117324270
2021-01-11,1461.7876014681,954.9295293613
2021-01-12,1461.9133640569,979.0923590328
2021-01-13,1465.5667118622,973.5757125054
2021-01-14,1460.6118320660,991.0818183544
2021-01-15,1450.1984680977,972.3988530047
2021-01-19,1461.6615618691,981.6299890626
2021-01-20,1481.5227710752,982.4391120469
2021-01-21,1482.9082371288,987.0362889730
2021-01-22,1477.6177595871,972.0310309482
2021-01-25,1483.6222306814,974.8997008288
2021-01-26,1481.3963159611,985.8226472666
2021-01-27,1445.4535619631,974.6055287236
2021-01-28,1457.5886822557,973.8699701506
2021-01-29,1428.4056674106,978.2466249229
2021-02-01,1451.8777033705,971.1117324270
2021-02-02,1472.7468138535,971.1117324270
2021-02-03,1474.2163524748,978.1728894316
2021-02-04,1490.7183986101,970.7438248304
2021-02-05,1496.6810411781,981.5932923970
2021-02-08,1507.7243261312,992.0748523670
2021-02-09,1506.5067282029,999.2464415286
2021-02-10,1505.9190512594,994.2814425459
2021-02-11,1508.3545241262,994.2814425459
2021-02-12,1516.0379534832,998.3270574673
2021-02-16,1514.6103818932,1010.4636456116
2021-02-17,1514.9465336589,1003.4757963982
2021-02-18,1508.4800097050,1013.0380578470
2021-02-19,1505.7089390927,1020.7981622990
2021-02-22,1493.8677265244,1038.4513114306
2021-02-23,1495.7570739639,1043.7473502641
2021-02-24,1512.3012256355,1057.8699208934
2021-02-25,1476.0223198719,1056.7665402639
2021-02-26,1467.9182506664,1035.1046439565
2021-03-01,1503.7352420754,1021.1659843555
2021-03-02,1492.1040031687,1022.9679702723
2021-03-03,1472.4106620878,1026.8295886255
2021-03-04,1454.2712092060,1030.6912925186
2021-03-05,1480.9349556267,1038.7823512815
2021-03-08,1473.6706425627,1033.2656192141
2021-03-09,1494.2876738476,1024.9908205030
2021-03-10,1503.5252684138,1025.9102901043
2021-03-11,1519.3976705743,1036.5756755625
2021-03-12,1521.5386816966,1044.8505598136
2021-03-15,1530.3566059496,1042.6439696346
2021-03-16,1528.6351266354,1039.1500877979
2021-03-17,1533.6321119680,1037.4951451637
2021-03-18,1511.0837662122,1021.1659843555
2021-03-19,1508.3964911575,1024.3288263413
2021-03-22,1520.3209452632,1022.0486717511
2021-03-23,1509.1517592161,1004.0275294830
2021-03-24,1500.7961648329,1007.7052368079
2021-03-25,1509.2358317838,995.2009976872
2021-03-26,1533.8569056704,1006.6387239241
2021-03-29,1532.9301683551,1018.7386154027
2021-03-30,1529.0111678566,1008.4408809209
2021-03-31,1535.0786587504,1015.0976047434
2021-04-01,1551.3438612436,1011.0152931563
2021-04-05,1573.7193526921,1013.2219688753
2021-04-06,1572.8345824082,1013.9575274483
2021-04-07,1574.8147891630,1012.8909290244
2021-04-08,1582.4839524994,1008.8087029774
2021-04-09,1593.8608961273,1015.9802921390
2021-04-12,1594.5773827708,1009.9119125268
2021-04-13,1598.9175771381,1008.4408809209
2021-04-14,1593.7766850545,1029.4040864009
2021-04-15,1610.8846908004,1028.4846167997
2021-04-16,1616.5312648355,1029.7718229174
2021-04-19,1608.5675012496,1028.3007913114
2021-04-20,1596.7688097328,1034.1852598953
2021-04-21,1611.7695995894,1032.8978826976
2021-04-22,1596.9791989095,1043.7473502641
2021-04-23,1614.0028550776,1045.9541115231
2021-04-26,1617.5003846973,1059.0099981885
2021-04-27,1616.9947027457,1068.5721740973
2021-04-28,1616.2362490708,1061.6947570409
2021-04-29,1627.0235766845,1073.3532620517
2021-04-30,1616.2784931123,1076.6632328601
2021-05-03,1619.9445833825,1070.2272022715
2021-05-04,1610.0841315892,1077.2150514849
2021-05-05,1610.3792858589,1082.4372692870
2021-05-06,1623.4838030234,1083.8348220217
2021-05-07,1635.0719668583,1088.9838175726
2021-05-10,1619.0598130985,1083.8348220217
2021-05-11,1604.8590284329,1096.5598399163
2021-05-12,1570.6011884149,1118.7368581828
2021-05-13,1589.2682070469,1080.5249367533
2021-05-14,1613.6660107866,1081.2604953263
2021-05-17,1609.7889773194,1090.0870271221
2021-05-18,1595.8837624387,1088.9468642869
2021-05-19,1591.6701616906,1079.5319027408
2021-05-20,1608.6518508274,1063.6072606547
2021-05-21,1607.4296822322,1071.5878872605
2021-05-24,1623.6525021789,1076.4425396262
2021-05-25,1620.2394606421,1063.2395241382
2021-05-26,1623.1892027738,1074.4934248868
2021-05-27,1623.9054124073,1079.6054671521
2021-05-28,1627.0658207259,1076.7735794771
2021-06-01,1625.8016850994,1097.0747052554
2021-06-02,1628.5407610443,1091.1903222115
2021-06-03,1622.3461225111,1092.6614393575
2021-06-04,1637.0524506232,1096.7070542789
2021-06-07,1635.6619983877,1086.9609673419
2021-06-08,1635.9144931009,1094.1325565035
2021-06-09,1633.3442548167,1083.6509109935
2021-06-10,1640.8868245339,1084.9382881912
2021-06-11,1643.7519400777,1083.8348220217
2021-06-14,1647.8818837732,1085.1220281394
2021-06-15,1644.4264596899,1083.0257845774
2021-06-16,1635.4089496543,1077.4355736388
2021-06-17,1634.8193336401,1048.4547882672
2021-06-18,1613.1182232987,1039.0030445154
2021-06-21,1635.7039654190,1041.7245855734
2021-06-22,1644.3839386384,1035.3252516504
2021-06-23,1642.6145365755,1048.3444416502
2021-06-24,1652.0114119536,1058.2744396155
2021-06-25,1658.1210083838,1058.0906141273
2021-06-28,1661.5767094772,1058.2744396155
2021-06-29,1662.3080161615,1059.1939092168
2021-06-30,1663.8299096931,1074.4934248868
2021-07-01,1673.2162586871,1072.5441390674
2021-07-02,1685.9429340647,1070.9627608445
2021-07-06,1682.7718608569,1049.9994698245
2021-07-07,1688.5640037036,1038.1571393254
2021-07-08,1675.1191796219,1041.1728524886
2021-07-09,1692.7922859874,1049.5949511023
2021-07-12,1698.9229351857,1043.9312612923
2021-07-13,1693.1730363804,1051.4706725104
2021-07-14,1695.4985362345,1038.4146147650
2021-07-15,1690.0442072141,1040.6212049439
2021-07-16,1676.8946759071,1041.9084966016
2021-07-19,1651.8222140501,1016.8629795345
2021-07-20,1675.1611466532,1026.6457631372
2021-07-21,1689.2406008917,1027.7122760210
2021-07-22,1692.8345300288,1045.2183818701
2021-07-23,1709.7469666386,1045.7701149548
2021-07-26,1714.1022580568,1054.7806433189
2021-07-27,1706.4914053480,1043.3795282076
2021-07-28,1705.5612054064,1050.1833808527
2021-07-29,1712.9177628363,1053.8611737176
2021-07-30,1704.5461018668,1044.1151723206
2021-08-02,1701.0789048539,1053.6773482294
2021-08-03,1714.8204067610,1042.8278806629
2021-08-04,1706.6181374723,1037.8628816802
2021-08-05,1717.2729157494,1045.6596827978
2021-08-06,1720.2326302450,1044.4093444258
2021-08-09,1718.5837275790,1033.2656192141
2021-08-10,1720.7398357522,1051.1028504539
2021-08-11,1724.8833529430,1060.4811153345
2021-08-12,1729.9148260340,1061.9521469404
2021-08-13,1733.3392249853,1059.7455567615
2021-08-16,1737.4828806811,1055.5162018918
2021-08-17,1726.0249115968,1045.9541115231
2021-08-18,1707.4639878361,1041.5407600852
2021-08-19,1709.8738372680,1033.2656192141
2021-08-20,1723.4035649477,1020.0258215204
2021-08-23,1738.6665448713,1029.3673041953
2021-08-24,1741.4151776648,1038.5984402532
2021-08-25,1744.6284949140,1047.7927941055
2021-08-26,1734.4386781027,1049.5949511023
2021-08-27,1749.8289441707,1056.3252393361
2021-08-30,1757.8625143038,1050.6245962405
2021-08-31,1754.8602787567,1040.3638150444
2021-09-01,1756.7208171450,1032.8978826976
2021-09-02,1761.9633719381,1040.2533828874
2021-09-03,1761.2870517601,1038.0467927085
2021-09-07,1754.7757906738,1031.9784986364
2021-09-08,1753.0846439664,1034.5162142062
2021-09-09,1745.2204655142,1031.9784986364
2021-09-10,1731.7328433708,1036.3551534086
2021-09-13,1735.7918724787,1040.4372939157
2021-09-14,1726.7862738778,1042.8278806629
2021-09-15,1741.2040959628,1055.3322053236
2021-09-16,1738.2019989207,1050.3672918810
2021-09-17,1721.1626916816,1045.7701149548
2021-09-20,1693.0460272461,1045.2183818701
2021-09-21,1691.3969860750,1034.1852598953
2021-09-22,1707.7173135796,1043.9312612923
2021-09-23,1728.3502729458,1052.3899710316
2021-09-24,1731.2256378636,1055.8839384083
2021-09-27,1726.3208968968,1063.7543039373
2021-09-28,1691.8202575195,1060.6650263627
2021-09-29,1694.4834326949,1063.7910861429
2021-09-30,1673.0195815107,1066.1815873501
2021-10-01,1693.0415950843,1065.2622888289
2021-10-04,1672.2133435922,1079.7892926403
2021-10-05,1688.4602634183,1087.5126148866
2021-10-06,1695.9688993973,1082.1797938475
2021-10-07,1710.5608223350,1083.0994345287
2021-10-08,1707.3369787017,1087.5126148866
2021-10-11,1694.9078121798,1105.0188062757
2021-10-12,1691.5145768657,1092.1097918128
2021-10-13,1696.9441134815,1084.3866406465
2021-10-14,1725.4499771183,1088.2481734596
2021-10-15,1738.8966017657,1100.7525836603
2021-10-18,1744.1992677522,1098.9136444579
2021-10-19,1757.7737325643,1098.1782569649
2021-10-20,1764.6027242441,1099.0975554861
2021-10-21,1768.9298991363,1100.3111971926
2021-10-22,1767.1480316186,1098.1782569649
2021-10-25,1776.3106949507,1101.8557932098
2021-10-26,1778.0075203653,1101.4880566933
2021-10-27,1770.2872486640,1094.1325565035
2021-10-28,1787.5944246773,1086.4827986684
2021-10-29,1790.7756087540,1106.7841810668
2021-11-01,1794.5511180167,1099.9434606761
2021-11-02,1801.5078113562,1099.6492030309
2021-11-03,1812.3671615978,1082.5476159040
2021-11-04,1820.8512886711,1085.1220281394
2021-11-05,1827.0448191638,1074.6404681694
2021-11-08,1829.2502351362,1084.2026440782
2021-11-09,1822.8445149009,1077.9137423122
2021-11-10,1808.1675498602,1097.2954840293
2021-11-11,1808.7614595311,1098.0678248080
2021-11-12,1822.2083611886,1087.6965259149
2021-11-15,1823.0568431485,1096.6334898676
2021-11-16,1830.0133979829,1113.3304727324
2021-11-17,1825.6022890280,1096.1553211942
2021-11-18,1831.9225516451,1094.6842895882
2021-11-19,1828.4865182693,1094.2796853261
2021-11-22,1823.6506143143,1103.4005603071
2021-11-23,1826.0265300080,1115.7209739396
2021-11-24,1830.5229580760,1117.5967808877
2021-11-26,1790.6911206711,1072.5441390674
2021-11-29,1812.3247790513,1069.6754691868
2021-11-30,1777.6259389420,1047.4986220003
2021-12-01,1757.1796843884,1038.9295656441
2021-12-02,1783.9885841055,1045.5862039266
2021-12-03,1768.2085648159,1041.2097202343
2021-12-06,1789.3334941333,1048.1606161620
2021-12-07,1826.1110180908,1056.2516749248
2021-12-08,1831.2434613661,1060.5178975401
2021-12-09,1818.7727433280,1054.9644688071
2021-12-10,1836.1221633827,1056.1414138479
2021-12-13,1819.8328610101,1056.3988037474
2021-12-14,1807.4464925499,1055.5162018918
2021-12-15,1835.6977838977,1048.0870517507
2021-12-16,1819.1120807099,1046.6894990160
2021-12-17,1800.2355039316,1046.6159346047
2021-12-20,1780.7648789772,1044.1518689862
2021-12-21,1812.3679926281,1051.4706725104
2021-12-22,1830.6750366251,1053.3095261729
2021-12-23,1841.9575198062,1055.1483798353
2021-12-27,1868.2262498133,1058.4583506438
2021-12-28,1866.8212545471,1058.4583506438
2021-12-29,1869.0776403793,1056.0225987696
2021-12-30,1863.7987972621,1049.5403765739
2021-12-31,1858.6894843309,1041.0937279765
2022-01-03,1870.0993921615,1048.5582061431
2022-01-04,1869.3331822037,1053.1940471552
2022-01-05,1833.5276867141,1052.6440248707
2022-01-06,1831.0582801091,1056.4154840500
2022-01-07,1824.7147486430,1053.4689727574
2022-01-10,1822.3303841411,1050.1295761844
2022-01-11,1838.2960002028,1053.2724873472
2022-01-12,1843.7881411029,1049.6975135781
2022-01-13,1818.3710786719,1043.2152058424
2022-01-14,1818.9245448670,1055.3154394810
2022-01-18,1787.0359723002,1067.2977989816
2022-01-19,1768.2607812212,1068.1621808143
2022-01-20,1748.8038682672,1070.9514695628
2022-01-21,1714.4458890954,1065.6478176681
2022-01-24,1721.5984285810,1068.3194033585
2022-01-25,1700.6939993092,1074.0943807255
2022-01-26,1696.8623954997,1088.9448113266
2022-01-27,1688.2626167065,1098.7664300953
2022-01-28,1729.6452951992,1098.4520705470
2022-01-31,1761.2783259417,1093.5412183927
2022-02-01,1772.7738298957,1098.3341964089
2022-02-02,1789.6757401214,1102.3807522704
2022-02-03,1748.0799023508,1107.4094785629
2022-02-04,1756.2969916802,1122.6132749582
2022-02-07,1750.5067879042,1113.1845414700
2022-02-08,1764.6843037208,1116.4060639048
2022-02-09,1790.5699287490,1113.7739121605
2022-02-10,1759.1072592227,1122.8490232345
2022-02-11,1724.0254526395,1122.8490232345
2022-02-14,1718.4053330696,1139.5065721531
2022-02-15,1745.9937392298,1127.9169268529
2022-02-16,1748.0799023508,1127.5242126526
2022-02-17,1710.9119326465,1119.8632490758
2022-02-18,1699.9704489080,1123.9884162095
2022-02-22,1681.3653420351,1136.9922090069
2022-02-23,1651.0945084972,1144.7316983157
2022-02-24,1676.4691883817,1160.5248654016
2022-02-25,1713.0835533858,1127.4455158405
2022-02-28,1708.7836639892,1136.7564607307
2022-03-01,1683.1535807853,1160.4856025356
2022-03-02,1714.0629226215,1190.6969665362
2022-03-03,1705.4630053232,1213.0902299559
2022-03-04,1691.6684559805,1227.6263010087
2022-03-07,1641.7276887158,1249.7446388262
2022-03-08,1629.3391041746,1272.3344731961
2022-03-09,1672.7651477268,1206.4901336221
2022-03-10,1665.3145453653,1209.1223709064
2022-03-11,1644.0699476813,1227.1156271303
2022-03-14,1632.0634985838,1223.6190935532
2022-03-15,1667.8691325784,1205.7436259274
2022-03-16,1705.1646654372,1193.5255181507
2022-03-17,1726.0264351524,1220.7511079926
2022-03-18,1745.1001046224,1222.5976602563
2022-03-21,1745.1850082204,1257.6020022731
2022-03-22,1765.4507906888,1261.0982792301
2022-03-23,1742.7158786255,1269.0736878952
2022-03-24,1768.6199248258,1276.7738287980
2022-03-25,1777.5908971633,1292.0954993314
2022-03-28,1789.8512260246,1260.3127652895
2022-03-29,1812.4916776412,1241.7694867812
2022-03-30,1801.2137651269,1254.4197427043
2022-03-31,1773.5328375908,1240.5908309401
2022-04-01,1778.4451963355,1240.6694422122
2022-04-04,1793.5249340728,1252.4161389765
2022-04-05,1771.3538760837,1270.1737324642
2022-04-06,1753.4122084187,1271.7058396395
2022-04-07,1762.2549250764,1275.9880582373
2022-04-08,1757.9828751956,1292.2920702816
2022-04-11,1727.5251983400,1301.0529073473
2022-04-12,1721.2028581472,1319.4388777715
2022-04-13,1740.6396878684,1332.9536866074
2022-04-14,1719.4937057827,1363.6363760804
2022-04-18,1719.7928766990,1390.1940694998
2022-04-19,1747.2606449573,1365.2077461218
2022-04-20,1745.9365366425,1347.1753981120
2022-04-21,1720.0495265638,1365.7185910803
2022-04-22,1673.1017150076,1347.0574384338
2022-04-25,1682.2434640765,1326.4713788717
2022-04-26,1634.1431519672,1349.4931047680
2022-04-27,1638.3722652813,1365.5220201301
2022-04-28,1679.4246092207,1377.3866765725
2022-04-29,1617.7391674101,1361.5935094866
2022-05-02,1627.9059923825,1388.7011396505
2022-05-03,1634.9546530777,1389.5655214833
2022-05-04,1684.5506812634,1397.1477882479
2022-05-05,1625.3861699379,1424.4911666880
2022-05-06,1615.1765469039,1430.8163374196
2022-05-09,1563.0597267382,1388.3868656422
2022-05-10,1567.0754037643,1379.3117545682
2022-05-11,1541.8287025495,1398.2084844109
2022-05-12,1540.6327114095,1406.8516184185
2022-05-13,1576.9858558820,1407.6766518452
2022-05-16,1571.3473151400,1424.5305150940
2022-05-17,1602.7876853526,1431.6414563863
2022-05-18,1539.3086030948,1409.0124446904
2022-05-19,1529.0135224425,1380.5295877353
2022-05-20,1529.3980124720,1397.6191992603
2022-05-23,1558.4036023431,1401.1942585695
2022-05-24,1547.1684878904,1388.3868656422
2022-05-25,1560.0698181408,1396.7942513736
2022-05-26,1591.0830387674,1393.4942032067
2022-05-27,1630.9814971031,1391.4905139390
2022-05-31,1621.9256211676,1387.6012661615
2022-06-01,1608.3410454865,1419.9731998140
2022-06-02,1638.8844569704,1401.3512244936
2022-06-03,1612.3567225126,1423.7449156134
2022-06-06,1616.7564740531,1464.9957315497
2022-06-07,1632.5626707978,1463.0315617680
2022-06-08,1614.7063222461,1463.6599387045
2022-06-09,1576.7294830274,1480.3174876232
2022-06-10,1530.4660249422,1497.6034134784
2022-06-13,1471.4718748329,1525.8899561033
2022-06-14,1467.7983052898,1518.8183632171
2022-06-15,1488.8153391702,1466.9600724114
2022-06-16,1439.9033874454,1479.9243457228
2022-06-17,1443.6625531118,1463.4241904283
2022-06-21,1479.0332812374,1475.6030353390
2022-06-22,1475.9148399501,1435.5307897037
2022-06-23,1491.4211732533,1408.4229884599
2022-06-24,1537.8562391002,1415.8875521664
2022-06-27,1532.0891656682,1423.7449156134
2022-06-28,1498.9823026477,1441.4238122889
2022-06-29,1499.7202575746,1424.1376298137
2022-06-30,1487.8816766023,1367.5650578039
2022-07-01,1503.1518587886,1376.9937912922
2022-07-05,1505.8108788124,1335.7429753559
2022-07-06,1511.2585595902,1325.5284713069
2022-07-07,1533.4344652562,1367.1720014435
2022-07-08,1532.5334898809,1389.5655214833
2022-07-11,1515.2047070793,1404.8871920167
2022-07-12,1501.2216523583,1361.2792354784
2022-07-13,1494.2300557452,1371.4935684473
2022-07-14,1490.2840467612,1390.3511209639
2022-07-15,1518.4647005316,1386.8153245208
2022-07-18,1505.8967519457,1394.6726879677
2022-07-19,1546.7744410122,1392.3155473657
2022-07-20,1556.6826770490,1385.6369252998
2022-07-21,1572.4243304387,1380.1367024550
2022-07-22,1558.0980601943,1349.7681159102
2022-07-25,1559.6423915447,1371.4935684473
2022-07-26,1540.9407466493,1377.7793907729
2022-07-27,1581.3030584104,1360.1004085573
2022-07-28,1601.2916922660,1340.8501418404
2022-07-29,1624.7543098823,1333.3856636738
2022-08-01,1619.8646659664,1304.3136926482
2022-08-02,1609.3982545625,1332.5998931131
2022-08-03,1634.5340132292,1333.7787200342
2022-08-04,1633.2471627739,1298.0278703227
2022-08-05,1629.8583596215,1322.3854746041
2022-08-08,1628.4004554247,1318.4567928807
2022-08-09,1621.9663416534,1336.1356895562
2022-08-10,1655.9378917251,1304.7064923886
2022-08-11,1655.9378917251,1343.6001677228
2022-08-12,1684.2901532572,1334.2893939126
2022-08-15,1691.4962941986,1333.7787200342
2022-08-16,1694.4560086942,1345.1717088442
2022-08-17,1682.8743545968,1375.0295359705
2022-08-18,1688.0646929845,1399.7800255323
2022-08-19,1664.7735446250,1410.7801290619
2022-08-22,1629.6870288699,1424.1376298137
2022-08-23,1625.8264775041,1429.6376815785
2022-08-24,1630.7591964917,1433.1736491017
2022-08-25,1654.5220930647,1422.9589739726
2022-08-26,1597.8172929904,1430.8163374196
2022-08-29,1587.2652854632,1446.5308932334
2022-08-30,1570.0223757949,1445.3524940124
2022-08-31,1557.6689715375,1449.2810046558
2022-09-01,1562.4730193301,1455.5668269813
2022-09-02,1546.0880099653,1455.5668269813
2022-09-06,1540.8976715775,1468.5314424528
2022-09-07,1568.5213965264,1422.5662597723
2022-09-08,1578.7728480867,1438.6735297865
2022-09-09,1603.1360255630,1431.4056225701
2022-09-12,1620.7652258265,1431.9949932606
2022-09-13,1550.0772325261,1467.3527010717
2022-09-14,1555.8679903223,1458.5133382739
2022-09-15,1538.4957169338,1457.5311678431
2022-09-16,1526.3999320765,1441.8166120293
2022-09-19,1538.1097033487,1460.6742500859
2022-09-20,1520.7807820420,1465.7815021104
2022-09-21,1494.0155114168,1463.0315617680
2022-09-22,1481.4047647693,1473.6385233972
2022-09-23,1456.7839678929,1498.7821548594
2022-09-26,1442.6721034718,1534.5329190309
2022-09-27,1438.5974232927,1539.6398288953
2022-09-28,1466.8549473680,1490.5318205921
2022-09-29,1436.2666602467,1508.9966589084
2022-09-30,1414.3810611735,1507.0323180467
2022-10-03,1451.7761791661,1475.6030353390
2022-10-04,1495.8490413196,1446.9238640538
2022-10-05,1493.2639829947,1484.0889468025
2022-10-06,1477.5392272216,1519.9967624381
2022-10-07,1436.0510078778,1535.3186895916
2022-10-10,1425.3237914575,1547.1045636819
2022-10-11,1415.9319022614,1554.7653561787
2022-10-12,1411.5379679332,1549.0689045437
2022-10-13,1448.5020581982,1541.9971405774
2022-10-14,1415.8889656947,1569.1049418213
2022-10-17,1451.8623293096,1534.1399482105
2022-10-18,1468.9656258836,1516.8540223553
2022-10-19,1458.7986624061,1534.1399482105
2022-10-20,1446.8217148850,1536.1042890723
2022-10-21,1481.5889764910,1519.2109918774
2022-10-24,1499.6403401585,1514.4967106732
2022-10-25,1524.0248474131,1490.5318205921
2022-10-26,1512.6509508965,1461.0670498262
2022-10-27,1504.5514523577,1448.8880338355
2022-10-28,1539.6633145377,1466.9600724114
2022-10-31,1529.1946870529,1485.8175393880
2022-11-01,1523.0341207630,1479.5317170625
2022-11-02,1484.1737578058,1495.2462728763
2022-11-03,1468.3625748791,1519.6039626977
2022-11-04,1489.8606368116,1496.8176429177
2022-11-07,1504.1639152171,1496.4248431773
2022-11-08,1512.3498409094,1477.1744053804
2022-11-09,1481.4597512757,1470.8885830548
2022-11-10,1562.5401942812,1394.6726879677
2022-11-11,1577.4894602578,1379.7436460946
2022-11-14,1564.8230345787,1388.3868656422
2022-11-15,1577.7481876984,1371.1008542470
2022-11-16,1565.7712401773,1354.6004423325
2022-11-17,1561.2472496035,1372.6722242884
2022-11-18,1568.1406461334,1376.9937912922
2022-11-21,1562.6259289095,1381.3153582960
2022-11-22,1583.4349281991,1367.5650578039
2022-11-23,1593.3434412461,1329.8497816907
2022-11-25,1593.1711409591,1334.6428452469
2022-11-28,1567.9682073414,1350.2788753287
2022-11-29,1565.2109872345,1356.5647831942
2022-11-30,1613.3763967190,1336.5285748366
2022-12-01,1613.5923260980,1304.3136926482
2022-12-02,1611.2657182035,1301.5636667658
2022-12-05,1582.5728727440,1321.9925893238
2022-12-06,1559.6961315055,1317.2780514996
2022-12-07,1556.6807379783,1304.7457552546
2022-12-08,1568.9592110016,1306.2780335099
2022-12-09,1557.4994413516,1321.2068187631
2022-12-12,1579.7297795037,1323.5639593651
2022-12-13,1591.4049245125,1306.6707477103
2022-12-14,1581.7975214526,1305.0994632089
2022-12-15,1542.8946374439,1330.2427525110
2022-12-16,1524.4986732023,1340.4572565600
2022-12-19,1511.3585602390,1343.6001677228
2022-12-20,1513.6616222744,1346.9396498357
2022-12-21,1536.3013813657,1349.4931047680
2022-12-22,1514.7005486833,1360.4934649177
2022-12-23,1523.1846757565,1359.7078654370
2022-12-27,1517.1245256306,1351.4575311697
2022-12-28,1498.5106929394,1306.6192526224
2022-12-29,1525.0895357620,1296.4576123015
2022-12-30,1520.8906165497,1293.4937363862
2023-01-03,1515.0465343078,1301.5384324619
2023-01-04,1525.9554693587,1287.5661556357
2023-01-05,1509.2894332397,1304.0787997721
2023-01-06,1543.6169412997,1272.3236096144
2023-01-09,1542.4915877372,1264.7024221438
2023-01-10,1553.4866729316,1276.9810922498
2023-01-11,1573.3128403591,1252.8471751027
2023-01-12,1579.2001361778,1234.2175011811
2023-01-13,1585.3469904675,1240.1450819316
2023-01-17,1582.9228750151,1235.1489463842
2023-01-18,1557.2095502739,1228.7132579557
2023-01-19,1545.9977046702,1230.8302022008
2023-01-20,1574.4380554165,1236.3345309663
2023-01-23,1593.6149111517,1230.8302022008
2023-01-24,1591.9263960402,1229.9833560708
2023-01-25,1592.4894190841,1231.4653367984
2023-01-26,1609.5017178377,1241.8386886518
2023-01-27,1614.0902517666,1244.8024790270
2023-01-30,1593.9178217044,1256.6577260681
2023-01-31,1616.5577193008,1256.2343885430
2023-02-01,1634.2625433237,1252.4237520377
2023-02-02,1657.6816703530,1242.2621117168
2023-02-03,1639.9765693200,1245.6493251571
2023-02-06,1630.4964524046,1254.1173587578
2023-02-07,1651.5346775583,1248.1897780073
2023-02-08,1633.4401003139,1255.8109654780
2023-02-09,1619.4578766233,1256.6577260681
2023-02-10,1623.3970988596,1249.8833847275
2023-02-13,1642.1412648065,1259.6216019833
2023-02-14,1641.5353051960,1263.2205269561
2023-02-15,1647.0327092881,1265.9726057989
2023-02-16,1624.1333917259,1273.1704557445
2023-02-17,1619.9341955034,1275.2874855297
2023-02-21,1587.7711059198,1298.9979796117
2023-02-22,1585.7795417506,1289.2597623559
2023-02-23,1593.7449673972,1278.2513614449
2023-02-24,1576.6891780567,1281.6384893452
2023-02-27,1582.1436455821,1285.4492113905
2023-02-28,1576.1695070947,1278.2513614449
2023-03-01,1570.4122675215,1285.8725489156
2023-03-02,1582.1436455821,1288.8364248308
2023-03-03,1607.2072431158,1274.0172163345
2023-03-06,1609.1553166981,1288.8364248308
2023-03-07,1584.2645734717,1296.4576123015
2023-03-08,1586.7319025009,1298.1512190216
2023-03-09,1557.6857306490,1304.5021372972
2023-03-10,1535.3490206155,1274.8641480046
2023-03-13,1532.7512198256,1236.7577829513
2023-03-14,1558.2052631060,1254.5406962829
2023-03-15,1548.5950899450,1246.0726626821
2023-03-16,1575.0877826241,1252.4237520377
2023-03-17,1557.8587234612,1238.0280521465
2023-03-20,1571.9273743055,1238.4514752115
2023-03-21,1592.4894190841,1251.1534828426
2023-03-22,1566.0837075787,1251.1534828426
2023-03-23,1569.8063079109,1243.1089578469
2023-03-24,1580.2689796784,1235.0642617712
2023-03-27,1582.8770298422,1244.8024790270
2023-03-28,1580.0948788257,1246.4961712872
2023-03-29,1602.5673238120,1255.3875424129
2023-03-30,1612.1297127294,1263.4321529486
2023-03-31,1634.6453712925,1248.1897780073
2023-04-03,1641.1220061153,1238.4514752115
2023-04-04,1631.8634972860,1241.8386886518
2023-04-05,1627.9082084634,1239.2983213416
2023-04-06,1634.1237612597,1252.0003289727
2023-04-10,1635.9060442926,1248.6131155324
2023-04-11,1636.1233587221,1256.0226770105
2023-04-12,1629.6035103224,1261.7385462285
2023-04-13,1650.7280241247,1266.3960288639
2023-04-14,1647.3378359217,1261.7385462285
2023-04-17,1652.9449360165,1257.0812346731
2023-04-18,1654.0749987509,1259.3674626043
2023-04-19,1653.9880175770,1274.0172163345
2023-04-20,1644.6429430891,1282.0619124102
2023-04-21,1645.5993204859,1282.4853354753
2023-04-24,1647.7721877706,1288.4129162258
2023-04-25,1621.7358692438,1286.7192239656
2023-04-26,1614.5205869689,1304.0787997721
2023-04-27,1646.5551438625,1310.4298891277
2023-04-28,1660.6383377374,1304.9256459022
2023-05-01,1659.5082750031,1304.9256459022
2023-05-02,1640.9046916858,1313.3936795029
2023-05-03,1629.4727615516,1321.8616275637
2023-05-04,1617.5632659917,1319.3213457935
2023-05-05,1647.2508547479,1317.6277390733
2023-05-08,1648.1633260427,1311.6999872428
2023-05-09,1641.0351634465,1309.1596199326
2023-05-10,1648.2069551346,1309.5830429976
2023-05-11,1645.9033390791,1305.7724064923
2023-05-12,1643.6868427024,1312.1234958478
2023-05-15,1649.3805084558,1300.2681632668
2023-05-16,1638.4708808797,1302.8086161170
2023-05-17,1658.0305645836,1302.8086161170
2023-05-18,1674.2434121664,1300.2681632668
2023-05-19,1671.5920099207,1311.2765641777
2023-05-22,1672.5048967306,1313.8171025680
2023-05-23,1653.8143322395,1308.7362824075
2023-05-24,1641.4260247085,1305.7724064923
2023-05-25,1655.7266715180,1319.3213457935
2023-05-26,1677.2427391074,1318.0510765983
2023-05-30,1677.7640721301,1331.6000158995
2023-05-31,1668.6363120716,1323.5553198238
2023-06-01,1684.6319837301,1321.8616275637
2023-06-02,1709.3644156799,1307.8893507375
2023-06-05,1706.0609316407,1310.0063805226
2023-06-06,1709.5815916043,1306.1958295573
2023-06-07,1703.9746300146,1305.7724064923
2023-06-08,1714.1892392306,1309.5830429976
2023-06-09,1717.0580944109,1312.1234958478
2023-06-12,1732.8363131348,1320.1681063835
2023-06-13,1744.2682432690,1319.7446833185
2023-06-14,1745.6152049176,1321.8616275637
2023-06-15,1768.0006687301,1294.7640055813
2023-06-16,1761.4808203305,1285.4492113905
2023-06-20,1753.3525127405,1284.6022797205
2023-06-21,1743.7466332362,1270.6300028943
2023-06-22,1750.0925192882,1286.2958864406
2023-06-23,1736.9655643050,1271.4769345643
2023-06-26,1729.7936341119,1264.7024221438
2023-06-27,1748.9621795438,1280.7917287551
2023-06-28,1749.7445945929,1280.7917287551
2023-06-29,1756.4474081687,1289.6830998809
2023-06-30,1777.2625016807,1290.0218383329
2023-07-03,1780.6664018840,1300.2681632668
2023-07-05,1776.6951849801,1302.3851930520
2023-07-06,1762.2075563480,1318.2627881309
2023-07-07,1758.1057291784,1324.4021659539
2023-07-10,1762.8183636354,1321.0149525136
2023-07-11,1774.1205145342,1318.8979227284
2023-07-12,1788.0844555578,1314.6638631580
2023-07-13,1802.6597578890,1310.8532266527
2023-07-14,1801.2193053290,1318.0510765983
2023-07-17,1807.5032796220,1318.8979227284
2023-07-18,1821.2053075887,1309.5830429976
2023-07-19,1825.1327568955,1294.7640055813
2023-07-20,1813.2197987093,1294.3405825163
2023-07-21,1813.4378056640,1301.5384324619
2023-07-24,1821.1179108997,1284.1789421954
2023-07-25,1826.4855357564,1284.1365998889
2023-07-26,1826.9219651811,1298.5745565467
2023-07-27,1814.5288099732,1292.6469757962
2023-07-28,1832.2020548437,1291.8001296661
2023-07-31,1835.7364268077,1298.9979796117
2023-08-01,1830.0635368124,1311.2765641777
2023-08-02,1804.7104637162,1301.9617699869
2023-08-03,1799.6050289265,1312.5468333729
2023-08-04,1790.7902902897,1299.8448257418
2023-08-07,1806.9358244163,1297.3042873515
2023-08-08,1799.1248319048,1285.0257027855
2023-08-09,1787.1683831316,1283.7555191304
2023-08-10,1788.2153428337,1296.0341892364
2023-08-11,1786.5574373391,1310.4298891277
2023-08-14,1796.6374196428,1311.2765641777
2023-08-15,1776.0406100957,1319.9563948510
2023-08-16,1762.9056218194,1320.5914439085
2023-08-17,1748.6362771521,1327.3659563291
2023-08-18,1750.2511075749,1321.0149525136
2023-08-21,1761.8148945203,1330.7531697694
2023-08-22,1756.8838375934,1326.9425332641
2023-08-23,1775.8226031409,1310.4298891277
2023-08-24,1752.2146937232,1311.2765641777
2023-08-25,1763.8223867708,1329.9063236394
2023-08-28,1775.4296643032,1329.4829861143
2023-08-29,1800.6522656386,1327.3659563291
2023-08-30,1808.1575774963,1324.4021659539
2023-08-31,1805.8449586123,1318.0510765983
2023-09-01,1809.6851497352,1330.3297467044
2023-09-05,1801.7867605346,1352.7701426713
2023-09-06,1789.3499762348,1353.1933946563
2023-09-07,1784.0261189751,1353.6168177214
2023-09-08,1786.4700406502,1360.8146676670
2023-09-11,1798.2083439635,1364.6253041723
2023-09-12,1788.5645140744,1365.4721503024
2023-09-13,1790.6592645087,1361.6615137971
2023-09-14,1806.1505007611,1365.8954878274
2023-09-15,1783.6334571474,1363.3552060572
2023-09-18,1785.5971818008,1370.1295473978
2023-09-19,1782.0190422398,1373.0933377731
2023-09-20,1765.3495434945,1363.3552060572
2023-09-21,1736.4180538272,1374.3635214282
2023-09-22,1732.2286914635,1367.1657570226
2023-09-25,1739.4287381826,1372.0771224170
2023-09-26,1713.9012872237,1372.6699147080
2023-09-27,1714.2939490513,1383.2549780939
2023-09-28,1724.2942909490,1381.5614569138
2023-09-29,1720.1769512134,1379.0210040636
2023-10-02,1720.0452329071,1387.4890376643
2023-10-03,1696.9169664909,1390.4528280396
2023-10-04,1709.4008425091,1369.2827868077
2023-10-05,1707.9552652621,1346.4189677758
2023-10-06,1728.3240954906,1347.6892369709
2023-10-09,1739.8445303542,1344.7254465956
2023-10-10,1748.8243670152,1339.6445408952
2023-10-11,1756.2270466280,1326.9425332641
2023-10-12,1745.6707454442,1349.8061812161
2023-10-13,1736.4719322931,1349.8061812161
2023-10-16,1754.6503050951,1359.1209754069
2023-10-17,1754.6940726921,1374.3635214282
2023-10-18,1731.2152499846,1385.3720934191
2023-10-19,1716.5409165398,1392.9932808898
2023-10-20,1695.1646005497,1390.0295760545
2023-10-23,1692.1860493667,1370.9763935279
2023-10-24,1704.8455497932,1366.7423339575
2023-10-25,1680.7970557992,1386.6422770742
2023-10-26,1660.1656199886,1368.0126031526
2023-10-27,1652.8061539526,1372.2465771830
2023-10-30,1672.6931250988,1368.4359406777
2023-10-31,1682.8120273225,1369.7060387928
2023-11-01,1701.3409564158,1362.0848513221
2023-11-02,1733.6681744881,1350.6530273461
2023-11-03,1749.7004114808,1318.8979227284
2023-11-06,1753.0732865520,1336.2573274549
2023-11-07,1758.0231801663,1325.6722640690
2023-11-08,1759.4687574133,1315.0872006831
2023-11-09,1746.1963721235,1333.7169601447
2023-11-10,1773.4421167805,1339.2211178301
2023-11-13,1771.6461217473,1343.0317543355
2023-11-14,1805.6816611538,1303.6554622471
2023-11-15,1809.6242075115,1315.0872006831
2023-11-16,1812.1649442192,1299.8448257418
2023-11-17,1814.8365682028,1300.2681632668
2023-11-20,1828.5036928960,1307.0426756874
2023-11-21,1823.7291466798,1309.1596199326
2023-11-22,1831.6134083649,1310.0063805226
2023-11-24,1832.6211711367,1310.0063805226
2023-11-27,1829.4236434636,1306.6192526224
2023-11-28,1831.2192229817,1298.4051873206
2023-11-29,1830.0370823471,1289.6830998809
2023-11-30,1837.1328347606,1288.8364248308
2023-12-01,1847.9086664548,1258.3513327882
2023-12-04,1838.6224566147,1267.2427894540
2023-12-05,1838.0527853282,1249.8833847275
2023-12-06,1830.3870846182,1243.9556328970
2023-12-07,1844.7110002767,1232.5238944610
2023-12-08,1852.5520483849,1246.9195943522
2023-12-11,1859.7354744975,1260.8918711784
2023-12-12,1868.9783322557,1249.0365385974
2023-12-13,1894.4284973946,1230.8302022008
2023-12-14,1899.9914143772,1222.3622541401
2023-12-15,1897.1005368934,1216.0110792446
2023-12-18,1907.8324624855,1221.0919849450
2023-12-19,1919.4402940381,1224.9025359103
2023-12-20,1891.7344355923,1226.1727195654
2023-12-21,1910.1641950670,1217.7047715047
2023-12-22,1914.6067446690,1217.2813484397
2023-12-26,1922.5677381539,1216.0110792446
2023-12-27,1926.0864590468,1221.5153224700
2023-12-28,1926.3943557815,1215.5876561795
2023-12-29,1921.2480620009,1220.2451388149
2024-01-02,1908.9766527353,1213.4707119343
2024-01-03,1894.8134029392,1217.7047715047
2024-01-04,1888.8312311586,1214.7409811295
2024-01-05,1891.2507759443,1217.2813484397
2024-01-08,1918.3009514652,1220.6685618800
2024-01-09,1913.6387328477,1213.0473744093
2024-01-10,1926.2623604652,1218.5516176348
2024-01-11,1925.6025223887,1217.7047715047
2024-01-12,1926.4821679857,1223.2089291902
2024-01-16,1919.9288013630,1214.7409811295
2024-01-17,1909.2405048629,1207.5431311838
2024-01-18,1926.2180388480,1202.4623110234
2024-01-19,1949.7940921033,1212.6238658043
2024-01-22,1954.2365032003,1216.4345878496
2024-01-23,1960.0426350575,1205.4260158586
2024-01-24,1961.6699309351,1190.1836409173
2024-01-25,1972.7103072821,1198.6516745181
2024-01-26,1971.5229034555,1205.8495244637
2024-01-29,1985.8616391548,1221.5153224700
2024-01-30,1984.4542893026,1209.6601609690
2024-01-31,1952.1254091696,1207.9665542489
2024-02-01,1977.8124179506,1216.8579253746
2024-02-02,1998.1330484203,1215.5876561795
2024-02-05,1990.8317545069,1218.1281945698
2024-02-06,1997.0335953029,1215.5876561795
2024-02-07,2013.4397959409,1223.6324377952
2024-02-08,2014.8033781960,1230.8302022008
2024-02-09,2026.2396019869,1236.3345309663
2024-02-12,2025.3159117828,1239.2983213416
2024-02-13,1996.7700201854,1242.8971607744
2024-02-14,2015.7711130072,1243.3205838394
2024-02-15,2029.4065200431,1251.1534828426
2024-02-16,2019.0258432675,1252.4237520377
2024-02-20,2007.9418378286,1238.4514752115
2024-02-21,2009.9651196551,1232.9473175260
2024-02-22,2052.1904628955,1240.1450819316
2024-02-23,2053.1140145945,1243.9556328970
2024-02-26,2045.5926361505,1244.8024790270
2024-02-27,2049.3752091710,1240.5684194567
2024-02-28,2046.2085681250,1232.5238944610
2024-02-29,2053.7738526710,1236.7577829513
2024-03-01,2073.5669173907,1246.0726626821
2024-03-04,2071.1038820182,1242.2621117168
2024-03-05,2050.3430824873,1236.3345309663
2024-03-06,2061.2071419007,1232.9473175260
2024-03-07,2081.6160000898,1232.5238944610
2024-03-08,2068.9926494824,1228.2898348906
2024-03-11,2067.2771258855,1229.9833560708
2024-03-12,2089.4013691664,1234.6408387062
2024-03-13,2086.2344511102,1242.6854492419
2024-03-14,2081.6599061919,1250.7301453176
2024-03-15,2067.3211704926,1255.3452856465
2024-03-18,2080.2525563397,1263.8555760137
2024-03-19,2091.9085876511,1265.9726057989
2024-03-20,2110.1621686973,1261.7385462285
2024-03-21,2117.1996104831,1258.3513327882
2024-03-22,2114.4328335275,1261.3575510100
2024-03-25,2108.9613298804,1266.8194519289
2024-03-26,2103.0482721217,1261.3152087035
2024-03-27,2121.4046239178,1268.9363961741
2024-03-28,2121.1399407599,1265.5491827338
2024-04-01,2118.3601443293,1278.2513614449
2024-04-02,2104.5045142578,1285.4492113905
2024-04-03,2106.4020334955,1284.6022797205
2024-04-04,2080.4558817588,1285.0257027855
2024-04-05,2102.5628119080,1285.4492113905
2024-04-08,2103.4011829989,1285.8725489156
2024-04-09,2106.0048010011,1288.8364248308
2024-04-10,2085.6185191358,1299.4214882168
2024-04-11,2100.6655696804,1306.1958295573
2024-04-12,2072.0277107273,1307.4660132124
2024-04-15,2045.7285096083,1326.9425332641
2024-04-16,2042.0661589746,1324.4021659539
2024-04-17,2029.7547217484,1315.0872006831
2024-04-18,2025.1217276973,1321.0149525136
2024-04-19,2008.1772964201,1316.8654920162
2024-04-22,2025.6069109009,1306.6192526224
2024-04-23,2051.1562456584,1298.9979796117
2024-04-24,2049.6558204101,1304.5021372972
2024-04-25,2041.1836047715,1311.9541266218
2024-04-26,2061.6139312439,1317.2043160083
2024-04-29,2068.8064986900,1304.0787997721
2024-04-30,2036.1089181037,1318.4744141234
2024-05-01,2029.4904541057,1310.4298891277
2024-05-02,2048.4202168247,1279.3521758740
2024-05-03,2073.8367252356,1256.2343885430
2024-05-06,2094.7527889318,1251.1534828426
2024-05-07,2097.7530854082,1249.0365385974
2024-05-08,2097.8415901376,1263.0088154236
2024-05-09,2109.8877901856,1256.0226770105
2024-05-10,2112.4911311777,1260.0449395083
2024-05-13,2112.6234035041,1258.7747558532
2024-05-14,2122.6402275032,1255.3875424129
2024-05-15,2148.4981515206,1243.1089578469
2024-05-16,2144.3943852802,1243.5322953719
2024-05-17,2147.5714142053,1249.8833847275
2024-05-20,2149.6894334887,1243.1089578469
2024-05-21,2155.4702189210,1243.5322953719
2024-05-22,2149.2042502851,1232.5238944610
2024-05-23,2133.2303239202,1233.7939925761
2024-05-24,2147.7482851591,1238.0280521465
2024-05-28,2149.4689334430,1246.4961712872
2024-05-29,2134.3337936841,1267.2427894540
2024-05-30,2119.9924263888,1256.6577260681
2024-05-31,2138.4374214194,1253.2705126278
2024-06-03,2140.7760792536,1235.9111079013
2024-06-04,2143.3792817406,1224.0557753203
2024-06-05,2169.0167057123,1220.2451388149
2024-06-06,2168.5313840036,1218.1281945698
2024-06-07,2165.7074044608,1217.2813484397
2024-06-10,2172.8117441876,1226.1727195654
2024-06-11,2177.7537430139,1219.3982926848
2024-06-12,2195.8894562592,1213.4707119343
2024-06-13,2200.0371286017,1206.2728619887
2024-06-14,2201.8025140180,1206.2728619887
2024-06-17,2219.2765886211,1213.8941349994
2024-06-18,2225.1892308647,1208.8132292989
2024-06-20,2219.0116284531,1222.3622541401
2024-06-21,2214.1579958512,1221.5153224700
2024-06-24,2208.2004779702,1211.3537676892
2024-06-25,2217.3790693834,1220.2451388149
2024-06-26,2219.8499995440,1226.5961426305
2024-06-27,2223.2919886371,1225.4953282014
2024-06-28,2214.7189413193,1234.6408387062
2024-07-01,2219.8112181290,1241.4152655867
2024-07-02,2234.2031397689,1238.8748127365
2024-07-03,2244.2996041740,1238.4514752115
2024-07-05,2257.7172812651,1247.7662694023
2024-07-08,2259.8872399437,1252.8471751027
2024-07-09,2262.3670344278,1253.2705126278
2024-07-10,2284.1542949127,1261.7385462285
2024-07-11,2264.5815917337,1257.5045721981
2024-07-12,2278.5743418084,1259.8333135158
2024-07-15,2285.4828353892,1269.7832423042
2024-07-16,2298.4577118232,1269.7832423042
2024-07-17,2266.3525173521,1268.5129731091
2024-07-18,2249.3035147592,1266.3960288639
2024-07-19,2234.2916444983,1259.1981789183
2024-07-22,2257.4960886942,1251.1534828426
2024-07-23,2253.7320753509,1251.1534828426
2024-07-24,2202.1425439252,1250.3068077925
2024-07-25,2191.0276518592,1248.6131155324
2024-07-26,2215.6044041285,1258.3513327882
2024-07-29,2217.2429189155,1257.9279097232
2024-07-30,2205.6407660701,1255.3875424129
2024-07-31,2240.4026259790,1258.3513327882
2024-08-01,2209.8475800705,1260.4683625734
2024-08-02,2169.4617224503,1246.4961712872
2024-08-05,2104.3215490817,1231.6770483309
2024-08-06,2125.3115744767,1226.1727195654
2024-08-07,2110.5653569090,1220.2451388149
2024-08-08,2159.8079201973,1221.0919849450
2024-08-09,2169.0633819155,1225.7494675804
2024-08-12,2170.1703143058,1228.7132579557
2024-08-13,2206.2163930739,1238.0280521465
2024-08-14,2213.2571589810,1237.6047146214
2024-08-15,2251.2521423618,1240.1450819316
2024-08-16,2255.9905387589,1243.5322953719
2024-08-19,2277.6886019891,1246.4961712872
2024-08-20,2273.9251426660,1252.8471751027
2024-08-21,2281.8958315047,1257.9279097232
2024-08-22,2263.4299222110,1257.0812346731
2024-08-23,2287.9180312459,1254.9641193479
2024-08-26,2282.2943105446,1247.3428463372
2024-08-27,2285.3497320324,1243.1089578469
2024-08-28,2272.2866278791,1243.5322953719
2024-08-29,2272.6409238068,1235.0642617712
2024-08-30,2294.0290127265,1232.9473175260
2024-09-03,2247.6209553651,1239.2983213416
2024-09-04,2242.0412792710,1249.4598761224
2024-09-05,2236.5059247941,1254.9641193479
2024-09-06,2199.2642704012,1260.0449395083
2024-09-09,2224.0180321294,1259.6216019833
2024-09-10,2233.1844350979,1276.5576691848
2024-09-11,2256.0345833660,1271.9002720894
2024-09-12,2275.4306926013,1265.1257596688
2024-09-13,2287.5199677211,1267.2427894540
2024-09-16,2290.9735912387,1274.8641480046
2024-09-17,2292.0367560320,1264.7024221438
2024-09-18,2284.5970955698,1253.6940212328
2024-09-19,2324.4516478035,1251.7886174401
2024-09-20,2319.8906763804,1242.2621117168
2024-09-23,2325.6031788212,1239.2983213416
2024-09-24,2332.2899258107,1239.7217444066
2024-09-25,2327.5519449288,1228.2898348906
2024-09-26,2336.8065756166,1245.2259020921
2024-09-27,2333.7816252406,1245.6493251571
2024-09-30,2343.9537134050,1237.6047146214
2024-10-01,2322.0544023316,1234.6408387062
2024-10-02,2322.4541279170,1220.2451388149
2024-10-03,2318.0565924574,1196.1112216678
2024-10-04,2339.4229360837,1182.1389448416
2024-10-07,2318.3668437780,1170.2836978006
2024-10-08,2340.3110304889,1182.1389448416
2024-10-09,2356.3028240058,1176.2113640911
2024-10-10,2352.3496127590,1171.9773045208
2024-10-11,2366.3425013388,1178.3283083363
2024-10-14,2385.7093860078,1185.9495813470
2024-10-15,2367.5414010849,1199.0750975831
2024-10-16,2377.4918811632,1202.4623110234
2024-10-17,2377.8470081212,1197.3814908630
2024-10-18,2386.9974830085,1210.9302590841
2024-10-21,2383.3107554853,1194.8409524727
2024-10-22,2381.6672545164,1188.4900341972
2024-10-23,2359.9457839320,1183.4092140368
2024-10-24,2365.2760124242,1181.2921842516
2024-10-25,2364.3427653714,1181.7156073166
2024-10-28,2371.7170514482,1201.6153793533
2024-10-29,2375.4926992160,1196.1112216678
2024-10-30,2368.3408522557,1191.8772476375
2024-10-31,2321.7435969907,1192.5123822351
2024-11-01,2331.8270419207,1193.9942774227
2024-11-04,2326.7632971522,1185.1028207569
2024-11-05,2354.7482432815,1187.6431025271
2024-11-06,2413.3840808165,1182.1389448416
2024-11-07,2432.1739534311,1184.6793976919
2024-11-08,2442.9233306600,1187.8548995996
2024-11-11,2444.9225126072,1186.3730899520
2024-11-12,2437.5931021679,1188.0666111322
2024-11-13,2438.8368775514,1189.7603033923
2024-11-14,2423.3337298645,1205.4260158586
2024-11-15,2392.0617817973,1200.3453667782
2024-11-18,2401.9673862382,1184.2558890868
2024-11-19,2410.7181355401,1184.2558890868
2024-11-20,2411.6070609757,1181.7156073166
2024-11-21,2423.7783310873,1172.8241506509
2024-11-22,2431.9069156873,1178.7517314014
2024-11-25,2439.7252489668,1171.1305439307
2024-11-26,2453.4067781855,1175.7880265661
2024-11-27,2445.5887219162,1174.0943343060
2024-11-29,2458.4710769743,1164.7794545752
2024-12-02,2465.4002078080,1172.8241506509
2024-12-03,2465.9780508927,1177.4815477463
2024-12-04,2481.5252431867,1181.2498419451
2024-12-05,2477.3944684609,1172.1890160533
2024-12-06,2482.3249713676,1184.6793976919
2024-12-09,2469.3985717024,1177.9049708113
2024-12-10,2462.3799666039,1181.2921842516
2024-12-11,2481.0365973568,1182.7740794392
2024-12-12,2468.2434395534,1183.4092140368
2024-12-13,2468.0658760743,1188.9133717222
2024-12-16,2477.7493184088,1192.3005851625
2024-12-17,2467.3550681380,1199.1308696717
2024-12-18,2394.9047365325,1214.4989028923
2024-12-19,2394.0158110970,1220.4753269903
2024-12-20,2421.1126628210,1203.8266742330
2024-12-23,2438.4432461884,1213.6451280211
2024-12-24,2463.5323286519,1211.5105625333
2024-12-26,2463.4880070347,1212.7912676100
2024-12-27,2437.9532153079,1213.2181978156
2024-12-30,2410.8139810373,1195.7157701871
2024-12-31,2401.0995135708,1199.5577998773
2025-01-02,2395.0836850621,1207.6687039231
2025-01-03,2426.0104785351,1215.3525922234
2025-01-06,2440.1368859868,1202.5459691563
2025-01-07,2412.6860153451,1208.5223932543
2025-01-08,2415.9389450397,1218.7676917080
2025-01-10,2379.1744405573,1214.4989028923
2025-01-13,2382.2498067729,1205.5342239753
2025-01-14,2385.2800203409,1203.3997440274
2025-01-15,2428.9071732312,1184.1897666567
2025-01-16,2425.2971775078,1182.4822169144
2025-01-17,2448.5593783111,1190.5930354202
2025-01-21,2470.8409633332,1173.5175379974
2025-01-22,2484.8778965201,1176.5057072764
2025-01-23,2498.6480689733,1177.7864123531
2025-01-24,2491.1167181655,1171.8099882551
2025-01-27,2456.4469641174,1169.2485781016
2025-01-28,2477.0349093411,1175.2250877396
2025-01-29,2466.1611545739,1173.9443826629
2025-01-30,2479.0401855107,1168.8217334361
2025-01-31,2465.8051965855,1173.5175379974
2025-02-03,2449.6289143369,1176.9326374819
2025-02-04,2465.8941168300,1156.4419550345
2025-02-05,2476.0096949325,1150.8923756020
2025-02-06,2484.9224951474,1147.4772761175
2025-02-07,2460.7694298378,1150.4655309365
2025-02-10,2478.3723141410,1156.8688852401
2025-02-11,2480.6000294271,1159.4302098535
2025-02-12,2472.4005302395,1168.3948887705
2025-02-13,2498.5142730913,1153.4537857555
2025-02-14,2498.6034703460,1144.9159515040
2025-02-18,2505.8226307625,1159.4302098535
2025-02-19,2511.8830578985,1172.6637631262
2025-02-20,2501.3214935226,1156.4419550345
2025-02-21,2458.7638766581,1151.7461504732
2025-02-24,2447.1333302767,1159.2167875207
2025-02-25,2434.9676003672,1148.3310509886
2025-02-26,2436.4825686461,1147.9042063230
2025-02-27,2397.3559989755,1162.4183791325
2025-02-28,2434.6110883586,1158.1495047768
2025-03-03,2392.6770212465,1160.7109149302
2025-03-04,2363.8452552180,1166.6873390282
2025-03-05,2390.3601087058,1175.0116654069
2025-03-06,2346.9999935593,1161.1377595958
2025-03-07,2359.6560313594,1167.9679585649
2025-03-10,2297.2678149056,1166.6873390282
2025-03-11,2278.4175540875,1170.1024385128
2025-03-12,2289.4695648590,1163.2721540036
2025-03-13,2259.5672932693,1167.9679585649
2025-03-14,2305.9578989940,1166.6873390282
2025-03-17,2323.5599522669,1162.4183791325
2025-03-18,2299.0500979385,1162.4183791325
2025-03-19,2323.2035787633,1168.3948887705
2025-03-20,2317.8558986344,1167.1141836938
2025-03-21,2318.4354037797,1167.5411138994
2025-03-24,2359.1214018516,1167.1141836938
2025-03-25,2364.7363967344,1169.6755083072
2025-03-26,2337.1520072208,1169.0778402354
2025-03-27,2330.7214945809,1169.6755083072
2025-03-28,2284.1705000040,1171.3831435895
2025-03-31,2298.0775154504,1164.5528590803
2025-04-01,2306.5290938360,1159.8570545191
2025-04-02,2320.4363862925,1160.7109149302
2025-04-03,2209.7604603917,1147.9042063230
2025-04-04,2081.6895462734,1147.0504314519
2025-04-07,2072.9248079610,1143.6353319673
2025-04-08,2042.4276571651,1140.2201469427
2025-04-09,2231.8510469445,1152.6000108843
2025-04-10,2155.6523530668,1132.5362586425
2025-04-11,2193.6172808509,1131.6823982313
2025-04-14,2215.6631302714,1131.6823982313
2025-04-15,2209.4473004649,1127.8404540812
2025-04-16,2160.8843814758,1122.2908746487
2025-04-17,2163.8803842955,1119.7295500353
2025-04-21,2112.3209084665,1120.5833249064
2025-04-22,2165.6244399335,1119.7295500353
2025-04-23,2200.4145548734,1120.5833249064
2025-04-24,2246.6525280287,1114.6069008084
2025-04-25,2263.1979262458,1112.4724208606
2025-04-28,2264.5842233297,1123.5714941854
2025-04-29,2278.3122902466,1128.2672987467
2025-04-30,2279.4304415463,1123.5714941854
2025-05-01,2295.5733440769,1118.4489304986
2025-05-02,2328.4857460018,1127.4135238756
2025-05-05,2316.3222321731,1129.5479182834
2025-05-06,2296.6018826068,1129.5479182834
2025-05-07,2306.9763266549,1129.1211591579
2025-05-08,2322.3593904601,1122.7177193143
2025-05-09,2319.2739133756,1123.1446495199
2025-05-12,2396.5008687730,1112.8992655261
2025-05-13,2412.2411371122,1112.0454906550
2025-05-14,2415.2372784369,1112.4724208606
2025-05-15,2427.0877708439,1112.0454906550
2025-05-16,2442.7382879081,1109.9110962471
2025-05-19,2445.2430133018,1116.3143650107
2025-05-20,2436.5673337391,1122.2908746487
2025-05-21,2395.8302273023,1128.6942289523
2025-05-22,2396.9482400970,1129.5479182834
2025-05-23,2380.7603234238,1135.0974977159
2025-05-27,2429.6814164822,1127.4135238756
2025-05-28,2415.8187226530,1126.9865936700
2025-05-29,2425.1201680490,1128.2672987467
2025-05-30,2422.6159966754,1129.5479182834
2025-06-02,2436.7016836413,1140.6470771483
2025-06-03,2450.5197788432,1134.2437228447
2025-06-04,2448.9543947246,1132.5362586425
2025-06-05,2437.5069520244,1137.6588223293
2025-06-06,2462.4143158573,1131.2555535657
2025-06-09,2465.0528371330,1130.4016931546
2025-06-10,2479.0939254715,1126.1328187989
2025-06-11,2472.2523298318,1118.8756896241
2025-06-12,2481.5983738552,1124.4253545966
2025-06-13,2453.9627374717,1113.3261957317
2025-06-16,2477.6631682653,1110.3380264527
2025-06-17,2456.5563831100,1094.9699932321
2025-06-18,2456.0644131587,1084.7246092384
2025-06-20,2449.2674161463,1082.5902148305
2025-06-23,2474.4883554211,1102.2270368668
2025-06-24,2501.6763434706,1108.2034609648
2025-06-25,2502.9284291573,1112.8992655261
2025-06-26,2522.7382529885,1121.4370997776
2025-06-27,2535.2593868662,1118.0220002930
2025-06-30,2547.9309372323,1125.8767119995
2025-07-01,2546.7647246789,1127.4135238756
2025-07-02,2558.0681221232,1134.2437228447
2025-07-03,2580.1821160301,1124.4253545966
2025-07-07,2559.5033114911,1123.5714941854
2025-07-08,2557.7991453086,1139.3664576116
2025-07-09,2572.9604625227,1137.6588223293
2025-07-10,2580.4956914720,1139.7933022772
2025-07-11,2571.2108666825,1148.3310509886
2025-07-14,2576.2798746431,1138.7260195332
2025-07-15,2565.1102730809,1144.0621766329
2025-07-16,2573.5432917893,1136.8050474582
2025-07-17,2588.9735858179,1143.6353319673
2025-07-18,2587.8070962544,1140.6470771483
2025-07-21,2592.4279018608,1146.6235867863
2025-07-22,2592.4279018608,1148.3310509886
2025-07-23,2614.4515904726,1164.1260144148
2025-07-24,2616.2457849401,1156.4419550345
2025-07-25,2626.6525006658,1154.7344052922
2025-07-28,2626.0247957617,1145.3428817096
2025-07-29,2619.2061919610,1141.5008520195
2025-07-30,2616.0216837630,1122.2908746487
2025-07-31,2606.1983513241,1116.3143650107
2025-08-01,2563.2712029759,1112.2163140612
2025-08-04,2602.2512342996,1118.0220002930
2025-08-05,2589.7359176342,1118.6622672914
2025-08-06,2608.9795328053,1118.0220002930
2025-08-07,2607.4091625048,1123.5714941854
2025-08-08,2627.3702338548,1126.9865936700
2025-08-11,2621.9873734422,1118.0220002930
2025-08-12,2649.9775827635,1132.5362586425
2025-08-13,2659.2178089257,1124.8521992622
2025-08-14,2659.2624075530,1133.6887392395
2025-08-15,2653.5210960611,1138.9395274060
2025-08-18,2652.5792616949,1141.9277822250
2025-08-19,2638.0908020325,1144.9159515040
2025-08-20,2631.1381253396,1141.5008520195
2025-08-21,2620.7765622615,1142.7815570962
2025-08-22,2660.8770994708,1146.6235867863
2025-08-25,2649.6185776640,1144.0621766329
2025-08-26,2660.2042419192,1143.6353319673
2025-08-27,2666.3048355208,1145.3428817096
2025-08-28,2675.7245642328,1137.2319776637
2025-08-29,2660.2939931941,1141.0739218139
2025-09-02,2640.6922039538,1150.0386862709
2025-09-03,2654.1936766026,1150.4655309365
2025-09-04,2676.0386936949,1145.5136195758
2025-09-05,2668.7272889126,1146.1966565808
2025-09-08,2675.6348129579,1148.3310509886
2025-09-09,2682.1390102865,1147.4772761175
2025-09-10,2689.8986174230,1145.3428817096
2025-09-11,2711.8333857903,1144.7025291713
2025-09-12,2711.2500025035,1150.4655309365
2025-09-15,2725.3797340765,1151.7461504732
2025-09-16,2721.7910681314,1153.8379459545
2025-09-17,2718.6514355709,1153.4537857555
2025-09-18,2731.4348980205,1154.7344052922
2025-09-19,2744.1743158630,1153.8806304210
2025-09-22,2757.5408845894,1162.4183791325
2025-09-23,2743.0975775744,1163.6990842092
2025-09-24,2733.9468256770,1149.6117560653
2025-09-25,2720.8938323926,1146.6235867863
2025-09-26,2736.9072326979,1152.1730806788
2025-09-29,2744.5998033884,1150.4655309365
2025-09-30,2754.7211987032,1149.6117560653
2025-10-01,2764.5725091629,1144.9159515040
2025-10-02,2767.6315317821,1137.6588223293
2025-10-03,2767.8561869795,1140.6470771483
2025-10-06,2777.3030626820,1146.6235867863
2025-10-07,2767.4065995747,1146.6235867863
2025-10-08,2783.4659835579,1147.0504314519
2025-10-09,2775.9534694373,1148.3310509886
2025-10-10,2701.3252843652,1152.6000108843
2025-10-13,2742.2607300391,1159.8570545191
2025-10-14,2738.3917298650,1157.7226601112
2025-10-15,2750.4477637719,1159.4302098535
2025-10-16,2732.2742386468,1162.2049567997
2025-10-17,2747.4336167901,1160.0704768518
2025-10-20,2776.2681529197,1156.0151103689
2025-10-21,2775.9085937999,1149.1848258598
2025-10-22,2761.8735996837,1146.6235867863
2025-10-23,2777.4828422419,1146.1966565808
2025-10-24,2800.4696949982,1150.4655309365
2025-10-27,2833.9826548365,1153.4537857555
2025-10-28,2841.5849202319,1148.7579811942
2025-10-29,2842.7544569066,1145.3428817096
2025-10-30,2812.5703275324,1142.3546268906
2025-10-31,2820.6670559700,1140.2201469427
2025-11-03,2826.2006098812,1129.1211591579
2025-11-04,2793.4521979401,1124.2118467238
2025-11-05,2801.8641638803,1123.9129699179
2025-11-06,2772.0847462734,1131.0848156995
2025-11-07,2775.0085879600,1133.3899479736
2025-11-10,2818.1030504132,1137.3173465969
2025-11-11,2824.5806547714,1144.0621766329
2025-11-12,2825.9754006637,1140.6470771483
2025-11-13,2779.9568195137,1137.2319776637
2025-11-14,2779.2374242640,1135.0974977159
2025-11-17,2753.1915488885,1132.9631033080
2025-11-18,2730.5196566247,1136.8050474582
2025-11-19,2740.4161197320,1129.7614261562
2025-11-20,2698.8510300833,1128.9930202182
2025-11-21,2725.7063289935,1126.9439947435
2025-11-24,2766.2370629000,1126.9865936700
2025-11-25,2791.9674237629,1132.9631033080
2025-11-26,2811.2658869352,1138.2992604077
2025-11-28,2826.8302538560,1140.2201469427
2025-12-01,2813.8298924920,1136.3782027926
2025-12-02,2818.5980674757,1133.8168781792
2025-12-03,2828.4496549455,1139.1529497388
2025-12-04,2830.8338809424,1135.5244279215
2025-12-05,2836.1419486260,1131.2555535657
2025-12-08,2827.7297056756,1137.6588223293
2025-12-09,2825.4355079638,1141.0739218139
2025-12-10,2843.6987843637,1142.7815570962
2025-12-11,2850.6716827945,1153.0268555499
2025-12-12,2819.9025080728,1149.3982481925
2025-12-15,2815.8094067216,1151.3193058076
2025-12-16,2807.9370564711,1151.9596583460
2025-12-17,2777.0781304746,1152.6000108843
2025-12-18,2798.0403163537,1160.2839847246
2025-12-19,2823.0064063294,1155.5881801633
2025-12-22,2840.7846380308,1165.5891763395
2025-12-23,2854.0476049769,1164.0195170984
2025-12-24,2863.5659492872,1161.8668171278
2025-12-26,2863.8368651725,1162.8983441462
2025-12-29,2853.7318134541,1156.1712208929
2025-12-30,2849.7619816008,1164.6922037618
2025-12-31,2829.0560300713,1163.7953167240
2026-01-02,2834.3339036531,1170.5224399773
2026-01-05,2853.1005074187,1180.3888817128
2026-01-06,2870.0169606751,1186.2191179284
2026-01-07,2860.8141308774,1170.5224399773
2026-01-08,2860.3180057745,1175.4556180751
2026-01-09,2879.4901523378,1181.5997861388
2026-01-12,2884.1367198842,1188.9099501217
2026-01-13,2878.2272632569,1188.9099501217
2026-01-14,2864.2878376278,1196.0855596639
2026-01-15,2871.8662801540,1192.0492686039
2026-01-16,2869.4756829246,1183.9766864839
2026-01-20,2811.1018969515,1184.4251727728
2026-01-21,2843.3109702129,1175.4556180751
2026-01-22,2858.1074651152,1182.1828268684
2026-01-23,2859.2806029212,1180.3888817128
2026-01-26,2873.9867925283,1182.1828268684
2026-01-27,2885.7605531355,1192.4977548928
2026-01-28,2885.3095806801,1196.9825322417
2026-01-29,2879.3098187577,1192.0492686039
2026-01-30,2870.0618363125,1164.2437174729
2026-02-02,2885.6702478404,1184.8736590617
2026-02-03,2860.7241025924,1196.0855596639
2026-02-04,2846.1079412703,1193.8432137595
2026-02-05,2810.8758567036,1175.0072173262
2026-02-06,2865.6410320039,1194.1122371008
2026-02-09,2879.1292081675,1205.9520013994
2026-02-10,2871.0546405385,1203.7096554950
2026-02-11,2870.6482667105,1201.9157103394
2026-02-12,2826.1690307289,1185.7706316395
2026-02-13,2827.9734745704,1189.8069226995
2026-02-17,2832.9352796193,1189.8069226995
2026-02-18,2847.1907737812,1196.5340459528
2026-02-19,2839.8826931202,1196.5340459528
2026-02-20,2860.1376721944,1195.6370733750
2026-02-23,2831.3117233782,1200.5703370128
2026-02-24,2851.9725222602,1204.1581417839
2026-02-25,2875.9715699499,1204.6066280728
2026-02-26,2859.8218806717,1209.5398061705
2026-02-27,2846.6943716683,1213.5760972305
2026-03-02,2847.7772041792,1222.0971656394
2026-03-03,2822.6950469684,1212.0064379894
2026-03-04,2842.8148451101,1227.0304292772
2026-03-05,2827.6122533900,1223.4426245061
2026-03-06,2789.8092380139,1232.4120936638
2026-03-09,2814.0337719313,1229.2727751816
2026-03-10,2809.1617181572,1239.1392169171
2026-03-11,2806.0492325872,1248.1087716149
2026-03-12,2763.0583719143,1257.9752133504
2026-03-13,2747.6757236242,1250.3511175193
2026-03-16,2775.1933537018,1252.5935489638
2026-03-17,2782.8621015231,1266.0477954704
2026-03-18,2744.4723787389,1263.3569632771
2026-03-19,2737.1194224404,1248.5572579038
2026-03-20,2697.3765052801,1254.3874085793
2026-03-23,2726.6537035618,1226.5819429883
2026-03-24,2717.4057211166,1233.7575525305
2026-03-25,2732.2019390087,1232.4120936638
2026-03-26,2683.7528711739,1244.0724805549
2026-03-27,2638.1013284166,1258.8721859282
2026-03-30,2628.9145652052,1268.2902269149
2026-03-31,2704.1261335641,1264.7024221438
2026-04-01,2725.6215639005,1255.2843811571
2026-04-02,2728.7440218344,1270.9810591082
2026-04-06,2740.8718013592,1277.7081823615
2026-04-07,2742.5463274601,1279.5021275171
2026-04-08,2811.7844498568,1249.4542304816
2026-04-09,2828.4377435109,1259.3206722171
2026-04-10,2826.5369001519,1261.1146173727
2026-04-13,2854.2320937086,1274.1203775904
2026-04-14,2888.7605726017,1264.7024221438
2026-04-15,2911.8399467340,1269.1871139526
2026-04-16,2918.2205975545,1278.6051549393
2026-04-17,2954.0615503379,1250.3511175193
2026-04-20,2948.4498795763,1260.2176447949
2026-04-21,2929.0361801991,1281.7444734215
2026-04-22,2959.1300042782,1284.2111052404
2026-04-23,2947.1828353437,1298.3381239503
2026-04-24,2970.5336793815,1294.3018328904
2026-04-27,2975.4212457216,1309.9984253014
2026-04-28,2960.7591007216,1321.6588121925
2026-04-29,2960.6685184163,1342.7372400702
2026-04-30,2989.3592863000,1329.2829080236
2026-05-01,2998.1385676430,1315.3801752281
2026-05-04,2987.2775553408,1321.2103259036
2026-05-05,3010.7189816837,1323.4527573481
2026-05-06,3053.0760432303,1302.3744150103
2026-05-07,3043.4823521707,1308.6530519748
2026-05-08,3068.3717103466,1308.6530519748
2026-05-11,3075.0695377404,1324.3497299258
2026-05-12,3071.2226983749,1353.0521680947
2026-05-13,3088.1477389446,1340.0463223369
2026-05-14,3112.2224103938,1328.8344217347
2026-05-15,3074.7074855296,1338.2524627214
2026-05-18,3072.3088550072,1341.3917812036
2026-05-19,3052.7596976873,1342.7372400702
2026-05-20,3084.3466062469,1319.4164662881
2026-05-21,3090.0937349511,1309.1015382636
2026-05-22,3102.3572494286,1310.2227112159
2026-05-26,3122.5404828850,1295.6472062170
2026-05-27,3122.3141656270,1282.6414459993
2026-05-28,3140.1890738560,1279.9506138059
2026-05-29,3147.3392587556,1267.8417406260
2026-06-01,3155.5301706299,1280.3990145548
2026-06-02,3159.8747971589,1287.1262233481
2026-06-03,3137.7004150485,1289.3685692526
2026-06-04,3149.9187768784,1277.2596960726
2026-06-05,3068.1908227462,1272.7749187237
2026-06-08,3075.7933651518,1278.1566686504
2026-06-09,3066.8334732186,1270.9810591082
2026-06-10,3018.6381466424,1279.0536412282
2026-06-11,3069.2315497208,1267.3932543371
2026-06-12,3086.0660079853,1260.6661310838
2026-06-15,3139.8272986553,1255.7328674460
2026-06-16,3121.3637439475,1244.2967664694
2026-06-17,3083.6222248153,1245.4179394216
2026-06-18,3113.9420891423,1247.6602853260
2026-06-22,3104.8461852462,1254.8358948682
2026-06-23,3060.6788626459,1244.9694531327
2026-06-24,3057.7372923124,1228.8242888927
2026-06-25,3057.8278746176,1237.3453573016
2026-06-26,3041.9975779935,1222.9941382172
2026-06-29,3090.7868142406,1226.5819429883
2026-06-30,3117.1102537439,1234.2060388194
2026-07-01,3110.9833441821,1235.1030113972
2026-07-02,3108.1694755082,1230.1697477594
2026-07-06,3134.4020556962,1235.5514121460
2026-07-07,3118.3357464604,1244.9694531327
2026-07-08,3110.0755820592,1263.1327629026
2026-07-09,3134.7197862897,1260.2176447949
2026-07-10,3149.1068602528,1260.2176447949
2026-07-13,3124.7803866158,1286.6777370593
2026-07-14,3136.5804631831,1292.0594014459
2026-07-15,3148.8345593169,1292.9563740237
2026-07-16,3132.2236482094,1298.7865246992
2026-07-17,3100.5899249416,1299.9077831914
2026-07-20,3096.2331099678,1311.7923704570
2026-07-21,3121.9210882842,1320.3134388658
2026-07-22,3118.1088751822,1321.2103259036
2026-07-23,3079.8942227860,1339.1494352991
2026-07-24,3082.2997785612,1328.3860209858
2026-07-27,3083.0712517111,1315.8286615170
2026-07-28,3090.5599429624,1310.8953978792
2026-07-29,3043.6768132663,1325.2466169636
2026-07-30,3094.3267264067,1311.3438841681
2026-07-31,3116.3842102517,1314.4832026503
2026-08-03,3160.6349128944,1287.5746240970
2026-08-04,3217.7294661902,1271.4295453971
2026-08-05,3211.4662676554,1272.7749187237
2026-08-06,3206.0202489382,1283.0899322882
2026-08-07,3225.5813176927,1265.1508228926
2026-08-10,3225.3090167568,1291.6109151570
2026-08-11,3215.1878984522,1292.9563740237
2026-08-12,3223.1303322598,1296.0956925059
2026-08-13,3244.8246558536,1291.6109151570
2026-08-14,3238.7428989393,1306.8591068192
2026-08-17,3223.5843518263,1320.7619251547
2026-08-18,3201.4817153338,1316.7256340947
2026-08-19,3208.3346683879,1301.0289561437
2026-08-20,3181.5574863282,1311.3438841681
2026-08-21,3193.8115824620,1316.2771478059
2026-08-24,3185.2791171250,1305.0652472037
2026-08-25,3195.2185167990,1292.5078877348
2026-08-26,3196.0354196065,1305.9622197814
